9783608942286
9783525516805
9783421046161
9783937715391
9783406384936
9783727210501
9783662553039
9783662610732
9783662549926
9783447112864
9783447108478
9783410281467
9783410274155
9783406346873
9783319998039
9783319664866
9783318066500
9783161592652
9783161591341
9783161590832
9783110571868
9783110635874
9783030439606
9783030438647
9783030431945
9783030434649
9783030430849
9783030430313
9783030429652
9783030428549
9783030426668
9783030426705
9783030423810
9783030421915
9783030421878
9783030418731
9783030418571
9783030416539
9783030413750
9783030405588
9783030403560
9783030403935
9783030403157
9783030403041
9783030398743
9783030396909
9783030394554
9783030392154
9783030393823
9783030391614
9783030391560
9783030389567
9783030379353
9783030376383
9783030375652
9783030374679
9783030372415
9783030368401
9783030366056
9783030361334
9783030361143
9783030359058
9783030357269
9783030357221
9783030356903
9783030354725
9783030354527
9783030352127
9783030349400
9783030344740
9783030341220
9783030341152
9783030340247
9783030339616
9783030338527
9783030338312
9783030327255
9783030326364
9783030325336
9783030324810
9783030323974
9783030317751
9783030310806
9783030310400
9783030307653
9783030306786
9783030296032
9783030288280
9783030251529
9783030225483
9783030223038
9783030212698
9783030210007
9783030210830
9783030200077
9783030190729
9783030110444
9783030014117
9782957000609
9782851173140
9782807914018
9782807206038
9782807206021
9782802765189
9782503552545
9782503518206
9781978708556
9781978515932
9781977125903
9781977125774
9781977125682
9781977125651
9781977122834
9781977114310
9781975502836
9781975502799
9781975501921
9781975501723
9781975501570
9781975112448
9781945552069
9781912554508
9781912554027
9781912268597
9781897534274
9781897534250
9781897534236
9781848639089
9781845417567
9781844645831
9781840645040
9781839530319
9781799815730
9781799809579
9781789907933
9781789906219
9781789903706
9781789208771
9781789207880
9781789207866
9781789207514
9781789207354
9781789207323
9781789207149
9781789207125
9781789206821
9781789206746
9781789206692
9781789206678
9781789206630
9781789206555
9781789206531
9781789206340
9781789206326
9781789204483
9781789202885
9781788974417
9781788928335
9781788927635
9781786610232
9781786305022
9781785619984
9781785619007
9781785619199
9781785617973
9781785617683
9781785617430
9781785616952
9781785616648
9781785616440
9781785616365
9781785616013
9781785612565
9781785272943
9781785272110
9781785271311
9781784733131
9781783324262
9781771888301
9781771888240
9781771888127
9781771888103
9781771887557
9781725341777
9781714309863
9781714414840
9781714256631
9781703706512
9781703144451
9781714245444
9781684481729
9781683670124
9781661776831
9781660329755
9781659847314
9781659827002
9781658084222
9781657620780
9781657351219
9781647863739
9781646191567
9781644933350
9781644933282
9781641053839
9781641052696
9781640980105
9781634258586
9781630916022
9781630911843
9781626167551
9781626167421
9781612057934
9781575067384
9781544324814
9781543822908
9781543987683
9781538131374
9781543810042
9781538102534
9781535991810
9781535990615
9781534533899
9781534532236
9781534532151
9781531007386
9781526515124
9781522592501
9781515861539
9781509936618
9781498778879
9781498776646
9781498771658
9781498764988
9781498764285
9781498732246
9781498704816
9781496685582
9781496685537
9781496681898
9781487506117
9781482264104
9781482262575
9781482263510
9781482238686
9781477320983
9781474466714
9781474466639
9781474446846
9781474445481
9781473902503
9781472978660
9781472479112
9781472414403
9781472414779
9781472410764
9781466586901
9781466510494
9781447347712
9781421438238
9781412975865
9781409443162
9781319269630
9781315891774
9781302915155
9781284180015
9781284168921
9781259585722
9781138942196
9781138934757
9781138903746
9781138829350
9781138787483
9781138799097
9781138748484
9781138740945
9781138705401
9781138695511
9781138694149
9781138693951
9781138680678
9781138667075
9781138632462
9781138615700
9781138600775
9781138595415
9781138589568
9781138589100
9781138577244
9781138570320
9781138555716
9781138544352
9781138488892
9781138488533
9781138486973
9781138482784
9781138417212
9781138367241
9781138363649
9781138350557
9781138341715
9781138338272
9781138335820
9781138332393
9781138324886
9781138320130
9781138316812
9781138316782
9781138316522
9781138316096
9781138314603
9781138314528
9781138308800
9781138299733
9781138292338
9781138210066
9781138185432
9781138100763
9781138055117
9781138048164
9781138048096
9781138038363
9781119632436
9781119602293
9781119586388
9781119579953
9781119568827
9781119563778
9781119529231
9781119524816
9781119517993
9781119481966
9781119472445
9781119460923
9781119284840
9781119118688
9781118849002
9781118646854
9781118644768
9781118638514
9781118349946
9781108785495
9781108425841
9781108423083
9781107140875
9781107087736
9781071819081
9781071606308
9781071601860
9780976273912
9780935112665
9780876615546
9780830852659
9780822945772
9780815398936
9780815397823
9780815397724
9780815397618
9780815396970
9780815394969
9780815392507
9780815377559
9780815377542
9780815377528
9780815377511
9780815366713
9780815368212
9780815356790
9780754661917
9780750312226
9780691197302
9780674248564
9780674014633
9780567692948
9780520339996
9780470878156
9780470674208
9780444642172
9780415839754
9780415529716
9780415519113
9780415467148
9780414035560
9780393697407
9780393422108
9780393418781
9780367900373
9780367898946
9780367896966
9780367896492
9780367896409
9780367895464
9780367895235
9780367893361
9780367894702
9780367862381
9780367862053
9780367820343
9780367858667
9780367819170
9780367819125
9780367491543
9780367481629
9780367474102
9780367471460
9780367470814
9780367468101
9780367464486
9780367461768
9780367461744
9780367461188
9780367459635
9780367458614
9780367457969
9780367456559
9780367440770
9780367443207
9780367439811
9780367436285
9780367435028
9780367425975
9780367419424
9780367419363
9780367416973
9780367416744
9780367409296
9780367373474
9780367373405
9780367370770
9780367367787
9780367367749
9780367366018
9780367361198
9780367363307
9780367360252
9780367357221
9780367356187
9780367342449
9780367335946
9780367330477
9780367296322
9780367296049
9780367296100
9780367296032
9780367293277
9780367292836
9780367292287
9780367292096
9780367288150
9780367289461
9780367287078
9780367286774
9780367287047
9780367284183
9780367283537
9780367282929
9780367265656
9780367265458
9780367263638
9780367245610
9780367244927
9780367243975
9780367236137
9780367236106
9780367225940
9780367203047
9780367202538
9780367201395
9780367195168
9780367195090
9780367191535
9780367189020
9780367188146
9780367184780
9780367181543
9780367179717
9780367141547
9780367135409
9780367133979
9780367077754
9780367077235
9780367028688
9780367010171
9780367002237
9780357461716
9780357433836
9780357422083
9780357377901
9780357365298
9780357142202
9780357137468
9780357122914
9780357034071
9780323673716
9780323661621
9780268106652
9780231941143
9780231937702
9780231925549
9780231913621
9780231900164
9780199860357
9780228002123
9780198826934
9780198857938
9780199341764
9780198809296
9780198796442
9780190910761
9780190885533
9780190864385
9780190689285
9780190679446
9780190660772
9780190660055
9780190616922
9780190263348
9780190253752
9780190224202
9780190097608
9780190054045
9780160949692
9780160949128
9780160949111
9780160949104
9780160949098
9780160949081
9780160949074
9780160949005
9780160948992
9780160948909
9780160948947
9780160948046
9780160948343
9780160947995
9780135820148
9780128214879
9780128212318
9780128207697
9780128207673
9780128207659
9780128207390
9780128201688
9780128196120
9780128193846
9780128185056
9780128182727
9780128178782
9780128170571
9780128169469
9780128164884
9780128164693
9780128163368
9780128161289
9780128158241
9780128154977
9780128142011
9780128136027
9780128013724
9780081028407
9783833238550
9783132425521
9783406708558
9783132418325
9783811102590
9783406742958
9780357423837
9783836549769
9783472095620
9780367138820
9783437584862
9783132204911
9781119371809
9783836582940
9781138699175
9782825802939
9783406501210
9783170306639
9780007353583
9783862460816
9783831020706
9783473584000
9783406731501
9781119489016
9783406726262
9783406738364
9783472095613
9783836572101
9783406725999
9780367332747
9781421435121
9783836582919
9783770565245
9781260116816
9783944902449
9783132421387
9783482516863
9783132416673
9783658205096
9783662595466
9783433032909
9781319226237
9789810241162
9783504250836
9783800532841
9783406724640
9783472096146
9783030389406
9783406720185
9781550596854
9783406657436
9780128196038
9783030239244
9783525522097
9780128185537
9781538134160
9780128169186
9780128133729
9783662453407
9780128163467
9789198465143
9783662529782
9783658183882
9783658184063
9783503191468
9798606829866
9783030084967
9781138920972
9781138559561
9781138182622
9781108494113
9781107502765
9781107151567
9780815353843
9780393421583
9780367507510
9780367426521
9780367272654
9780367259365
9780367228002
9780367210090
9780367203108
9780190456818
9783800699049
9783406663017
9798608970191
9798609198273
9798606818655
9798609675095
9798608733734
9789814800822
9789814800693
9789814774581
9789814317320
9789811524448
9789811534447
9789811515507
9789811515712
9789811507458
9789811505515
9789811432354
9789811356261
9789811338618
9789811216053
9789811348907
9789811208522
9789811010279
9789211303940
9789198465167
9789198465129
9789198465105
9789088908712
9789088908163
9789004424814
9789004425996
9789004423749
9789004422650
9789004404427
9789004401143
9789004393318
9783960330745
9783958294165
9783899484076
9783848765379
9783848764044
9783848760817
9783848730100
9783848760145
9783846210932
9783836582766
9783836581745
9783836577342
9783836577335
9783836575126
9783836573566
9783836563468
9783836557030
9783836557016
9783836519465
9783836505208
9783824016297
9783811463530
9783811102613
9783805912983
9783805912853
9783800517398
9783802121166
9783800516933
9783800516926
9783800516902
9783800516759
9783770565306
9783750286030
9783750283268
9783731908906
9783714303476
9783704661777
9783662608081
9783662587317
9783662584736
9783662564332
9783662560754
9783662534113
9783658297008
9783658289720
9783658288433
9783658279813
9783658266233
9783658247232
9783658186524
9783658174088
9783658173487
9783648135822
9783642338564
9783527345489
9783527339211
9783506704245
9783506703422
9783484107069
9783476048011
9783472095941
9783446461475
9783433032893
9783433032527
9783406748769
9783406748974
9783406745300
9783406743924
9783406728792
9783406694561
9783339113726
9783319546117
9783319010045
9783339111821
9783205208273
9783161562709
9783161560637
9783132419506
9783161539312
9783110682960
9783110673012
9783110649482
9783110629477
9783110623338
9783110619690
9783110615227
9783110588057
9783110601572
9783110572315
9783110476767
9783110550528
9783110465044
9783110351811
9783110446203
9783035802306
9783030443368
9783030441982
9783030441906
9783030441753
9783030441531
9783030439569
9783030437565
9783030415129
9783030398668
9783030395926
9783030391188
9783030389215
9783030387198
9783030373252
9783030364892
9783030371487
9783030358648
9783030353612
9783030349769
9783030344597
9783030331832
9783030319731
9783030295400
9783030285319
9783030283834
9783030265960
9783030255930
9783030099848
9782893774091
9782856233641
9782843614323
9782807917569
9782807917248
9782807911154
9782802765424
9782802765356
9782759604487
9782711033669
9782503589053
9782503588131
9782503586496
9782503585482
9782503585291
9782290231999
9781975502355
9781975502041
9781975501761
9781975501495
9781975501303
9781975500474
9781975139766
9781948488020
9781912554423
9781912554256
9781912554249
9781909400405
9781909400320
9781854433091
9781845417512
9781844645695
9781799816188
9781789380828
9781789209037
9781789206234
9781788970730
9781788929295
9781788927185
9781788927031
9781785619946
9781785619885
9781785619861
9781785619434
9781785618734
9781785618307
9781785618673
9781785618130
9781785617621
9781785613890
9781785612503
9781785335983
9781783263981
9781781797969
9781780688336
9781780640327
9781780432243
9781771888370
9781771888332
9781771888318
9781714261215
9781646190096
9781646190003
9781642654585
9781642654578
9781640160330
9781630816889
9781630815318
9781626234673
9781626167704
9781614513056
9781613532133
9781605955995
9781605359212
9781544384559
9781543592351
9781538248973
9781536167245
9781529704525
9781538105214
9781526514868
9781526508607
9781524994648
9781515878223
9781515874386
9781509912476
9781501311840
9781498795791
9781472437525
9781463240783
9781451190793
9781451116519
9781447146841
9781439816523
9781430070474
9781409405795
9781402068362
9781351038300
9781350107861
9781350106055
9781350091054
9781350066878
9781319306168
9781350029545
9781319240196
9781319221638
9781305499218
9781260461350
9781260452792
9781138932289
9781260441604
9781138918665
9781138891043
9781138858008
9781138807341
9781138785373
9781138744868
9781138743410
9781138743274
9781138731400
9781138731301
9781138713666
9781138708037
9781138678576
9781138678224
9781138649224
9781138674257
9781138637924
9781138625372
9781138618343
9781138614710
9781138614864
9781138614055
9781138610989
9781138610705
9781138608733
9781138604759
9781138605169
9781138601598
9781138595194
9781138593718
9781138587847
9781138585621
9781138584709
9781138581159
9781138579972
9781138576070
9781138571242
9781138574151
9781138556423
9781138549531
9781138543881
9781138543713
9781138541931
9781138498907
9781138485730
9781138476431
9781138476493
9781138392472
9781138389632
9781138386907
9781138366770
9781138364936
9781138363526
9781138362581
9781138361119
9781138360013
9781138356672
9781138344723
9781138343603
9781138343283
9781138337640
9781138340299
9781138336858
9781138336773
9781138335905
9781138327641
9781138326538
9781138319950
9781138315914
9781138312326
9783426199251
9781138303386
9781138302273
9781138301818
9781138281493
9781138243385
9781138239753
9781138234642
9781138230347
9781138229068
9781138088245
9781138084216
9781138083707
9781138065543
9781138061903
9781138054400
9781138053304
9781138049345
9781138048362
9781137568144
9781119696810
9781119634577
9781119551690
9781119522638
9781119521495
9781119508700
9781119429494
9781118294031
9781108497589
9781108481649
9781108485197
9781108490276
9781108478953
9781108479905
9781108474160
9781108474153
9781108472715
9781108472708
9781108429696
9781108428095
9781107193499
9781107156388
9781108421867
9781107120129
9781107119116
9781107012042
9781071603413
9781071603000
9781071603222
9780891189626
9780891183457
9780891183433
9780831136314
9780826148520
9780822946083
9780815391739
9780815383949
9780815378839
9780815374169
9780815360513
9780815353249
9780815349754
9780808054108
9780785198543
9780754645955
9780750313902
9780748641598
9780727741172
9780521580816
9780429446610
9780444640031
9780415842822
9780415787925
9780415786768
9780415720632
9780415711432
9780415677165
9780415575157
9780415529617
9780387767697
9780367901776
9780367901745
9780367901356
9780367900557
9780367900601
9780367898632
9780367898182
9780367897871
9780367897123
9780367896713
9780367896669
9780367896478
9780367895532
9780367893859
9780367893378
9780367893736
9780367862275
9780367861926
9780367860660
9780367859329
9780367859237
9780367858179
9780367857851
9780367857271
9780367856809
9780367856458
9780367855895
9780367821203
9780367820756
9780367819736
9780367502690
9780367498894
9780367482398
9780367476663
9780367472535
9780367472726
9780367472429
9780367472528
9780367472009
9780367471361
9780367469740
9780367469320
9780367467692
9780367467654
9780367467616
9780367467593
9780367466572
9780367466190
9780367465490
9780367465315
9780367462765
9780367462505
9780367462185
9780367462482
9780367460617
9780367460082
9780367458188
9780367444501
9780367456740
9780367442347
9780367442323
9780367441333
9780367440664
9780367440015
9780367437770
9780367439293
9780367439002
9780367437510
9780367436629
9780367436377
9780367434229
9780367433451
9780367433123
9780367432195
9780367432119
9780367430818
9780367430375
9780367429973
9780367429683
9780367428006
9780367425159
9780367425777
9780367425340
9780367423193
9780367421724
9780367421496
9780367420734
9780367420420
9780367420383
9780367419646
9780367419134
9780367419073
9780367415365
9780367415181
9780367408367
9780367408299
9780367407612
9780367405595
9780367403881
9780367376154
9780367374921
9780367374457
9780367371029
9780367370343
9780367370237
9780367366117
9780367366681
9780367365356
9780367364625
9780367363932
9780367363390
9780367362546
9780367362355
9780367362270
9780367360498
9780367358686
9780367349486
9780367347598
9780367347390
9780367346881
9780367344757
9780367344528
9780367344115
9780367343279
9781849417792
9780367341602
9780367340575
9780367336691
9780367336400
9780367335717
9780367334284
9780367334963
9780367333386
9780367330309
9780367322373
9780367321208
9780367321116
9780367313333
9780367313234
9780367313173
9780367313135
9780367296476
9780367280765
9780367280567
9780367276874
9780367276317
9780367275037
9780367274962
9780367273835
9780367271299
9780367265274
9780367264284
9780367261887
9780367262181
9780367260262
9780367258450
9780367256463
9780367255985
9780367252502
9780367252397
9780367252281
9780367251963
9780367251284
9780367249847
9780367249724
9780367247744
9780367246532
9780367245504
9780367244224
9780367243913
9780367243739
9780367235963
9780367232511
9780367231781
9780367232429
9780367229351
9780367228996
9780367228828
9780367228743
9780367228484
9780367226718
9780367226978
9780367226039
9780367224370
9780367223779
9780367224189
9780367221010
9780367217709
9780367212117
9780367210458
9780367209650
9780367207625
9780367206482
9780367205744
9780367202941
9780367201807
9780367201135
9780367200183
9780367198947
9780367197322
9780367194215
9780367193843
9780367193522
9780367192815
9780367192334
9780367189600
9780367190736
9780367189389
9780367188733
9780367188672
9780367188627
9780367188177
9780367187798
9780367186524
9780367187354
9780367186975
9780367186432
9780367184391
9780367183066
9780367181352
9780367179656
9780367178468
9780367178444
9780367178369
9780367178109
9780367149727
9780367173463
9780367149390
9780367149154
9780367148058
9780367146580
9780367145828
9780367142360
9780367140861
9780367138042
9780367136437
9780367137656
9780367136413
9780367135706
9780367077419
9780367074944
9780367030506
9780367027124
9780367025564
9780367025175
9780367023751
9780367023140
9780367022945
9780357445785
9780323749787
9780323749671
9780323673464
9780323613293
9780323460972
9780271086903
9780199744213
9780199566952
9780199341788
9780198860754
9780198839064
9780198494683
9780197266700
9780190857134
9780190691202
9780190673741
9780190218058
9780160949678
9780160949685
9780135213926
9780134814971
9780128233665
9780128229903
9780128220603
9780128220450
9780128214954
9780128212653
9780128211946
9780128211380
9780128209509
9780128207284
9780128205761
9780128205600
9780128205433
9780128202739
9780128200391
9780128200247
9780128200117
9780128199022
9780128198773
9780128198377
9780128197127
9780128196007
9780128195413
9780128195222
9780128195123
9780128194973
9780128194669
9780128194652
9780128194454
9780128194430
9780128193341
9780128192467
9780128191231
9780128190012
9780128189870
9780128189757
9780128189467
9780128188255
9780128186992
9780128186541
9780128186473
9780128185643
9780128184912
9780128184608
9780128184431
9780128183656
9780128182871
9780128182512
9780128182239
9780128181881
9780128180976
9780128180471
9780128180112
9780128179390
9780128179253
9780128179130
9780128178973
9780128178768
9780128174227
9780128173190
9780128172421
9780128172148
9780128172087
9780128171219
9780128171134
9780128170809
9780128169582
9780128169285
9780128168011
9780128167052
9780128166604
9780128165690
9780128165614
9780128164136
9780128164082
9780128164075
9780128164020
9780128163849
9780128163658
9780128161968
9780128161173
9780128160473
9780128160329
9780128160114
9780128158982
9780128156537
9780128152904
9780128149522
9780128142080
9780128144091
9780128140857
9780128139950
9780128133453
9780128131008
9780128130537
9780128127841
9780128125762
9780128118085
9780128117347
9780128053966
9780128053782
9780128001363
9780081027257
9780081026298
9789811518751
9783807327075
9783412514600
9781788012140
9783110662177
9780367434892
9783030208271
9783132408005
9783415064003
9783452295330
9783842100381
9780691191744
9783131652720
9781119626800
9780367346966
9783451071317
9780367346997
9783161577017
9783129490679
9780571277339
9783867283250
9783473329205
9781973363170
9783833861956
9783000564239
9783451329609
9783789108372
9780367860707
9783667111845
9783958632400
9783403070610
9781979735742
9783000574313
9783836959612
9781250156945
9783831033171
9781786570321
9781520419886
9783551556981
9783442341917
9783808535332
9783864905360
9783497023912
9780367360627
9781138102989
9780128195703
9783667112217
9783667111692
9782253163091
9783837116762
9780470960356
9781789660913
9781544251103
9781786577078
9783869742687
9783744821681
9783867648349
9783841504623
9781138677821
9781138671775
9781138615281
9781138579736
9781138484542
9781138481671
9781138479067
9780815379980
9780815373223
9780367461614
9780367440305
9780367428020
9780367420659
9780367418328
9780367415488
9780367350277
9780367343439
9780367250119
9780367232665
9780367221898
9780367209766
9780367189990
9780367181253
9780367148850
9780367077723
9798613544622
9789988880156
9789813296060
9789813274921
9789813271166
9789811540745
9789811539466
9789811535871
9789811534331
9789811533075
9798608974687
9789811532535
9789811531873
9789811527692
9789811524066
9789811522123
9789811521874
9789811520662
9789811520426
9789811518911
9789811518119
9789811517419
9789811513893
9789811500374
9789811512315
9789811437168
9789811432330
9789811393327
9789811399305
9789811359583
9789811386367
9789811355455
9789811346064
9789811342202
9789811211416
9783831728695
9789811207624
9783864904592
9783808514108
9789811201431
9789811029776
9783800108787
9789810226640
9789462906648
9789198465181
9789035249943
9789035249936
9789035249929
9789035249905
9789027205452
9789027205414
9789027205421
9789027205100
9789004429048
9789004428669
9789004424081
9789004422360
9789004422162
9789004421325
9789004417779
9789004416000
9789004355101
9789004325333
9783662611456
9789004323186
9783110685404
9783110626551
9783841322173
9783030434830
9783030434489
9783030433314
9783030429577
9783030427979
9783030425449
9783030419479
9783030410346
9783030411992
9783030405618
9783030403744
9783030403706
9783030401597
9783030401450
9783030395148
9783030394998
9783030391720
9783030369651
9783030366964
9783030362478
9783030359010
9783030355692
9783030350505
9783030350390
9783030350192
9783030346935
9783030344009
9783030341268
9783030335991
9783030335953
9783030321888
9783030312091
9783030303136
9783030303013
9783030296797
9783030294656
9783030271602
9783030129170
9783030073299
9782503585345
9782503580258
9782110072924
9781975122867
9781846618710
9781839531262
9781799816140
9781838590116
9781789692600
9781789660715
9781789660258
9781789208641
9781789208795
9781788012270
9781787422940
9781786305152
9781786305138
9781785616426
9781785614934
9781785481727
9781780764139
9781771888004
9781725315044
9781656371720
9781653898831
9781653894277
9781653876341
9781629585581
9781615372324
9781574406238
9781536171211
9781536170948
9781536170269
9781536169270
9783403061472
9783131294739
9781542638999
9781617455209
9783667111081
9781973224365
9781517902049
9781516509058
9781515870968
9781515871385
9781498775632
9781493997558
9781474282659
9781472465535
9781461489757
9781454883050
9781320782609
9781138955615
9781284155228
9781138953796
9781138932241
9781138909120
9781138900134
9781138894402
9781138848559
9781138801264
9781138738966
9781138714540
9781138700000
9781138683013
9781138681828
9781138671942
9781138651302
9781138631113
9781138625143
9781138625129
9781138624931
9781138624672
9781138616318
9781138614116
9781138614109
9781138613553
9781138613294
9781138613249
9781138612655
9781138611160
9781138610606
9781138609501
9781138610576
9781138609334
9781138609143
9781138608498
9781138607712
9781138606906
9781138607507
9781138605305
9781138605664
9781138604803
9781138600492
9781138599147
9781138596979
9781138595118
9781138593824
9781138593244
9781138593046
9781138589537
9781138589353
9781138588486
9781138588233
9781138586291
9781138585225
9781138584433
9781138583733
9781138584013
9781138581227
9781138580633
9781138577336
9783064514201
9781520609263
9780847860128
9781974133987
9781543169942
9781539792598
9781474605496
9781780238517
9780947506445
9780998673400
9780735213357
9782738138873
9781935150299
9781138576148
9781138575356
9781138571815
9781138571310
9781138567672
9781138564237
9781138559882
9781138555549
9781138551077
9781138545946
9781138545205
9781138544338
9781138543720
9781138542860
9781138505919
9791093222097
9781138500716
9781138498990
9781138496378
9781138496026
9781138493988
9781138493643
9781138493568
9781138493223
9781138492141
9781138491243
9781138490567
9781138489752
9781138487055
9781138486317
9781138482852
9781138482661
9781138482418
9781138481626
9781138480902
9781138480780
9781138479753
9781138479227
9781138393837
9781138393790
9781138393646
9781138393370
9781138393127
9781138392632
9781138390010
9781138389687
9781138389410
9781138389359
9781138389137
9781138389014
9781138388994
9781138388284
9781138386815
9781138385276
9781138370906
9781138368972
9781138368606
9781138368408
9781138359154
9781138354296
9781138353381
9781138352070
9781138351325
9781138351172
9781847562883
9781138349476
9781138346574
9781138348479
9781138344112
9781138344068
9781138343436
9781138341883
9781138343207
9781138339002
9781138338111
9781138337633
9781138337183
9781138332256
9781138326712
9781138326248
9781138326071
9781138325654
9781138324268
9781138324084
9781138322714
9781138322288
9781138321267
9781138320529
9781138318724
9781138315198
9781138313897
9781138313651
9781138307742
9781138305519
9781138303607
9781138304123
9781979980234
9783743958166
9789751410702
9780986019562
9782373020182
9782356875433
9789811123757
9781613738658
9781542669511
9781786750389
9781578731220
9781546385202
9782878335255
9780998539027
9780760355176
9781942951193
9781138302884
9781138299474
9781138302051
9781138298958
9781138297630
9781138297562
9781138295513
9781138295810
9781138295476
9781138294004
9781138289956
9781138284739
9781138284029
9781138281264
9781138225091
9781138217645
9781138211735
9781138205833
9781138190207
9781138106086
9781138104266
9781138103344
9781138102743
9781138092228
9781138084063
9781138064577
9781138055803
9781138062313
9781138044104
9781119460985
9781119083450
9781108488181
9781071604786
9781071602461
9781071602386
9781071602348
9781071601587
9780874204278
9780815399964
9780815398776
9780815396697
9780815394617
9780815394594
9780815393795
9780815394174
9780815394303
9780815393764
9780815392798
9780815392385
9780815385387
9780815383734
9780815382355
9780815380504
9780815379508
9780815378013
9780815376439
9780815375265
9780815375142
9780815371564
9780815371212
9780815370635
9780815369851
9780815369776
9780815366065
9780815365921
9780815364801
9780815363712
9780815363439
9780815361268
9780815360193
9780815358589
9780815358190
9780815357155
9780815356615
9780815354673
9780815354635
9780815353805
9780815353706
9780815353416
9780815353256
9780815353188
9780815352587
9780815352235
9780815351764
9780815348856
9780815347552
9780815346388
9780765645227
9780750323062
9780750321068
9780750321020
9780750317177
9780750316842
9780750314701
9780750311809
9780750310659
9780415870023
9780444641342
9780415790215
9780415789035
9780415627290
9780415711678
9780415516969
9780367902407
9780367902063
9780367902056
9780367901837
9780367901479
9780367900830
9780367900397
9780367898960
9780367898694
9780367897710
9780367898458
9780367897048
9780367896508
9780367896454
9780367895877
9780367895174
9780367895037
9780367895020
9780367894559
9780367894832
9780367863296
9780367863203
9780367863128
9780367862909
9780367862626
9780367862152
9780367862084
9780367861254
9780367861018
9780367860776
9780367860363
9780367860295
9780765324399
9788817092845
9788811671800
9788417044206
9781975990107
9781981203437
9781974111411
9780367859855
9780367859817
9780367859695
9780367859367
9781973868477
9781974108688
9781849049085
9780367859350
9780367859268
9780367859220
9780367858216
9780367857301
9780367857233
9780367856779
9780367856755
9780367856403
9780367856120
9780367821050
9780367820701
9780367820381
9780367819293
9780367819231
9780367818937
9780367504878
9780367503949
9780367503864
9780367502676
9780367502508
9780367501273
9780367499693
9780367497897
9780367496050
9780367495459
9780367495138
9780367494841
9780367494773
9780367494735
9780367492007
9780367491949
9780367491222
9780367491130
9780367490461
9780367489618
9780367488727
9780367483517
9780367483241
9780367483203
9780367481599
9780367478797
9780367478568
9782280313940
9780367477196
9780367477158
9780367472238
9780367470906
9780367470166
9780367467470
9780367467289
9780367467197
9780367467067
9780367466695
9780367466305
9780367465780
9780367466510
9780367465643
9780367464646
9780367463526
9780367463519
9780367463328
9780367463168
9780367462406
9780367462161
9780367461911
9780367461669
9780367460983
9780367460815
9780367460655
9780367460211
9780367460181
9780367460105
9780367460099
9780367459987
9780367459970
9780367458980
9780367458652
9780367458003
9780367456894
9780367456399
9780367444563
9780367444051
9780367443948
9780367443085
9780367442811
9780367442804
9780367442736
9780367442699
9780367441647
9780367441524
9780367441012
9780367440510
9780367440237
9780367440121
9780367439569
9780367439552
9780367439484
9780367439408
9780367438944
9780367438913
9780367438289
9780367438272
9780367438043
9780367437794
9780367438012
9780367437596
9780367437565
9780367437206
9780367437169
9780367437145
9780367437121
9780367437114
9780367436896
9780367436889
9780367436810
9780367436643
9780367436070
9780367435974
9780367435639
9780367435479
9780367434526
9780367433376
9780367433833
9780367432621
9780367432515
9780367432430
9780367432393
9780367431709
9780367429508
9780367429416
9780367429225
9780367429201
9780367428907
9780367427788
9780367426927
9780367426729
9781641363808
9781544241791
9781544088457
9781543106183
9781542940689
9781542932110
9781541455818
9781538760703
9781521447222
9781520596525
9781501122590
9781478985143
9781781795972
9780367426545
9780367425982
9780367425968
9780367425869
9780367425791
9780367425753
9780367425203
9780367424329
9780367423506
9780367423278
9780367423094
9780367422813
9780367421564
9780367420550
9780367418878
9791034801480
9780367418397
9780367418045
9780367416676
9780367416638
9780367416157
9780367416133
9780367415280
9780367415150
9780367414856
9780367410797
9780367409944
9780367409647
9780367409630
9780367408954
9780367407551
9780367407544
9780367406806
9780367406400
9780367406226
9780367406196
9780367406103
9780367405625
9780367405601
9780367405298
9780367404727
9780367404680
9780367404710
9780367404208
9780367403959
9780367403904
9780367376024
9780367375355
9780367375775
9780367375027
9780367373856
9780367371852
9780367371715
9780367370442
9780367369798
9780367369613
9780367369576
9780367369378
9780367367640
9780367367411
9780367367305
9780367367282
9780367367022
9780367365936
9780367365646
9780367365158
9780367364595
9780367364564
9780367364236
9780367363994
9780367362195
9780367361853
9780367361457
9780367361235
9780367361167
9780367360412
9780367359560
9780367358976
9780367358303
9780367358280
9780367357184
9780367357085
9780367356798
9780367356941
9780367356613
9780367356514
9780367356439
9780367356101
9780367355951
9780367355562
9780367355555
9780367355432
9780367355319
9780367354671
9780367354558
9780367354251
9780367353988
9780367352684
9780367352561
9780367352264
9780367351359
9780367351175
9780367350895
9780367349790
9780367349301
9780367348816
9780367348076
9780367347826
9780367347413
9780367347109
9780367346799
9780367345747
9780367345648
9780367344924
9780367344832
9780367344559
9780367344535
9780367344405
9780367344382
9780367343927
9780367343514
9780367342562
9780367342517
9780367342470
9780367341329
9780367341121
9780367340780
9780367339647
9780367338534
9780367338671
9780367338473
9780367338312
9780367338169
9780367338077
9780367338053
9780367337971
9780367337896
9780367337674
9780367337278
9780367336967
9780367336356
9780367335816
9780367334338
9780367334239
9780367333799
9780367333560
9780367332365
9780367331511
9780367322700
9780367322540
9780367322335
9780367321307
9780367313579
9780367312794
9780367281373
9780367280673
9780367280505
9780367279400
9780367278885
9780367278694
9780367278540
9780367277215
9780367276669
9780367277048
9780367276409
9780367276126
9780367275600
9780367273095
9780367275235
9780367273385
9780367271909
9780367271473
9780367271459
9780367271442
9780367266790
9780367266707
9780367266172
9780367264611
9780367263461
9780367263270
9780367262419
9780367261436
9780367262020
9780367261375
9780367258818
9780367259563
9780367258634
9780367258801
9780367258481
9780367258092
9780367258016
9780367257668
9780367257446
9780367256845
9780367256432
9780367256227
9780367255237
9780367255107
9780367254025
9780367253950
9780367253691
9780367252885
9780367252250
9780367251925
9780367251048
9780367250676
9780367250270
9780367247270
9780367247188
9780367246136
9780367245900
9780367245665
9780367245177
9780367244781
9780367244750
9780367244019
9780367236045
9780367235901
9780367235543
9780367234775
9780367234478
9780367234027
9780367233266
9780367232252
9780367229252
9780367228859
9780367228798
9780367226831
9780367228668
9780367226725
9780367226312
9780367226176
9780367225858
9780367225797
9780367225728
9780367225339
9780367223977
9780367225124
9780367222994
9780367222567
9780367222512
9780367221362
9780367221225
9780367221195
9780367219550
9780367219413
9780367219321
9780367218973
9780367218720
9780367217990
9780367217976
9780367217846
9780367210717
9780367210335
9780367209988
9780367209902
9780367209254
9780367209001
9780367208943
9780367208455
9780367208417
9780367207670
9780367205645
9780367205621
9780367205133
9780367205102
9780367204358
9780367203849
9780367203658
9780367203627
9780367203368
9780367202798
9780367202149
9780367201999
9780367201074
9780367199500
9780367199333
9780367198695
9780367198626
9780367198558
9780367198350
9780367197315
9780367197254
9780367196769
9780367196752
9780367195809
9780367195557
9780367194970
9780367194956
9780367194321
9780367194154
9780367193768
9781846688195
9780367193638
9780367192822
9780367192785
9780367192747
9780367190231
9780367190040
9780367189594
9780367186715
9780367186500
9780367183493
9780367183240
9780367183011
9780367182960
9780367182885
9780367181840
9780367181796
9780367180782
9780367179465
9780367179380
9780367179168
9780367178871
9780367175566
9780367174033
9780367173951
9780367173029
9780367173159
9780367151645
9780367172770
9780367150051
9780367149239
9780367148355
9780367147907
9780367146474
9780367146740
9780367146061
9780367145293
9780367144029
9780367143923
9780367143862
9780367141509
9780367140571
9780367140175
9780367139797
9780367137687
9780367135966
9780367135911
9780367134129
9780367134099
9780367133719
9780367133689
9780367133436
9780367112400
9780367111014
9780367110307
9780367086848
9780367086664
9780367085841
9780367085827
9780367085438
9780367076825
9780367076368
9780367077648
9780367075231
9780367074388
9780367030209
9780367029463
9780367027643
9780367026363
9780367024598
9780367026059
9780367024413
9780367001902
9780357370391
9780323778282
9780310453857
9780199856183
9780198862956
9780198835080
9780198707219
9780198494690
9780190274481
9780128232538
9780135814833
9780128224113
9780128221907
9780128221082
9780128221037
9780128216620
9780128213360
9780128211632
9780128211571
9780128211564
9780128211533
9780128211519
9780128211496
9780128210109
9780128209707
9780128209547
9780128207024
9780128206676
9780128206539
9780128201930
9780128205396
9780128201916
9780128201459
9780128201442
9780128201022
9780128200285
9780128200278
9780128197639
9780128197417
9780128197141
9780128197134
9780128194966
9780128194928
9780128194911
9780128194768
9780128189085
9780128188767
9780128186770
9780128186589
9780128185841
9780128185698
9780128184837
9780128184752
9780128183861
9780128180365
9780128179680
9780128179536
9780128179666
9780128179215
9780128179192
9780128178706
9780128178522
9780128178461
9780128178409
9780128178386
9780128178362
9780128178256
9780128177785
9780128177426
9780128176825
9780128175866
9780128174678
9780128174586
9780128174401
9780128174388
9780128174289
9780128172469
9780128168066
9780128167830
9780128167069
9780128164778
9780128164273
9780128156865
9780081028001
9783800108671
9781786573230
9783742301802
9781939438553
9783667107404
9781401268824
9788394000325
9780571315338
9789056254810
9783864904325
9781780679686
9783125253803
9781786577054
9781786891044
9781786819994
9783667109859
9781849944601
9781509517466
9783960330264
9783667112064
9783990358221
9783864904653
9783955040017
9783648101421
9780231176934
9781545300497
9788494673801
9781784770624
9783658194178
9783958910218
9783455405750
9781981630820
9783504479534
9783406706707
9783132412958
9783848755219
9781799814641
9783796540905
9783515121118
9783170307155
9780692873953
9783784354934
9781785860843
9782021343700
9781472925596
9788484456872
9788490704011
9788804681281
9781626568709
9781473856608
9783884146668
9780691173436
9781592702183
9782756090887
9781509519507
9780323359092
9783406745362
9783452280015
9781498708562
9781118597354
9781905375530
9783406745355
9783406704956
9783406678783
9783766368621
9783406672477
9783406747380
9783406726163
9783030314149
9780081028384
9783482454141
9781909400870
9781848214149
9789811338915
9781789202649
9783030066581
9781526402615
9781138827493
9781138596139
9781138566255
9781138363403
9781138123564
9781138058576
9780367236663
9780367184568
9780367172862
9780367012359
9783406704963
9780135486221
9798615587290
9798615584060
9798615567711
9798615574580
9798612361831
9798611018873
9798610875644
9798613290710
9780367429348
9780367435776
9780367109905
9798605862772
9789814324526
9789811537608
9789811534201
9789811533372
9789811533105
9789811526657
9789811526466
9789811523687
9789811523403
9789811521713
9789811521553
9789811517952
9789811508325
9789811502378
9789811502057
9789811501685
9789811217791
9789811217722
9789811217401
9789811216763
9789811216411
9789811216503
9789811214035
9789811207877
9789811205880
9789811205491
9789811204685
9789811204616
9789811204609
9789811204456
9789811201486
9789811014321
9789811014291
9789462981645
9789403502816
9789402417548
9789212591339
9789077195819
9789048636594
9789048632640
9789031737284
9789031737260
9789027205469
9789027205117
9789027205094
9789027205001
9789027204998
9789027204981
9789027204943
9789027204905
9789027204868
9789027204783
9789027204752
9789004428263
9789004428089
9789004425828
9789004423442
9789004423244
9789004421745
9789004421035
9789004382497
9789004380639
9789004278882
9787549119875
9783905699425
9783879076765
9783848766154
9783848765829
9783848764198
9783848714056
9783830550150
9783814590325
9783805912747
9783662561010
9783662593615
9783658267926
9783658110864
9783527347049
9783506702920
9783465011521
9783447113946
9783452295262
9783447112017
9783410254720
9783406748325
9783406731525
9783406745379
9783406725746
9783319980973
9783406500473
9783319712758
9783319167534
9783318066111
9783170339767
9783170318137
9783161588969
9783110670318
9783110659726
9783110644531
9783110641769
9783110576832
9783110466027
9783110426106
9783110350760
9783110340525
9783110296846
9783030437947
9783030427511
9783030424114
9783030423773
9783030421045
9783030408657
9783030407377
9783030406547
9783030401955
9783030399221
9783030397333
9783030388928
9783030383183
9783030382261
9783030372064
9783030372965
9783030371173
9783030371043
9783030367435
9783030366551
9783030366520
9783030363536
9783030357832
9783030355975
9783030353216
9783030344313
9783030343965
9783030334192
9783030333072
9780141345635
9783030329211
9783030328641
9783030323561
9783030312312
9783030297015
9783030292973
9783030283797
9783030276713
9783030187774
9783030148683
9783030107994
9783030106973
9783030087012
9783030061630
9783030003852
9782843614293
9782807907577
9782503588209
9782503587721
9782503587196
9782503582238
9782503574776
9782503564623
9782376510260
9782376510093
9782294772610
9782275071480
9782110081827
9781975501068
9781975136437
9781975131289
9781975120429
9781975117900
9781975109516
9781975103743
9781912554409
9781912554102
9781912554065
9781909400740
9781909400597
9781909400542
9781905816446
9781905375332
9781904356493
9781897534267
9781897534243
9781897534229
9781851499014
9781843835684
9781839530906
9781799821168
9781799812265
9781799811527
9781799802723
9781799810865
9781792421501
9781789665451
9781789663273
9781789661866
9781789661057
9781789660210
9781789241273
9781789180930
9781788975889
9781788975575
9781788928946
9781788928410
9781788928373
9781788925242
9781788118408
9781786762887
9781786438966
9781786304322
9781785618963
9781785619618
9781785618710
9781785618697
9781785618659
9781785617645
9781785615290
9781785614774
9781785614040
9781785272394
9781785612527
9781785271960
9781784734336
9781783275168
9781781797082
9781780432113
9781771889117
9781771889100
9781771888875
9781771888882
9781771889094
9781771888820
9781771888806
9781771888783
9781771888738
9781771888707
9781771888684
9781771888677
9781771888639
9781771888592
9781771888561
9781771888554
9781771888431
9781771888424
9781771888349
9781771888264
9781771888233
9781771888219
9781771888189
9781771888110
9781725348622
9781725311978
9781692867355
9781684481965
9781671829794
9781656335128
9781647474027
9781647474362
9781647471989
9781647471842
9781644933428
9781644693018
9781642809541
9781642809336
9781642809121
9781642654561
9781642654554
9781642653915
9781642653892
9781642653878
9781642653854
9781641433693
9781641054058
9781635851632
9781630817695
9781630817671
9781630816957
9781630816285
9781622029327
9781622029112
9781607951070
9781601325082
9781543813784
9781543813777
9781543813647
9781538250884
9781538250846
9781538249062
9781538249048
9781538249000
9781538248966
9781538248928
9781538248935
9781538248911
9781536176629
9781536176544
9781536176520
9781536176476
9781536176452
9781536176018
9781536175837
9781536175813
9781536175516
9781536175424
9781536175790
9781536175400
9781536175141
9781536175127
9781536174700
9781536174588
9781536174083
9781536174533
9781536173857
9781536173741
9781536173727
9781536173376
9781536173680
9781536173352
9781536173338
9781536173314
9781536172904
9781536172881
9781536172867
9781536172775
9781536172423
9781536172140
9781536172089
9781536171891
9781536171860
9781536171822
9781536171723
9781536171310
9781536171273
9781536171259
9781536171235
9781536171044
9781536170856
9781536170467
9781536169997
9781536169478
9781536169379
9781536169119
9781536168891
9781536168921
9781536168648
9781536167269
9781534568570
9781534530454
9781531008062
9781529701173
9781526514820
9781526514325
9781526508195
9781526506726
9781522599852
9781522181552
9781513659084
9781510470408
9781510470378
9781509917259
9781502655394
9781501516894
9781498796385
9781498764643
9781498755191
9781498730624
9781498703741
9781487505974
9781466571419
9781407356563
9781337620352
9781284172898
9781284113334
9781260520965
9781138925724
9781138921979
9781138921252
9781138897564
9781138722941
9781138720916
9781138710436
9781138705906
9781138599970
9781138591677
9781138588660
9781138587373
9781138578944
9781138578937
9781138578272
9781138574588
9781138560390
9781138503199
9781138494893
9781138492967
9781138488571
9781138485648
9781138479296
9781138366732
9781138363144
9781138358706
9781138357945
9781138354005
9781138352964
9781138342651
9781138342637
9781138340305
9781138339675
9781138339637
9781138337565
9781138334199
9781138334083
9781138333918
9781138333123
9781138331631
9781138330818
9781138330801
9781138330771
9781138330740
9781138330054
9781138329553
9781138325296
9781138325272
9781138320291
9781138313590
9781138296930
9781138235984
9781138231528
9781138196315
9781138204782
9781138188877
9781138185555
9781138126299
9781138093768
9781138079526
9781138069961
9781138057340
9781138021679
9781119995708
9781119949206
9781119707295
9781119704034
9781119702269
9781119702221
9781119702184
9781119702061
9781119697183
9781119639138
9781119633044
9781119601098
9781119587767
9781119584681
9781119439455
9781119434320
9781119427841
9781119315087
9781119194545
9781119127376
9781119036616
9781118840948
9781118660102
9781118511497
9781118290361
9781108495806
9781108494441
9781107150744
9781107115286
9781071813379
9781071604748
9781071602690
9781071602546
9781071601709
9780991027477
9780991027460
9780856982217
9780815383093
9780815374428
9780815366478
9780815360339
9780815352686
9780812694895
9780750323949
9780750323703
9780750322188
9780750321891
9780750321501
9780750320825
9780750317993
9780750320030
9780750317368
9780750314732
9780750314299
9780750313841
9780750313360
9780750311830
9780749498931
9780727757678
9780691202532
9780691199658
9780521877152
9780691167763
9780521807425
9780521762496
9780521193573
9780471479888
9780470947579
9780444643339
9780415788489
9780415726948
9780415694971
9780415621533
9780393697384
9780393697315
9780393697018
9780393422191
9780393420012
9780393418774
9780367904159
9780367903756
9780367901974
9780367900663
9780367896805
9780367894276
9780367862442
9780367862077
9780367861278
9780367859084
9780367821258
9780367820152
9780367820060
9780367820015
9780367819507
9780367819460
9780367817565
9780367492205
9780367499679
9780367490911
9780367486600
9780367478469
9780367481728
9780367476878
9780367466565
9780367463069
9780367458669
9780367456290
9780367440053
9780367439170
9780367438111
9780367436261
9780367435073
9780367435332
9780367434441
9780367432614
9780367430627
9780367429171
9780367427757
9780367427511
9780367427368
9780367425999
9780367424015
9780367423223
9780367421250
9780367421236
9780367420369
9780367415846
9780367409968
9780367404093
9780367404055
9780367376420
9780367375423
9780367374594
9780367367657
9780367367503
9780367366858
9780367365462
9780367366056
9780367361747
9780367361686
9780367360344
9780367354305
9780367349639
9780367348038
9780367345624
9780367344610
9780367343255
9780367342968
9780367341053
9780367334802
9780367334178
9780367333935
9780367333676
9780367332488
9780367321819
9780367278601
9780367271633
9780367260422
9780367256968
9780367254421
9780367254339
9780367249977
9780367249595
9780367246464
9780367233662
9780367230012
9780367228347
9780367226138
9780367224387
9780367224271
9780367210991
9780367208431
9780367207397
9780367205935
9780367199487
9780367193805
9780367189808
9780367189310
9780367189280
9780367188283
9780367186265
9780367152000
9780367180645
9780367149871
9780367147839
9780367138530
9780367136802
9780367133139
9780367077662
9780367077655
9780367074180
9780367029821
9780367028381
9780367019624
9780367014810
9780367014643
9780367014582
9780367014285
9780367014209
9780367014155
9780367013950
9780367013370
9780367013356
9780367013257
9780367013066
9780367013202
9780367012984
9780367012731
9780367012687
9780367012304
9780367012465
9780367012007
9780367011949
9780367011895
9780367011789
9780367011581
9780367011536
9780367011468
9780367010799
9780367010782
9780367010690
9780367010638
9780367009212
9780367009199
9780367008338
9780367007140
9780367007317
9780367006020
9780367005580
9780367003654
9780367002992
9780367000639
9780357475188
9780357446874
9780357425688
9780357132593
9780323733496
9780323672368
9780323636551
9780323551489
9780323566704
9780231932103
9780231902908
9780199945092
9780199557172
9780198855798
9780198844303
9780198831433
9780198815693
9780198814191
9780198797210
9780198793045
9780198787396
9780190695620
9780190655815
9780135993279
9780136627074
9780135230763
9780134859613
9780128221990
9780128215586
9780128213391
9780128211670
9780128211663
9780128210116
9780128208113
9780128206645
9780128205914
9780128203415
9780128202821
9780128202364
9780128200902
9780128200896
9780128200216
9780128199671
9780128198582
9780128197837
9780128195970
9780128194263
9780128193631
9780128191033
9780128190647
9780128190517
9780128190494
9780128189597
9780128189009
9780128186831
9780128188415
9780128186107
9780128185834
9780128185582
9780128185469
9780128183229
9780128183038
9780128180228
9780128180198
9780128173800
9780128171103
9780128164105
9780128159774
9780128159118
9780081028698
9780081028476
9783110485714
9789811200069
9783406729171
9783800659197
9783406619069
9781108484732
9783406729331
9783956610806
9781683962588
9781350049161
9782754828956
9783504250133
9780323546331
9783472095804
9780128200292
9781785616594
9780198749288
9780128166581
9783406735158
9780978632625
9783406742187
9789402419351
9789811209086
9783800651689
9781119125709
9783406748981
9783406546136
9780198757139
9781119276685
9783030002800
9783956471681
9783800515868
9783406563973
9783319782645
9780128161180
9783800660995
9780128148853
9783030103972
9780887408120
9783030307295
9783406724541
9783406742644
9781912122257
9783030241735
9781789621471
9781789661033
9781684462360
9781526460110
9781284149845
9780691202099
9780815350484
9780198298373
9780077862602
9798612377276
9798613274475
9798603012728
9798607084813
9798606803682
9798604784648
9798608768026
9780099513988
9798600555518
9798600548282
9789814800716
9789813279544
9781841591445
9781906147303
9781787461048
9780099513766
9789811531378
9789811509018
9789811398780
9789811500800
9789811383380
9789811371028
9789811368714
9789811369742
9789811356452
9789811355677
9789811355417
9789811348846
9789811348365
9789811347337
9789811347436
9789811344039
9789811337376
9789811217760
9789811217623
9789811216732
9789811216596
9789811214653
9789811213021
9789811212888
9789811211744
9789811208942
9789811208768
9789811206900
9789811204623
9789811051562
9789810204679
9789462653467
9789381406977
9789403511702
9789403506142
9789169847145
9789076564371
9789081048590
9789041780911
9789031738618
9789031738595
9789031737345
9789031737321
9789031435616
9789027205551
9789027204196
9789004427884
9789004426160
9789004425552
9789004424128
9789004424067
9780593073995
9789004423923
9789004423299
9789004421578
9789004421523
9789004421455
9789004418752
9789004418110
9789004417465
9789004396951
9789004377158
9789004354241
9789004352254
9789004348646
9789004232686
9788859619604
9783862900480
9783848760008
9783866307353
9783848759248
9783848758937
9783848705382
9783848758067
9783804153790
9783772814396
9783727219122
9783709113363
9783708919669
9783700748175
9783662599518
9783527347247
9783472096184
9783506778710
9783447112789
9783447112451
9783447105927
9783422971479
9783410296935
9783406755002
9783406753459
9783406750595
9783406747526
9783406746512
9783406740633
9783406728990
9783406711602
9783319979458
9783319974149
9783319133911
9783319933801
9783161582998
9783161582424
9783161582257
9783161558108
9783132414273
9783132411487
9783110689068
9783110653021
9783110649840
9783110649352
9783110648850
9783110618815
9783030434021
9783030387914
9783030372095
9783030363260
9783030357122
9783030340490
9783030334277
9783030329013
9783030294922
9783030298357
9783030186999
9783030146467
9783030103651
9783030096731
9783030095680
9783030088521
9783030092429
9783030086428
9783030079185
9783030078133
9783030076252
9783030000981
9783000042409
9782911973208
9782822214155
9782809801637
9782807917880
9782807916470
9782807909045
9782743023935
9782503587776
9782503583990
9782503583372
9782368935019
9782367110158
9782290232361
9782110767684
9782110069917
9782110049582
9781978515864
9781977112712
9781975116675
9781975103958
9781941123126
9781909400948
9781912667192
9781912554263
9781839530920
9781799818755
9781799811473
9781799810292
9781799803232
9781799802532
9781799801429
9781799801153
9781799800101
9781789621532
9781789206425
9781789240214
9781789381863
9781788975773
9781788013802
9781786305404
9781785618376
9781785615481
9781785614972
9781785272356
9781784734473
9781783304455
9781783303366
9781783303625
9781783275052
9781780689500
9781780688244
9781773351407
9781771889179
9781771889155
9781771889148
9781771888998
9781771888981
9781771888943
9781771888912
9781771888899
9781771888837
9781771888813
9781771888776
9781771888790
9781771888769
9781771888752
9781771888745
9781771888721
9781771888714
9781771888691
9781771888646
9781771888622
9781771888615
9781771888585
9781771888578
9781771888547
9781771888493
9781771888400
9781771888394
9781771888387
9781771888363
9781771888325
9781771888226
9781771888202
9781771888196
9781771888172
9781771887793
9781771887786
9781771887779
9781733389006
9781725312043
9781725394452
9781725311961
9781725311947
9781725311954
9781725311930
9781714276981
9781714268580
9781693124235
9781659475357
9781659471281
9781658367677
9781658354516
9781657536685
9781657538368
9781657032385
9781656987167
9781656980175
9781654214869
9781647471187
9781647470500
9781647470296
9781647470081
9781646190256
9781644933831
9781644933763
9781644933589
9781644930496
9781642654059
9781641416559
9781641416542
9781641416504
9781641416498
9781641416429
9781641416313
9781641416481
9781641416276
9781641416207
9781641416177
9781641416030
9781641416016
9781641416009
9781641415996
9781641415910
9781641415934
9781641415903
9781641054607
9781635851519
9781634942164
9781630817114
9781630816858
9781630815882
9781626239883
9781626235328
9781622029129
9781624668395
9781622029105
9781601325020
9781574446906
9781536169805
9781536168280
9781536169058
9781536168082
9781536167870
9781536167641
9781536167603
9781536167504
9781536166392
9781536167054
9781536166347
9781536166095
9781536165968
9781536164794
9781534532496
9781534506787
9781534506756
9781526515254
9781526458902
9781526147066
9781526144508
9781526142634
9781522597872
9781522597070
9781516525324
9781515871118
9781509924059
9781503845435
9781502653123
9781502653086
9781502653000
9781501862908
9781501347252
9781501335396
9781501330452
9781498788489
9781498743181
9781496598288
9781496598318
9781496591869
9781496300591
9781493999477
9781493998609
9781482878776
9781482240627
9781482240245
9781474436007
9781473906495
9781466580794
9781464125126
9781463240875
9781463239220
9781454877561
9781421436692
9781350137561
9781350106444
9781350103474
9781350101098
9781350093225
9781350090477
9781350077966
9781350070875
9781350070479
9781350063235
9781350053298
9781350040472
9781319363147
9781319337353
9781319306151
9781319305642
9781319178178
9781319114817
9781260998788
9781260998764
9781138959866
9781259642043
9781138930261
9781138766167
9781138766150
9781138766143
9781138766136
9781138766129
9781138730939
9781138687462
9781138598126
9781138587052
9781138545748
9781138498952
9781138368323
9781138347670
9781138328150
9781138317475
9781138297067
9781138295698
9781138227996
9781138222175
9781138172777
9781138080560
9781138061989
9781138053847
9781138053540
9781138046658
9781138041059
9781137407269
9781119707332
9781119536574
9781119639985
9781119500247
9781119486831
9781119485025
9781119476122
9781119433262
9781119432197
9781119432449
9781119431923
9781119427094
9781119413622
9781119309604
9781119314998
9781119119319
9781119065166
9781118831380
9781118681015
9781118773536
9781118549315
9781118425251
9781118308844
9781118135938
9781108612425
9781108494038
9781108492683
9781108488044
9781108475075
9781107068568
9781107036499
9781071605981
9781071605912
9781071603765
9781071603635
9781071603550
9781071603338
9781071602812
9781071602508
9781071602423
9780831195038
9780815390923
9780815381358
9780815375906
9780815363378
9780815357131
9780815357032
9780815354406
9780815354055
9780773480933
9780763779979
9780750322225
9780749497996
9780729411530
9780719060847
9780702075841
9780691139326
9780567681294
9780567678324
9780521432740
9780470229446
9780444643094
9780444643254
9780444643018
9780444636041
9780393419740
9783734514814
9780367893538
9780367893255
9780367902452
9780367861407
9780367858162
9780367857592
9780367819514
9780367819347
9780367808105
9780367464455
9780367464271
9780367460242
9780367445126
9780367429454
9780367419981
9780367410766
9780367407964
9780367373993
9780367368517
9780367348366
9780367341275
9780367339128
9780367321574
9780367275655
9780367275112
9780367255923
9780367230814
9780367228842
9780367220242
9780367211479
9780367207540
9780367199173
9780367196998
9780367194246
9780367190866
9780367186210
9780367151966
9780367133740
9780367022716
9780367011185
9780367010812
9780367007904
9780367004705
9780357441886
9780357374825
9780357373965
9780357371596
9780323761307
9780323761055
9780323761048
9780323608701
9780198857075
9780198830528
9780198829485
9780198827535
9780198827115
9780198808565
9780198784524
9780190622879
9780135983072
9780128231210
9780135836859
9780128229897
9780128223482
9780128222867
9780128220252
9780128218877
9780128218860
9780128218853
9780128218846
9780128218839
9780128218457
9780128217894
9780128217108
9780128216699
9780128213810
9780128216019
9780128215487
9780128213544
9780128211342
9780128211182
9780128211168
9780128211144
9780128211083
9780128210123
9780128210086
9780128210079
9780128208168
9780128210062
9780128208090
9780128207444
9780128206904
9780128206928
9780128206027
9780128205280
9780128205266
9780128205150
9780128202807
9780128202302
9780128202203
9780128200766
9780128200476
9780128200162
9780128199558
9780128199435
9780128199213
9780128199411
9780128198605
9780128198544
9780128198520
9780128198506
9780128198483
9780128198209
9780128198162
9780128197646
9780128197226
9780128197219
9780128197202
9780128197196
9780128196540
9780128195949
9780128195864
9780128195420
9780128195406
9780128195390
9780128194683
9780128194539
9780128194065
9780128193594
9780128193556
9780128192801
9780128192351
9780128192276
9780128192160
9780128192252
9780128191583
9780128189221
9780128188644
9780128188378
9780128188217
9780128188194
9780128185742
9780128184967
9780128184899
9780128184851
9780128184509
9780128183472
9780128182994
9780128182284
9780128181805
9780128181607
9780128181546
9780128180327
9780128179499
9780128179239
9780128178881
9780128178621
9780128178584
9780128176788
9780128176672
9780128176023
9780128175958
9780128175781
9780128174937
9780128173787
9780128172490
9780128167892
9780128167854
9780128167526
9780128167519
9780128167113
9780128166758
9780128166567
9780128163948
9780128161814
9780128154397
9780128152201
9780128149300
9780128144886
9780128139448
9780128131800
9780128128909
9780128127902
9780128126639
9780128126530
9780128120439
9780128040775
9780128016077
9780128115237
9780081028452
9780081028285
9780081027103
9780081028124
9780081023358
9780081012109
9780078037016
9780028667706
9780071839914
9783446449633
9781927363676
9781635501889
9783504231026
9783406704932
9781486302819
9783131463524
9783504426965
9780128171332
9783848717842
9783406749667
9780128168110
9783406732607
9781493998876
9783662562420
9780323552424
9780521765572
9783132413306
9781119356073
9783000638282
9783410294757
9781119514602
9783527344864
9780198832713
9783406477263
9789082457650
9783406703850
9780323661805
9783437246029
9783110313345
9783030287924
9781119532514
9783504370251
9789811517235
9780128159446
9781107027190
9781538134146
9781538134122
9780128161371
9783406710216
9783848757718
9781789663518
9781789204582
9781783302512
9781138331495
9781107011434
9780415628969
9780393417180
9780385545952
9780367252076
9780367027308
9780231914307
9798615738210
9798612390718
9798615717093
9798615019685
9798615705823
9798615721861
9783955901301
9783451376368
9783959820790
9783954531264
9781579657147
9783941761674
9783764531812
9783831033010
9783869103662
9783808007273
9783769269765
9798609374394
9798610771250
9798608870040
9798606633654
9783460440135
9783800654581
9783621282611
9783432101729
9798603497358
9798602444346
9798602439236
9783899017861
9783499633874
9783808512906
9783132420076
9783442393183
9783527714384
9783891048047
9783866264441
9789814877121
9789814877114
9789814877053
9789814800976
9789814800778
9789814800754
9789814800761
9781319344733
9789814800709
9789814800655
9789813294554
9789813294486
9789813293571
9789813293427
9789813290457
9789813203174
9789811538582
9789811537455
9789811535901
9789811535550
9789811535512
9789811533716
9789811533600
9789811533242
9784768307564
9782841053650
9783527714063
9783742300881
9789811532863
9789811532832
9789811532658
9789811531637
9789811531583
9789811529849
9789811528057
9789811527739
9789811527319
9789811525995
9789811524134
9789811524486
9789811523601
9789811522550
9789811521942
9789811519314
9789811519093
9789811517914
9789811517723
9789811517600
9789811517341
9789811516948
9789811516351
9789811516238
9789811516023
9789811514821
9789811515170
9789811514197
9789811514036
9789811513213
9789811511929
9789811511073
9789811510625
9789811509469
9789811505560
9789811504136
9789811502217
9789811501982
9789811349607
9789811349430
9789811340949
9789811339592
9789811214813
9789811214622
9789811212376
9789811211775
9789810238759
9789212591322
9789089122117
9789041780928
9789031737246
9789027204790
9789004427914
9789021421797
9789004427600
9789004426535
9789004425569
9789004424722
9789004424173
9789004423657
9789004423466
9789004423398
9789004422513
9789004422803
9789004421806
9789004421707
9789004420496
9789004419391
9789004419100
9789004416956
9789004414914
9789004413382
9789004412989
9789004408432
9789004401747
9789004391550
9789004395862
9789004384392
9789004376984
9789004358904
9789004341401
9789004338661
9788857241555
9788829703197
9788488301871
9788194085010
9783946100959
9783895347504
9783862889396
9783868675054
9783848731190
9783835335912
9783832972639
9783826460616
9783800517237
9783800517220
9783800517213
9783777219042
9783800515936
9783772085017
9783708919638
9783662613269
9783662611852
9783662610695
9783642226786
9783527337897
9783527346646
9783525406953
9783525317242
9783506715418
9783504253875
9783487157375
9783482653452
9783452289865
9781467137027
9781742589312
9783447113076
9783410247722
9783446462892
9783406757006
9783406753473
9783406750960
9783406749773
9783406746499
9783406743986
9783406743917
9783406743900
9783406743856
9783406734915
9783406704925
9783406694585
9783406501388
9783319692869
9783319659411
9783319218601
9783319063812
9783161592874
9783161561122
9783161547898
9783161544514
9783132428393
9783132420175
9783131250131
9783110693331
9783110671636
9783110639933
9783110587166
9783110586268
9783110580846
9783110567281
9783110552287
9783110542851
9783110519624
9783110499834
9783110439618
9783110448252
9783110376418
9783110341324
9783030439286
9783030438395
9783030438104
9783030438067
9783030436575
9783030434687
9783030434762
9783030433086
9783030432010
9783030428211
9783030426590
9783030425685
9783030422455
9783030420253
9783030417192
9783030399269
9783030398583
9783030397456
9783030392451
9783030382520
9783030380618
9783030376284
9783030376178
9783030373085
9783030373702
9783030371609
9783030368296
9783030367893
9783030367572
9783030364748
9783030364373
9783030363413
9783030361778
9783030361730
9783030359096
9783030358198
9783030355579
9783030354442
9783030354404
9783030352059
9783030349059
9783030347239
9783030344702
9783514008311
9780525534396
9780190669591
9780764352232
9783887782986
9781493018970
9783030333966
9783030333751
9783030333379
9783030329518
9783030328566
9783030326326
9783030323837
9783030319885
9783030314842
9783030314026
9783030308445
9783030300975
9783030298968
9783030293369
9783030259945
9783030249816
9783030193560
9783030151744
9783030065591
9783030098360
9782909187228
9782897126483
9782843797941
9782843797910
9782843797880
9782802764861
9782802763154
9782747230032
9782503587806
9782491639006
9782374000541
9782368934920
9782368934937
9782257207180
9781982693176
9781978507517
9781978515758
9781978507036
9781977125743
9781977125736
9781975500788
9781975139360
9781975136581
9781975103880
9781912554058
9781880245743
9781849739245
9781846283628
9781839531286
9781799825357
9781799822097
9781799820635
9781799813743
9781789664928
9781789660470
9781789660418
9781789381597
9781789207187
9781789207064
9781789206968
9781789205572
9781788112888
9781788017220
9781788015042
9781787423589
9783885427094
9780997912500
9783926145710
9783662539644
9783898836975
9783834433169
9783403069508
9783744870429
9783795712198
9783772476983
9783808008089
9783813505016
9783403025900
9783128827414
9783658175214
9783124089748
9781787423497
9781786394811
9781786763167
9781785917097
9781785917066
9781785917035
9781785618857
9781785618352
9781785617034
9781785616709
9781785483172
9781784734251
9781784734329
9781771889162
9781771889087
9781771889025
9781771888974
9781771888967
9781771888950
9781771888936
9781771888929
9781771888608
9781771888356
9781771888028
9781714293339
9781714309832
9781658892643
9781657567511
9781657004467
9781657021310
9781655622908
9781655636936
9781655006364
9781644930588
9781644930403
9781643680446
9781642654486
9781642654448
9781642654233
9781641053013
9781634942072
9781630916473
9781630817282
9781630817367
9781626239685
9781626235571
9781626235281
9781626232181
9781624105913
9781615372218
9781614517566
9783442314775
9783451377297
9783940513151
9783864904530
9783795711283
9781786578648
9783406712302
9782278087945
9783956544668
9783064513624
9783946943211
9789492602060
9783836244091
9781493019755
9783805350747
9781613770382
9781611639131
9781604068160
9781588520739
9781575069838
9781544397351
9781543819489
9781543807820
9781543591316
9781543574388
9781538119471
9781538113103
9781536168709
9781526512116
9781526499004
9781526494627
9781526494405
9781526441324
9781524993566
9781522598336
9781522596325
9781522592280
9781510478145
9781509919307
9781502653154
9781506262369
9781502652980
9781501881466
9781501516559
9781498772211
9781498761529
9781498726184
9781496397492
9781496380364
9781495507632
9781482253092
9781482229905
9781482220872
9781474411950
9781473969148
9781474273237
9781466585393
9781466554726
9781466511996
9781461430810
9781447174554
9781444350067
9781441144911
9781439867082
9781439866993
9781439819395
9781401294700
9781350036611
9781319344696
9781319344665
9781319269296
9781316642825
9781302919573
9781284020076
9781260676754
9781138853768
9781259951732
9781138742635
9781138707085
9781138649149
9781138624740
9781138605633
9781138603905
9781138591295
9781138576544
9781138542808
9781138561403
9781138563889
9781138503618
9781628942828
9783804510104
9783123100710
9783795710538
9781848139503
9783834435262
9781472942241
9780000889744
9789979338260
9780996586641
9781849758109
9783955480196
9783803262028
9781472239815
9780691135144
9783967020199
9781138478992
9781138342675
9781138329324
9781138323346
9781138314542
9781138306752
9781138197633
9781138197565
9781138098084
9781138062399
9781138052420
9781138039131
9781138037045
9781138035027
9781138020306
9781119707592
9781119707622
9781119656425
9781119607281
9781119534105
9781119532156
9781119511113
9781119436577
9781119433965
9781119432364
9781119414049
9781119374817
9781119359180
9781119314943
9781119263142
9781119142881
9781119238669
9781119120445
9781119097464
9781119015017
9781118972168
9781118970928
9781118568576
9781118544204
9781108497671
9781107069497
9781094080314
9781094021072
9781071818800
9781071606797
9781071606636
9781071606544
9781071606513
9781071606476
9781071606391
9781071606261
9781071606063
9781071606025
9781071605844
9781071605806
9781071605318
9781071605271
9781071604700
9781071604335
9781071604267
9781071603727
9781071603598
9781071603376
9781071602652
9781071601945
9781071601785
9780904887716
9780891183594
9780831150310
9780815394983
9780815386667
9780815384960
9780815385035
9780815351771
9780808053934
9780785236375
9780785198536
9780780818378
9780780818385
9780750321341
9780750316873
9780674247673
9780567686886
9780567680426
9780470413081
9780444643193
9780444643216
9780444642608
9780444643131
9780444632524
9780415658270
9780414017832
9780393697353
9780367903817
9780367860684
9780367860578
9780367859770
9780367819934
9780367510558
9780367509156
9780367508425
9780367499600
9780367480653
9780367493851
9780367480646
9780367472740
9780367470777
9780367469948
9780367468965
9780367466121
9780367459574
9780367442460
9780367437527
9780367437374
9780367434724
9780367433666
9780367431440
9780367429300
9780367428990
9780367425180
9780367408206
9780367403973
9781465464187
9783060414840
9783955480189
9783861971702
9789387067844
9780070445338
9781603587013
9788806229269
9781861087478
9783868217018
9781683960348
9783955480172
9781975987374
9783795711092
9780857424907
9780367357207
9780367356330
9780367354220
9780367352318
9780367350253
9780367345990
9780367341251
9780367334727
9780367332860
9780367331023
9780367261023
9780367260606
9780367255367
9780367248635
9780367246600
9780367236540
9783967020175
9780367235529
9780367233471
9780367227005
9780367224035
9780367217907
9780367206079
9780367203245
9780367187859
9780367186692
9780367182557
9780367151782
9780367148621
9780367138134
9780367136291
9780367136246
9780357378649
9780357363409
9780357360750
9780357358375
9780357134894
9780323764605
9780323764599
9780323761703
9780323683340
9780323680363
9780323673037
9780323672795
9780323654357
9780310449065
9780231941709
9780231941426
9780231931823
9780231929424
9780231915205
9780231910088
9780231910460
9780231906586
9780231906005
9780231903783
9780231901406
9780226688954
9780226688787
9780199566136
9780198826040
9780198825203
9780198824787
9780198722977
9780190694395
9780190688554
9780190681777
9780190676049
9780190658441
9780190648954
9780190637842
9780190067991
9780190604653
9780160948190
9780135994528
9780135994443
9780135993842
9780134874333
9780128224816
9780128217535
9780128216118
9780128215333
9780128215319
9780128212240
9780128212059
9780128210178
9780128209677
9780128209585
9780128207529
9780128207505
9780128207239
9780128207017
9780128206799
9780128206270
9780128205938
9780128204757
9780128205464
9780128202975
9780128202845
9780128202715
9780128201725
9780128201183
9780128200841
9780128200087
9780128199947
9780128199862
9780128199596
9780128199374
9780128198476
9780128198407
9780128198193
9780128197967
9780128197936
9780128197813
9780128197554
9780128197530
9783945680803
9781421592985
9781472929877
9783830709725
9781606999837
9783667109095
9781365732645
9783403104018
9780997866414
9781788110402
9780691178547
9789492500595
9781533256317
9780128196724
9780128196557
9780128196014
9780128196090
9780128195468
9780128194287
9780128193747
9780128192481
9780128192184
9780128191606
9780128191262
9780128188903
9780128188019
9780128187050
9780128186381
9780128185964
9780128185865
9780128185810
9780128185087
9780128183458
9780128183533
9780128183168
9780128182192
9780128181409
9780128178195
9780128178072
9780128177662
9780128175637
9780128175286
9780128174340
9780128172261
9780128170762
9780128168271
9780128166642
9780128165492
9780128163641
9780128163436
9780128159750
9780128159729
9780128159682
9780128157763
9780128154991
9780128153505
9780128145517
9780128144039
9780128138786
9780128137451
9780128137246
9780128125038
9780128121627
9780128119884
9780128042250
9780128117453
9780128002179
9780081030134
9780081029657
9780081028506
9780081028025
9780081025154
9780081021200
9780081024720
9783406740619
9783406741876
9782294744549
9781509926176
9783406740954
9783030405410
9781119371168
9783406738500
9782503588148
9780367368418
9783110559484
9780323636360
9781119612469
9783319511948
9783406728488
9780128175033
9781337902724
9781786347329
9783800699063
9781138196599
9783960986928
9781909400252
9780323612692
9783406719806
9783452291844
9781536172065
9781536172041
9780750951203
9781119523994
9781138365445
9780367182427
9780128197950
9783452282767
9783800516803
9783814530086
9798615420924
9798612418672
9783446256903
9781260011210
9783126070942
9783427050421
9783806234787
9781782112303
9783621284127
9783446452084
9783842039506
9783956834196
9791029503221
9798601907156
9798611108819
9789814322263
9789814723053
9789811514531
9789811513336
9789811508097
9789811381911
9789811333804
9789811369681
9789811215858
9789811214943
9789811214301
9789811214134
9789811211065
9789811207846
9789811010309
9789462156746
9789402411904
9789211013320
9789048636310
9789027261304
9789027261250
9789004422131
9789004421974
9789004421905
9789004412798
9789004411883
9789004411739
9789004284814
9789004277441
9788413086958
9783965630291
9783848764730
9783848764716
9783848764709
9783848757725
9783800515394
9783764314736
9783750283442
9783708919713
9783708919676
9783700775249
9783667119063
9783667119056
9783662591673
9783658180836
9783642025204
9783527347018
9783504335281
9783503187843
9783472096221
9783452289742
9783410298823
9783406754272
9783406753503
9783406753480
9783406752308
9783406740817
9783406740039
9783406738333
9783406731877
9783406705052
9783319532127
9783319431529
9783170300552
9783161589324
9783132427723
9783110675924
9783110668735
9783110667196
9783110455731
9783110406948
9783030443559
9783030429812
9783030417451
9783030365516
9783030360580
9783030357894
9783030348748
9781848771468
9783030342715
9783030331276
9783030312053
9783030245436
9783030228736
9783030222765
9783030128869
9783030091675
9783030087029
9782850888243
9782850888236
9782804466909
9782503584881
9782503552927
9782290232101
9781977125675
9781977125668
9781977125637
9781977123596
9781977113900
9781977113733
9781977113566
9781975142643
9781975136024
9781975131340
9781975130756
9781975124632
9781912554454
9781912554362
9781912554355
9781912554331
9781909400535
9781905375431
9781857439588
9781799823254
9781799821892
9781799820420
9781799820369
9781799819660
9781799816621
9781799816263
9781799815341
9781799814313
9781799814047
9781799813934
9781799811312
9781799809692
9781799811169
9781799802648
9781794857278
9781444921366
9781789661767
9781789660876
9781789381627
9781788977210
9781788112727
9781787423305
9781786764430
9781786764393
9781786763563
9781786763525
9781786763280
9781786762689
9781786762641
9781786762528
9781785617799
9781785613845
9781784734299
9781784516628
9781782548829
9781780409511
9781771889216
9781771889193
9781771888868
9781771889056
9781771888851
9781847444844
9781771888530
9781771888844
9781771888158
9781732109025
9781732012004
9781725348615
9781725348653
9781725348608
9781725313965
9781725312067
9781719640091
9781725312005
9781683839613
9781657050488
9781655671678
9781655018282
9781654988326
9781654963316
9781654193690
9781644930779
9781642654844
9781642654738
9781642654622
9781642654462
9781642654387
9781641434461
9781641434355
9781641434102
9781641434065
9781641433983
9781641416610
9781641433327
9781635851397
9781630815554
9781601325013
9781574406214
9781569907818
9781544391298
9781543815436
9781543813807
9781543813753
9781543810837
9781543810790
9781543809060
9781543591903
9781538253335
9781536175301
9781536175325
9781536175288
9781536175264
9781536175189
9781536174687
9781536174649
9781536174854
9781536174625
9781536174311
9781536174298
9781536174274
9781536173703
9781536173536
9781536173253
9781536173239
9781536173215
9781536173192
9781536172980
9781536172843
9781536172607
9781536172584
9781536172409
9781536172164
9781536171709
9781536171334
9781536171297
9781536170986
9781536170962
9781536170818
9781536170788
9781536169874
9781536169812
9781536169331
9781536169317
9781536169157
9781536168822
9781536168662
9781536168334
9781536168297
9781536165784
9781536165586
9781536165449
9781536165364
9781536165210
9781591844297
9781782391210
9781534506770
9781534506763
9781526515339
9781526511874
9781526508140
9781526460707
9781522599326
9781522598251
9781522597797
9781522597759
9781522596271
9781522593737
9781522592426
9781522589129
9781509938018
9781509937998
9781502653079
9781498788571
9781498787932
9781498779418
9781498769150
9781498740715
9781498720199
9781498716352
9781496685575
9781496591845
9781493975853
9781482299250
9781482240153
9781474450805
9781474445443
9781466589834
9781466568204
9781463240745
9781463206024
9781449670801
9781433565670
9781350064089
9781350057654
9781319362546
9781319346959
9781319344757
9781319344702
9781319344689
9781319341091
9781319272661
9781319067113
9781319057978
9781300455288
9781284181159
9781284178418
9781260998740
9781138954144
9781138712430
9781138627666
9781138613379
9781138611719
9781138607330
9781138606739
9781138569393
9781138541344
9781138505209
9781138491663
9781138482876
9781138470262
9781138463929
9781138437869
9781138417847
9781138361218
9781138339705
9781138334762
9781138322110
9781138308213
9781138063488
9781138052949
9781138042841
9781119591580
9781119640363
9781119538387
9781119526339
9781119509639
9781119487197
9781471114229
9781119458494
9781119430698
9781119160670
9781119160069
9781119160595
9781119146919
9781119023692
9781118921456
9781118732212
9781118732632
9781118475416
9781118700808
9781118290354
9781108490566
9781108473033
9781108429245
9781108417631
9781108417099
9781107080218
9781107042100
9781107042094
9781071606995
9781071606674
9781071606711
9781071606599
9781071606223
9781071604663
9781071604588
9781071603888
9781071603840
9781071603802
9781071603451
9781071603260
9781071603185
9781071602737
9780815356264
9780803694118
9780780817500
9780780817494
9780754556695
9780750324182
9780750317306
9780750316576
9780750314497
9780750314329
9780521883351
9780748693122
9780471787044
9780444642561
9780444642110
9780444594822
9780393697308
9780393417326
9780367903565
9780367895525
9780367820398
9780367471033
9780367466183
9780367470531
9780367419721
9780367344962
9780367271763
9780367259419
9780367233556
9780367189327
9780367187170
9780367182236
9780367177775
9780367146535
9780357438916
9780357375587
9780357371398
9780357367537
9780357365304
9780357363232
9780357360576
9780357139790
9780357133484
9780357129463
9780357122846
9780199609895
9780198859871
9780198855163
9780198850793
9780198825104
9780198824954
9780198809012
9780198808053
9780198796190
9780198786900
9780198729013
9780198712442
9780198702238
9780197266595
9780190067397
9780136473763
9780136166092
9780128219669
9780128219188
9780128218730
9780128218242
9783125140592
9783432105086
9780128216767
9780128212813
9780128212592
9780128211922
9780128211687
9780128210031
9780128210017
9780128209998
9780128209875
9780128209820
9780128209813
9780128205846
9780128205051
9780128203231
9780128202401
9780128201350
9780128200377
9780128200186
9780128201336
9780128200148
9780128199299
9780128199275
9780128199046
9780128198742
9780128198704
9780128198438
9780128197899
9780128197684
9780128197578
9780128197172
9780128196571
9780128196595
9780128196564
9780128195529
9780128195352
9780128195321
9780128194553
9780128194041
9780128193112
9780128192528
9780128191286
9780128187128
9780128186985
9780128185933
9780128185407
9780128184844
9780128183670
9780128183052
9780128181843
9780128181348
9780128179437
9780128176443
9780128173848
9780128173442
9780128168653
9780128168233
9780128167878
9780128164228
9781444721126
9781444713930
9781439177228
9781423143284
9781410451835
9780128150245
9780128150207
9780128132272
9780128045992
9780128042809
9780081030219
9780081029855
9780081029336
9780081028247
9780081026342
9780008386412
9780008400927
9783466346868
9781138593497
9783131472526
9780847862733
9783110331301
9781118271568
9783955822200
9783446460324
9783406737343
9783800659715
9783132402577
9783132417564
9789813291461
9783527714018
9783944476162
9783775746939
9783722809328
9780323609333
9783132416147
9783868674194
9783132017511
9783030245672
9783848759255
9783801241421
9780323661140
9783030252328
9782844268709
9783958295155
9783802125034
9781409524328
9781409115342
9781409111474
9783110291483
9783406713248
9781526509505
9783787331864
9783132213715
9783132417663
9783848764259
9783131771414
9781788971997
9783811406438
9783132001916
9783132415508
9783922610045
9783131296245
9783760952451
9783662605653
9781119513476
9783579052823
9783406643767
9783110530995
9783406716812
9783406712821
9781522585282
9783170362260
9783406729225
9789811522246
9780128178843
9783406743382
9781522598145
9789811506017
9783848749904
9780128179642
9783805912303
9783848719327
9783406705045
9783406747991
9783476024718
9783504401016
9783406500480
9783658163631
9783658133405
9781853453601
9781786992437
9781658895101
9781319307059
9798609004468
9783476024732
9783473554461
9798613125814
9798601354653
9798615041426
9798614921743
9798615070945
9781405263825
9780954594466
9780857860736
9798604130346
9798617383722
9798603924472
9783426281642
9783453200821
9781250196231
9798608532931
9798611116944
9798609401328
9798613012336
9798612431343
9783437271120
9783440153512
9783865288431
9781119376620
9783946297062
9783038040637
9783741604096
9783779935216
9783806236323
9781910593363
9783837926262
9789088791666
9780691178165
9783925573767
9781526116864
9798612842767
9798604574669
9798604983003
9798603008127
9798610647968
9798607197315
9798601706834
9798985000016
9798609291141
9783132410831
9783959852814
9781291727333
9780226484846
9786197188134
9783506788535
9780070144811
9783593507880
9783902732880
9783867647397
9785389121089
9781119370987
9780763695835
9788432903274
9783939855477
9781780274645
9789988880231
9789988880101
9789814877190
9781787423343
9781522598213
9789813291737
9789811540288
9789811539138
9789811538667
9789811538629
9789811537646
9789811537141
9789811537103
9789811537066
9789811536762
9789811535130
9789811532696
9789811532894
9789811533686
9789811532412
9781945540189
9781547154821
9789352869046
9781328764621
9783330049918
9789756205693
9781520926704
9783962380090
9780231182690
9780996944809
9788893316460
9787020121120
9782019702625
9781978069596
9781942869238
9789811532146
9789811530746
9789811528651
9789811526114
9789811524745
9789811523281
9789811518836
9789811516313
9789811514791
9789811513657
9789811512858
9789811510960
9789811512001
9789811510830
9789811510014
9789811509896
9789811509773
9789811508899
9789811501340
9789811500244
9789811396113
9789811389450
9789811353291
9789811349621
9789811344749
9789811334979
9789811216565
9789811210235
9789811206399
9789811203299
9789083040523
9789045124759
9789041780904
9789004427099
9789004424920
9789004424197
9789004421660
9789004420359
9789004420014
9789004419032
9789004417762
9789004417069
9789004416666
9789004415621
9789004415010
9789004411593
9789004410220
9789004384088
9789004345249
9789004335899
9789004328488
9789004291355
9789002270055
9789002269981
9789002269998
9789002269714
9789002269691
9789002269707
9788891312105
9788891308849
9788499307824
9788417949334
9788194243809
9784910235011
9783874684255
9783868675061
9783848764686
9783848764693
9783848764679
9783848761357
9783848762422
9783848761173
9783848745869
9783848759910
9783848742226
9783848737833
9783836501347
9783811453166
9783805352239
9783802124945
9783800662562
9783800517282
9783750436176
9783708919652
9783708919645
9783708919621
9783708919249
9783700774150
9783700765370
9783662599495
9783658232290
9783662564844
9783648106969
9783579081021
9783540742579
9783534272150
9783527413713
9783506787309
9783506702807
9783504261061
9783476049223
9783476048035
9783472095934
9783410297079
9783406754050
9783406753336
9783406743887
9783406743894
9783406728709
9783406724381
9783406724336
9783406716010
9783406712098
9783406695612
9783406689833
9783318066692
9783318066203
9783170291416
9783161591150
9783110684186
9783110664935
9783110660265
9783110618792
9783110633412
9783110343519
9783038601906
9783030443801
9783030438500
9783030442583
9783030435097
9783030433055
9783030432935
9783030432713
9783030432102
9783030431914
9783030428303
9783030418618
9783030418496
9783030417154
9783030414856
9783030414283
9783030412340
9783030410070
9783030409708
9783030407483
9783030407230
9783030404635
9783030402730
9783030400248
9783030400095
9783030399610
9783030398347
9783030395117
9783030391645
9783030390327
9783030385002
9783030378646
9783030375577
9783030372767
9783030370503
9783030366766
9783030366704
9783030365714
9783030366636
9783030360788
9783030355166
9783030347468
9783030347123
9783030334901
9783030331351
9783030326555
9783030326210
9783030321765
9783030309107
9783030294298
9783030271459
9783030263645
9783030240509
9783030237264
9783030193522
9783030092375
9783030096120
9782869067424
9782843614309
9782807909663
9782503579689
9782503579672
9782375400289
9782368935033
9782294764981
9782247125906
9782203212206
9781978515871
9781975115814
9781975108274
9781975103224
9781940948454
9781930098350
9781912530304
9781909400993
9781893959286
9781839099656
9781799833796
9781799829010
9781799827696
9781799825432
9781799825272
9781799825142
9781799824435
9781799823643
9781799822653
9781799820154
9781799819622
9781799818519
9781799818472
9781799817864
9781799817703
9781799817666
9781799816430
9781799817345
9781799814924
9781799815303
9781799814863
9781799814351
9781799814276
9781799814009
9781799813095
9781799812821
9781799812005
9781799811121
9781799810827
9781799810414
9781799810216
9781799810179
9781799810018
9781799804659
9781799804413
9781799804260
9781799803737
9781799803157
9781799802808
9781799802495
9781799802426
9781799801863
9781799801825
9781799800620
9781799800040
9781792422102
9781789665796
9781789662603
9781789662450
9781789661477
9781789621341
9781788311847
9781788017480
9781788016780
9781788016773
9781788015301
9781788014168
9781788011600
9781787423145
9781787421929
9781786992987
9781786763488
9781786763365
9781786763204
9781786437952
9781785483158
9781785482519
9781785360855
9781785273759
9781783304691
9781783303793
9781783301300
9781783274444
9781782626565
9781780689166
9781771888486
9781771888295
9781771888288
9781683839903
9781683670353
9781683310617
9781682177099
9781659933185
9781656574787
9781654166588
9781646191635
9781642654783
9781642654752
9781642654721
9781642654707
9781642654615
9781642654592
9781642654370
9781641434416
9781641054034
9781641053938
9781641053495
9781641053228
9781635851410
9781631403088
9781630916855
9781630915124
9781627388627
9781607952961
9781560119692
9781560119661
9781543821321
9781538253359
9781538130216
9781538119754
9781536176506
9781536176438
9781536176124
9781536176087
9781536175165
9781536172966
9781536172546
9781536170283
9781536169898
9781536169539
9781536169034
9781536168587
9781536167412
9781536167375
9781536167092
9781534568884
9781534568594
9781534568556
9781534533851
9781534506794
9781526511799
9781526506207
9781522599890
9781522599814
9781522598930
9781522598299
9781522597469
9781522596936
9781522596790
9781522595625
9781522594857
9781522593515
9781522591955
9781522591634
9781522589730
9781522588733
9781522554127
9781522552949
9781522541455
9781515872061
9781515846451
9781510484917
9781510484894
9781510484870
9781510484856
9781502653017
9781498783637
9781498777407
9781498772594
9781498769655
9781498765510
9781498757935
9781498716031
9781498711890
9781496351456
9781496685568
9781487504281
9781482208771
9781474460729
9781474455268
9781474451604
9781466592322
9781466572805
9781449641306
9781439817360
9781439817346
9781439817322
9781436175258
9781433570988
9781421438146
9781419750274
9781337913102
9781337919456
9781337902687
9781337798877
9781319347048
9781319345983
9781319345686
9781319345563
9783804419513
9781292342900
9781284203349
9781284173130
9781264266432
9781138937963
9781138712348
9781138600072
9781138557185
9781138506022
9781138505711
9781138499034
9781138498815
9781138497214
9781138482821
9781138473935
9781138454989
9781138427730
9781138426801
9781138392236
9781138391543
9781138370692
9781138369269
9781138367173
9781138342613
9781138317963
9781138118751
9781138082687
9781138069749
9781119707769
9781119707745
9781119695783
9781119605591
9781119560968
9781119547952
9781119521136
9781119513964
9781119508267
9781119507574
9781119507536
9781119506317
9781119465850
9781119413301
9781119362463
9781119269434
9781119187509
9781119183778
9781119113621
9781118927045
9781118791806
9781108839761
9781108836845
9781108834667
9781108834650
9781108834643
9781108834636
9781108834629
9781108834612
9781108428347
9781108496018
9781107177772
9781108425636
9781071605950
9781071602225
9780998817514
9780905203737
9780891189602
9780891186199
9780873400541
9780849321610
9780831142315
9780831141318
9780815384731
9780815374633
9780815364672
9780815357094
9780815357087
9780815357070
9780815356417
9780815355281
9780815348085
9780808047858
9780803661745
9780791861998
9780567677556
9780444643452
9780444643391
9780444643438
9780444640390
9780393422306
9780393419993
9780367856816
9780367818821
9780367810450
9780367504748
9780367481681
9780367478209
9780367477226
9780367473587
9780367472252
9780367471309
9780367468866
9780367462802
9780367462437
9780367462093
9780367459154
9780367456122
9780367444143
9780367429218
9780367426361
9780367360467
9780367347369
9780367342746
9780367337407
9780367263768
9780367261191
9780367260965
9780367259501
9780367258856
9780367258955
9780367258719
9780367257705
9780367257187
9780367250690
9780367256456
9780367246167
9780367247805
9780367236915
9780367235581
9780367234782
9780367225933
9780367217815
9780367211776
9780367205058
9780367203511
9780367198428
9780367190675
9780367185992
9780367183547
9780367138158
9780367137939
9780367136000
9780367135096
9780357378229
9780357425022
9780357371077
9780357377840
9780357361696
9780357360767
9780357112410
9780357137352
9780323756174
9780323674065
9780323661270
9780313319846
9780310454939
9780199599820
9780310451181
9780300135527
9780198855309
9780198754374
9780190860806
9780195336948
9780190690694
9780190675233
9780135993958
9780135237915
9780128218150
9780128212608
9780128210888
9780128209721
9780128209745
9780128205983
9780128202500
9780128201893
9780128204665
9780128201879
9780128201855
9780128200438
9780128200070
9780128199572
9780128199466
9780128198117
9780128197745
9780128196670
9780128196663
9780128196281
9780128195925
9780128195901
9780128195277
9780128194812
9780128192146
9780128191323
9780128189610
9780128186756
9780128189481
9780128186459
9780128185735
9780128185711
9780128185018
9780128184806
9780128184714
9780128182857
9780128182604
9780128181706
9780128179703
9780128177280
9780128174241
9780128172049
9780128171950
9780128171936
9780128171127
9780128170168
9780128164754
9780128164198
9780128161517
9780128161098
9780128158661
9780128157626
9780128156674
9780128156650
9780128156209
9780128156032
9780128155011
9780128153604
9780128153185
9780128151341
9780128148112
9780128146965
9780128144558
9780128143575
9780128142899
9780128141465
9780128139554
9780128138083
9780128137062
9780128137048
9780128133590
9780128132821
9780128128732
9780128127803
9780128124666
9780081030059
9780128117101
9780081029916
9780081029671
9780081028629
9780081028483
9780081026120
9780081025710
9780081023655
9780080999258
9780061233661
9781848454460
9783442173075
9783804153769
9781626232914
9783406740138
9780323524827
9780785230892
9783801242510
9781440867279
9781799801177
9783800517138
9781138598256
9783452291981
9789811215490
9783030371944
9781138501140
9781138211384
9798613542352
9798614422363
9789813298972
9798602439229
9798602444735
9798612562948
9789811201868
9789811344015
9789810221638
9789810215057
9789403517230
9789062287703
9789057679568
9789024408948
9789041780867
9789004430983
9789004425941
9789004424135
9789004422698
9789004418882
9789004414693
9789004411036
9789004401976
9789004396807
9789004380455
9789004234505
9789004191334
9789002269608
9789002268779
9789002268762
9788412150155
9783709113950
9783662493182
9783410296966
9783410289265
9783410271697
9783410283713
9783110670806
9783406720833
9783030322694
9783030246075
9783030238278
9782807918214
9782758148982
9782503584058
9782368935002
9782368934449
9782110039743
9781977125644
9781975147730
9781927885598
9781927885536
9781847665461
9781912530144
9781799833833
9781799831525
9781799829102
9781799829065
9781799828747
9781799828716
9781799828235
9781799825173
9781799824879
9781799824220
9781799824183
9781799823773
9781799823728
9781799823513
9781799822455
9781799823063
9781799822356
9781799822127
9781799822080
9781799821779
9781799821045
9781799817918
9781799812166
9781799810377
9781799802068
9781792420658
9781789665628
9781789665338
9781789665017
9781789664539
9781789664041
9781789662641
9781789662122
9781789661194
9781789660791
9781789660753
9781789241853
9781788973700
9781788015912
9781788012713
9781786763402
9781786764355
9781786763082
9781786393777
9781785918759
9781783303915
9781782629931
9781782628286
9781725348677
9781725341746
9781725312050
9781646191819
9781647470913
9781646191727
9781642654332
9781641416375
9781641416153
9781641416146
9781622546794
9781585284450
9781543813814
9781543809237
9781539205005
9781536169911
9781536169416
9781536169072
9781536168624
9781536168686
9781536168600
9781536168396
9781536167832
9781536166507
9781536165616
9781536164817
9781536164220
9781526511911
9781526509772
9781522599968
9781522599067
9781522596837
9781522581031
9781522578505
9781509936717
9781498766937
9781498759021
9781496599513
9781474424882
9781472978226
9781454896265
9781449614942
9781446297070
9781440871160
9781440862137
9781440861932
9781440860843
9781440859908
9781440854675
9781440849992
9781440837340
9781410365620
9781319345587
9781319341268
9781319341145
9781319328337
9781319114787
9781138999381
9781138639355
9781138391697
9781138391635
9781138388444
9781138364981
9781138288850
9781138090699
9781138056602
9781119681311
9781119554141
9781119275473
9781119322689
9781119257585
9781119193296
9781119166870
9781118957981
9781119151524
9781108497688
9781108429337
9781108429320
9781108427166
9781108426039
9781071602898
9781071602140
9780891186250
9780867158885
9780857025241
9780815382218
9780808053941
9780780818293
9780761973010
9780749498627
9780525603283
9780415830584
9780415743037
9780415636919
9780393422474
9780393422375
9780367819200
9780367422721
9780367420154
9780367180324
9780367136581
9780367085889
9780367085872
9780357368107
9780357141809
9780323754484
9780323596985
9780199672905
9780198766360
9780198726067
9780198495055
9780136564904
9780136175902
9780134834085
9780134588308
9780128202524
9780128191965
9780128191408
9780128188170
9780128186329
9780128183328
9780128175927
9780128164556
9780128145357
9780081027950
9780081027134
9780081025420
9780192739186
9780323654074
9783662606742
9783406695032
9783707340037
9783709115435
9780357133491
9783030382605
9780323672931
9783406693922
9783406708688
9781522597421
9781538134184
9789004355590
9780358381747
9781406358384
9798608227301
9798609579706
9798608204364
9798608211171
9798607271718
9798608185779
9783548284576
9798605878131
9798612573517
9789814800945
9789813296190
9789813295308
9789813290297
9789811540318
9789811538278
9789811537257
9789811536380
9789811536069
9789811531712
9789811533822
9789811530197
9789811529252
9789811529139
9789811528538
9789811527791
9789811526619
9789811514500
9789811512742
9789811512193
9789811511882
9789811510809
9789811510588
9789811509353
9789811507892
9789811507502
9789811506291
9789811502620
9789811500008
9789811396038
9789811395277
9789811395239
9789811069796
9789490807344
9789389547962
9789004414563
9789004411777
9789004409408
9783990293737
9783862273744
9783848748877
9783811443457
9783800517251
9783757400170
9783662603079
9783662564554
9783658255565
9783658221065
9783406745560
9783406740459
9783406729362
9783110689365
9783110633801
9783110557091
9783110439717
9783110330717
9783030443719
9783030440404
9783030440374
9783030406899
9783030394448
9783030394417
9783030392116
9783030391119
9783030379155
9783030373924
9783030372200
9783030365554
9783030364298
9783030362959
9783030359621
9783030361181
9783030353858
9783030345204
9783030331450
9783030314378
9783030310646
9783030298081
9783030283995
9783030243333
9783030237080
9783030187958
9783865917416
9783030005894
9783030169688
9782850888250
9782807918207
9782503581620
9781978515840
9781950688043
9781975157579
9781950656240
9781950656233
9781950656226
9781950656219
9781912530328
9781799831716
9781799827795
9781799826538
9781799824367
9781799822776
9781799822578
9781799821854
9781799818632
9781799818281
9781799817024
9781799814740
9781799811084
9781799804376
9782818704417
9781799801948
9781799801740
9781799800392
9781788018708
9781788015899
9781788015684
9781788015646
9781788013703
9781788011327
9781787422629
9781786764225
9781786763440
9781782628163
9781782626480
9781771887977
9781782622970
9781725393165
9781659119046
9781473606074
9781659115499
9781657512207
9781658507486
9781657061408
9781653261307
9781641433921
9781644933497
9781597568548
9781543813746
9781536173086
9781536169294
9781536165876
9781534530461
9781526514745
9781526514455
9781526514219
9781526511287
9781526509307
9781522595502
9781522593775
9781522594819
9781784974176
9781509909384
9781503845275
9781498779685
9781498779036
9781498733168
9781495507885
9781439876756
9781433570933
9781433568664
9781433568657
9781319346249
9781319190798
9781319190767
9781260456868
9781260117400
9781138907256
9781138827486
9781138558557
9781138324459
9781138313569
9781138301641
9781138244450
9781138043602
9781119707660
9781119661894
9781119640370
9781119640196
9781119620075
9781119602088
9781119591689
9781119556213
9781119551638
9781119526230
9781119480006
9781119479987
9781119460114
9781119432678
9781119418290
9781118341421
9781108497701
9781108766548
9781108497695
9781108495714
9780831140311
9780808053828
9780780818392
9780780817517
9780756566302
9780470128794
9780444642400
9780444642394
9780444640703
9780415371933
9780393419962
9780367417246
9780367337612
9780367337544
9780367255121
9780367224288
9780367200046
9780357475201
9780357445778
9780357136300
9780357131695
9780357130544
9780357042922
9780323655828
9780198853374
9780198827511
9780198800637
9780198749493
9780198497608
9780194406192
9780135259498
9780128221983
9780128219591
9780128215395
9780128208137
9780128194836
9780128189122
9780128187999
9780128187838
9780128181621
9780128181287
9780128179079
9780128179055
9780128179031
9780128175828
9780128168974
9780128145548
9780128141991
9780128042793
9780081030172
9780081029770
9780081028018
9780081027486
9780081026748
9783060829712
9783807327051
9780198860099
9783406740848
9780128143971
9780128143957
9780128144114
9789385059407
9781799800354
9798606352005
9783658276676
9783030002824
9781536175752
9781536172027
9781526507143
9781107189843
9780323511124
9780128132661
9780692678183
9798602125146
9798607283339
9798612750161
9789813278370
9789811504259
9789811023675
9789811023460
9798602078770
9798602835274
9798602367416
9789811023439
9789403510941
9789022590010
9789004428720
9789004425668
9789004423633
9789004420175
9789004416970
9789004413610
9789004409477
9789004405288
9783958293687
9783848746842
9783772827341
9783727235146
9783662585276
9783662585290
9783662577790
9783658286064
9783658280000
9783658279783
9783658265861
9783658265557
9783658260187
9783658248611
9783658247287
9783579058498
9783506735027
9783433033050
9783415066175
9783410296409
9783410295839
9783410295785
9783410280903
9783406739507
9783406739170
9783406729447
9783406724855
9783406724848
9783406713996
9783406712500
9783406693908
9783110206265
9783030400484
9783030292102
9783030098476
9782809483192
9782368935026
9782290232040
9781977114181
9781927885574
9781927885611
9781905002733
9781899828913
9781840649628
9781799829751
9781799825623
9781799825470
9781799825395
9781799822394
9781799822202
9781799821816
9781799818397
9781799821731
9781799817185
9781799816553
9781799816515
9781799815662
9781799815587
9781799815228
9781799814238
9781799813026
9781799812944
9781799812982
9781799812340
9781799810056
9781799803652
9781799801788
9781799801344
9781789663150
9781788979207
9781788973526
9781788019088
9781788015370
9781788011525
9781787422902
9781786764478
9781786764300
9781786764263
9781786612762
9781785917332
9781785917301
9781785917271
9781785917240
9781785917219
9781785917158
9781785917189
9781785917127
9781784734268
9781784732714
9781725341791
9781658855587
9781657553408
9781657539907
9781657532069
9781657531062
9781657518858
9781657518407
9781657513389
9781644936320
9781641416597
9781641416580
9781641416573
9781641416443
9781641416436
9781641416351
9781641416290
9781641416269
9781641416252
9781641416238
9781641416184
9781641416122
9781641416061
9781626238084
9781616310240
9781582558479
9781543810035
9781536176704
9781536176667
9781536175776
9781536175615
9781536175530
9781536175349
9781536175080
9781536175066
9781536174601
9781536174489
9781536174465
9781536174441
9781536174427
9781536174250
9781536174205
9781536174120
9781536174106
9781536173970
9781536173796
9781536173604
9781536173284
9781536173178
9781536173154
9781536173130
9781536173048
9781536172652
9781536172003
9781536171976
9781536171761
9781536171747
9781536171587
9781536171563
9781536171549
9781536171426
9781536171402
9781536171389
9781536169973
9781536169553
9781536169492
9781536169324
9781536168907
9781536168815
9781536167917
9781536167894
9781536167351
9781536164329
9781536164305
9781536162783
9781536162752
9781526508010
9781526505293
9781526427748
9781522599401
9781522598107
9781522598060
9781522598039
9781522596875
9781522596752
9781509938032
9781509931934
9781506261379
9781506259345
9781496685599
9781496586834
9781496388308
9781496381491
9781482248647
9781472463999
9781472435262
9781461401971
9781454890980
9781451115956
9781416629085
9781416629061
9781416628897
9781398307490
9781319109004
9781138677937
9781138585010
9781138578616
9781138364929
9781138327825
9781119661191
9781119661146
9781119650980
9781119640455
9781119620372
9781119631712
9781119620167
9781119614333
9781119555643
9781119554851
9781119540953
9781119536062
9781119476412
9781119363583
9781118783276
9781108424349
9781071606193
9781071601495
9780815361428
9780787672201
9780780818309
9780470635353
9780367897420
9780444639349
9780367820480
9780367819255
9780367476489
9780367356057
9780367351137
9780367225995
9780367210694
9780367204785
9780367195656
9780367000905
9780323764612
9780323764568
9780323596954
9780323391559
9780262043250
9780199682126
9780199576272
9780198848349
9780198816935
9780198810100
9780198809548
9780198799962
9780198725237
9780190860509
9780190847388
9780128216149
9780128197448
9780128198131
9780128192122
9780128188705
9780128182321
9780128179581
9780128179550
9780128176405
9780128175057
9780128153550
9780128150412
9780128135037
9780081029831
9780081029060
9780081028902
9780081026960
9780081026069
9780081022511
9780028666877
9780028666822
9780028666761
9780028666785
9780008399887
9780008395087
9780323509138
9783406720963
9781789242065
9783700182696
9780323713306
9781119662419
9781138584921
9780815361848
9780415814744
9780815375869
9783406751677
9781119662358
9780702074714
9781496386373
9782072891694
9781626237094
9781543807806
9781138740952
9780367027445
9780078025846
9798612767831
9798614764050
9789814800679
9789814800327
9789811512889
9798609600882
9798602561371
9798600299382
9798606837403
9798607867829
9798607034603
9798609816153
9789811207129
9789004426771
9789004425279
9789004424685
9789004423190
9789004422322
9789004420823
9789004418721
9789004418073
9789004414532
9789004414228
9789004408555
9789004397866
9789004348592
9789004343979
9789002270529
9788413086491
9783796539817
9783527341375
9783472096207
9783410281122
9783410245353
9783406747113
9783319966809
9783110670820
9783110650693
9783110559378
9783110438192
9783030443931
9783030432676
9783030425074
9783030399658
9783030382766
9783030279608
9782368934975
9782368934968
9782203212336
9781927885659
9781927885550
9781912755233
9781912168194
9781848003637
9781799830665
9781799830344
9781799830306
9781799825135
9781799824916
9781799824404
9781799823810
9781799822530
9781799821977
9781799821939
9781799820192
9781799815815
9781799814191
9781799803577
9781792421198
9781789665055
9781788971461
9781788017206
9781788015202
9781788015103
9781788014427
9781786763600
9781786763327
9781786762481
9781786204042
9781784538101
9781782620457
9781772124903
9781690892038
9781686385629
9781684674558
9781681111667
9781676462781
9781661788223
9781661778125
9781660816026
9781660766963
9781658311632
9781658150064
9781657553231
9781657859975
9781657540187
9781657533752
9781657533035
9781657517134
9781657516939
9781657513891
9781657512528
9781656970589
9781656903945
9781656244147
9781655205538
9781654687014
9781654685836
9781654684709
9781654683139
9781654359881
9781654680008
9781654088804
9781653298808
9781653288458
9781653281466
9781653271856
9781653253937
9781652779971
9781652766117
9781651758434
9781651364147
9781647689339
9781641054645
9781626236677
9781536171808
9781536171662
9781536171198
9781536171143
9781536169836
9781536169638
9781536167689
9781536166576
9781536166378
9781536166040
9781534506701
9781526511416
9781526512451
9781522588856
9781509931781
9781501886324
9781501876509
9781498753135
9781496356017
9781495507878
9781474292504
9781469899534
9781466592575
9781466589254
9781440842269
9781410388391
9781350017245
9781337917537
9781337613927
9781319305673
9781319305659
9781319305604
9781305963160
9781260821345
9781260821314
9781138961579
9781138953758
9781138917774
9781138744981
9781138734463
9781138734418
9781138638938
9781138608047
9781138590304
9781138585584
9781138555686
9781138549722
9781138495623
9781138494923
9781138492837
9781138490918
9781138485990
9781138487697
9781138482197
9781138479883
9781138478503
9781138389458
9781138478411
9781138333055
9781138332935
9781138320499
9781138320352
9781138092303
9783958632462
9783667111746
9783437285721
9783954531370
9783466346639
9783829745451
9783834636768
9783833855801
9783894277932
9783833861390
9783956544354
9783961114702
9781138059306
9781138047631
9781138036376
9781119714231
9781119714224
9781119714217
9781119650911
9781119639213
9781119614227
9781119592068
9781119591603
9781119487951
9781119438809
9781118768310
9781118799420
9781119407775
9781118497067
9781108834605
9781108496353
9781071606438
9780815366492
9780815395218
9780815361749
9780815347910
9780415693103
9780415614818
9780414069299
9780393441017
9780367472931
9780367457952
9780367437879
9780367417321
9780367409029
9780367368340
9780367357054
9780367354329
9780367351052
9780367348519
9780367251277
9780367250560
9780367236489
9780367233853
9780367223724
9780367197162
9780367196783
9780367187460
9780367185824
9780367023454
9780357368749
9780357442043
9780357372722
9780357368633
9780357363362
9780357133514
9780357038314
9780357133507
9780357022269
9780323478229
9780198865773
9780135264461
9780128188064
9780128188057
9780128182260
9780128180389
9780128121634
9780128045220
9780081020678
9780081020654
9780081005729
9780078023828
9783551311993
9783899812831
9781421590561
9783403065708
9783596297573
9783132435247
9783406745348
9781479180554
9783132414983
9780357131381
9783406715983
9783452289230
9781138722873
9781119545811
9783110291476
9789004297463
9783110585407
9783504561062
9783848749782
9783132429338
9783406726712
9783658274344
9780081027820
9781786394675
9783406743863
9783030366469
9781536168990
9781536168747
9781683504580
9783844525991
9783957260185
9783667111852
9789063694531
9782021314809
9783708807126
9798614776923
9783800516315
9783958293403
9783406506529
9798615449956
9798616019578
9798615337161
9798616645029
9798616778895
9798614323196
9798613606399
9798616739513
9798616458780
9798616266422
9798613534999
9798616865069
9798613994052
9798614183158
9798614218782
9798613923670
9798601897242
9798614879594
9798613134519
9798615373398
9798615358128
9783940527844
9783869137599
9780310515746
9789056917388
9783766722003
9783766722546
9782330075576
9783938187739
9781119321620
9798613962143
9798615564215
9798613477692
9798615701900
9798613146550
9798615413667
9783800109180
9783954641284
9780823275311
9783473401635
9783411756971
9783831032907
9781538711361
9783959720311
9783658183837
9798613995318
9798613601240
9798613803477
9798612760221
9798612696032
9798612727934
9798612806721
9798613351435
9798613197668
9798613959792
9798613340408
9798614203283
9798612793106
9798613954483
9798613632398
9798613225040
9798614196035
9798614213565
9783403202790
9782350464152
9781401269791
9781946837967
9781401265984
9788420485980
9781786573285
9783668417977
9782749256658
9783769136630
9781630514686
9781630514693
9781631592706
9781513628950
9798612689041
9783643136312
9781510723559
9798612636311
9798612798187
9798612671664
9798613344369
9798612405672
9798613940233
9798605871217
9798612646525
9798612781004
9798613799862
9798612712527
9798613921720
9798608461767
9783862460656
9783505128936
9798612075820
9798613191826
9798612154129
9798613929153
9798612700401
9798612366379
9798612752936
9798612090847
9798613948611
9798612071181
9798613377541
9798609273178
9798612737728
9798613184491
9798614176341
9798612143291
9781493029969
9781783271818
9782706126741
9782035942463
9780991660810
9780702072925
9781473863101
9781786705907
9783954715350
9782021317428
9781545492956
9781510729544
9783957525086
9783954715886
9781451667868
9798612038085
9798612060598
9798612080893
9798612070115
9798612009627
9798612036043
9798612041726
9798612024408
9798612086192
9798612065241
9798612025917
9788831726191
9788826471686
9788826469140
9788826468716
9788826468877
9788826467825
9788826431628
9788826431390
9788826429618
9788826425184
9788826426754
9798612378112
9798612421092
9798612040064
9798612028802
9798612408291
9798609449108
9798609625809
9798612034193
9798612055686
9798612027096
9798609342706
9798605638988
9798610276274
9798609416896
9798611478387
9798612031727
9798612030645
9798604041574
9798611711255
9798612022961
9798609428219
9798605038047
9798609421098
9798603590820
9798609441379
9798609893444
9798609533456
9798608558184
9798609856296
9798609409683
9798609413154
9798609841513
9798609445025
9798606335138
9798609348425
9798608245640
9782012454484
9798604638439
9798605101376
9798605605232
9798604407042
9798604638293
9798606643011
9798609437310
9798609401991
9798605714583
9798605389835
9798606150656
9798607238391
9798608763168
9798606147175
9798606647644
9798609407283
9798602439274
9798602475876
9798603267555
9798602448085
9798601847346
9798605023425
9798603974385
9798601818582
9798603319070
9798601769600
9798603215273
9798602997736
9798601714396
9798603861302
9798604387344
9798605018988
9789814877145
9789814877138
9789814800921
9789814800938
9789814800914
9789814800396
9798601479752
9798603546735
9798602449723
9798602167740
9798603439792
9788193976401
9789811539763
9789811532498
9789811528613
9789811526954
9789811518638
9789811508851
9789811506932
9789811501869
9789811501456
9789811395192
9789811215469
9789211483284
9789065394194
9789004425712
9789004421059
9789004410787
9789004401396
9788891318862
9783990293720
9783890075518
9783862273515
9783848727438
9783805913034
9783795910105
9783772829017
9783770563708
9783662583678
9783658286507
9783658265908
9783658265854
9783642174155
9783446456389
9783410298571
9783410295365
9783410295105
9783410287339
9783410267539
9783406753428
9783406738487
9783406724831
9783406723926
9783406714566
9783406650925
9783319687285
9783319517025
9783319489490
9783170354791
9783161507489
9783132429826
9783132429772
9783110632798
9783030429386
9783030423629
9783030418939
9783030418779
9783030416645
9783030393182
9783030392246
9783030386658
9783030380397
9783030379186
9783030370695
9783030355326
9783030341510
9783030313647
9782860001786
9783030244163
9782735125333
9782374951539
9781978515833
9781975144432
9781947094246
9781946607232
9781916247413
9781839161445
9781799832188
9781799824442
9781799825319
9781799823100
9781799821281
9781799819509
9781799819448
9781799816904
9781799816393
9781799814610
9781799812869
9781799812531
9781799810339
9781799803775
9781799803331
9781799800668
9781799800224
9781797112381
9781789241181
9781794221147
9781788017893
9781788017824
9781788017268
9781788017213
9781788017183
9781788015554
9781788015479
9781788015462
9781788014793
9781788014618
9781788011723
9781788010870
9781786763242
9781785917424
9781785917394
9781785917363
9781785363207
9781780648279
9781777071400
9781771889209
9781771889186
9781733774024
9781733573917
9781731347060
9781727793611
9781725348592
9781725341760
9781676526193
9781675944257
9781675798362
9781673281057
9781672040549
9781661754907
9781661332785
9781659856958
9781660585380
9781660176441
9781659646153
9781657972735
9781658192651
9781657887794
9781657363373
9781657246560
9781657136366
9781656784643
9781655024399
9781655051432
9781654089955
9781650930886
9781644933954
9781642654813
9781642654769
9781642654509
9781634941495
9781621501886
9781626238916
9781609139148
9781582122830
9781543815894
9781543813661
9781543804379
9781543804386
9781536176742
9781536176308
9781536176230
9781536176278
9781536176216
9781536176193
9781536176179
9781536176155
9781536174915
9781536175950
9781536174885
9781536174519
9781536174496
9781536174373
9781536174182
9781536173895
9781536172461
9781536171846
9781536171457
9781536171129
9781536170887
9781536170023
9781536169713
9781536169591
9781536169096
9781536168860
9781536168952
9781536168532
9781536168105
9781536167931
9781536167856
9781536165821
9781536165425
9781536162790
9781536162776
9781536162769
9781534506732
9781522597506
9781522593805
9781522591757
9781520353500
9781502655189
9781498787550
9781496680921
9781498740487
9781496587206
9781496583796
9781454892700
9781451193572
9781435496798
9781337902649
9781337624183
9781138901766
9781138744462
9781138704053
9781138655041
9781138681323
9781138633803
9781138615861
9781138599352
9781138596689
9781138594388
9781138580893
9781138579903
9781138541177
9781138496422
9781138489370
9781138489011
9781138483187
9781138479821
9781138370395
9781138333413
9781138331549
9781138229969
9781138303584
9781138092242
9781138061224
9781138061149
9781138057685
9781119707721
9781119650997
9781119650942
9781119620198
9781119548126
9781119526285
9781119507550
9781108690706
9781108498852
9781108498234
9781107020399
9781071604205
9780998307541
9780990670063
9780984660230
9780815397854
9780815393757
9780815376712
9780815376453
9780815375364
9780815372530
9780815370963
9780815364115
9780768943221
9780578643748
9780444641250
9780444637581
9780393422276
9780387366807
9780367859442
9780367859435
9780367485870
9780367360672
9780367355036
9780367348946
9780367265670
9780367209414
9780367208288
9780367195540
9780367193737
9780367189525
9780367186852
9780367183776
9780367146115
9780367076344
9780357461709
9780357445129
9780357442142
9780357442135
9780357442128
9780357438480
9780357366387
9780357363669
9780357359341
9780357359334
9780357359327
9780357359310
9780357141212
9780357131787
9780357130797
9780357131626
9780357042915
9780323754408
9780323549424
9780198863151
9780198851493
9780771089411
9783831025572
9780198850434
9780198846512
9780198804628
9780198803812
9780198797272
9780160953842
9780160953835
9780160953828
9780128202579
9780128216156
9780128197295
9780128194140
9780128193365
9780128190906
9780128190630
9780128190555
9780128189184
9780128185360
9780128184226
9780128178805
9780128167809
9780128160916
9780128144077
9780128144053
9780128130759
9780008366940
9780754556367
9783800649815
9780323523424
9783406649011
9783890078786
9781536165128
9780060724627
9791028303976
9789814800594
9789811369766
9789811208850
9789004419438
9789004416062
9789004359963
9783704683496
9783527346813
9783406678011
9783319505640
9783110671384
9783110631562
9783030415433
9783030372170
9783030365394
9783030226626
9782503584089
9782503582894
9781975148164
9781975139407
9781975115562
9781975112486
9781975111595
9781799825210
9781799824268
9781799822240
9781799822165
9781799821120
9781799821083
9781799816805
9781799813064
9781799812388
9781788014939
9781785917011
9781785368981
9781782624325
9781782629474
9781647474300
9781647471392
9781642809756
9781641416603
9781641416078
9781614512882
9781626236851
9781536172485
9781536172508
9781536171464
9781536169676
9781536168846
9781536169652
9781526503718
9781522592464
9781509922246
9781508286882
9781502652935
9781496375544
9781446252208
9781398307346
9781319346362
9781319173029
9781260690163
9781138545939
9781138483941
9781138332867
9781138054936
9781119662365
9781119507567
9781119507529
9781119363446
9781119146711
9781071605233
9781071604298
9780996975728
9780867158328
9780849339981
9780815367130
9780414074415
9780367370282
9780337999949
9780323523783
9780198726418
9780198495659
9780198495475
9780128198858
9780128189818
9780128187821
9780128183984
9780081028322
9780081027066
9780081025192
9780008378882
9781250010285
9783662533789
9781657604162
9783800515905
9783406710704
9798609921123
9798609921482
9798617385160
9798613467655
9798604189573
9798616143341
9798613883080
9798614066468
9798605803690
9798610375250
9798610375458
9783954531400
9788799566778
9783125354036
9783423281416
9783899939538
9798610375397
9798607769529
9798610375496
9798610259048
9798609920560
9798610375588
9798609921994
9798606680559
9798609920843
9798610375335
9798605804949
9798609922403
9798604847022
9798605349112
9798604846766
9798604846636
9798603906553
9798604846582
9798605220282
9798604846551
9798604846988
9798604846803
9783866263987
9798604847053
9798604846506
9798604846469
9789811537417
9789811536304
9789811523489
9789811523168
9789811516153
9789811513060
9783518422946
9781849804554
9798601339018
9798602479980
9798600795044
9798600439580
9798602882162
9798601790864
9798600454194
9798600873001
9789811511233
9789811506321
9789811504532
9789811504495
9789811502132
9789811501234
9789811309342
9789811302176
9789811215629
9789048636365
9789048635955
9789048624072
9789027261168
9789004415553
9789004417199
9783772826238
9789004399624
9783772823053
9783772825729
9783642541124
9783642034770
9783579081038
9783406740923
9783406729218
9783406674358
9783110544619
9783030433499
9783030424152
9783030366933
9783030366278
9783030361259
9783030339494
9783030148348
9783030095901
9783030147815
9781799823292
9781799823186
9783829745697
9781799819783
9781799818717
9781799814795
9781799814764
9781799810520
9781799801139
9781799800477
9781786763006
9781786439178
9781786430953
9781785919923
9781785368332
9781784538439
9781780434452
9781661393922
9781661393908
9781661393861
9781661393847
9781661048884
9781660771257
9781660513093
9781659691313
9781659222319
9781657588721
9781655210693
9781653942824
9781653939954
9781642655759
9781642655674
9781642655513
9781544354446
9781543813654
9781543809046
9781543801088
9781536176605
9781536172928
9781536171600
9781536172492
9781536170733
9781536170047
9781536169256
9781536166965
9781536167818
9781536166903
9781536166842
9781522589334
9781515870852
9781498718752
9781496599377
9781496306494
9781496306470
9781474461696
9781429237864
9781350046023
9781350045699
9781319365813
9781319341039
9781319342760
9781319257972
9781138491694
9781138068896
9781138036673
9781119156567
9781092506090
9781092505864
9781092505505
9781071602935
9780780818361
9780754556718
9780415538848
9780414075283
9780414072084
9780367375898
9780367353711
9780323612043
9780135990841
9780134378060
9780081029411
9781617294433
9783840375620
9783498035679
9783140226776
9783791047812
9781912530281
9783406700354
9780198713005
9783662543672
9783452291882
9781119371502
9781319017644
9789814800358
9789811369704
9790260109056
9789811301339
9789811053078
9789462156623
9789004419988
9789004414952
9789004413115
9789004406797
9789004395961
9789004310964
9783863356347
9783848739417
9783848736911
9783805912860
9783796540417
9783442392889
9783621283731
9783125140653
9783700775447
9783662435878
9783662598597
9783658274351
9783658262327
9783658233877
9783658233860
9783658233853
9783658112424
9783642132223
9783527342204
9783452288400
9783410274186
9783319958699
9783319678276
9783319649429
9782844318251
9783110676570
9783110618525
9783110581126
9783110565973
9783110274783
9782807902145
9782754109819
9781975103996
9781799830382
9781799829256
9781799825777
9781799824305
9781799823551
9781799823476
9781799822424
9781799822011
9781799821328
9781799815464
9781799815181
9781799802617
9781799802389
9781786763129
9781786203830
9781642823790
9781642655766
9781642655681
9781642655612
9781642655520
9781642655483
9781642655490
9781642654684
9781642654608
9781642654479
9781543813524
9781543810660
9781543804669
9781543804591
9781536169614
9781536168976
9781536168761
9781536168723
9781536167702
9781536166927
9781536166071
9781536165487
9781534506725
9781534506718
9781973479543
9780500500729
9783593507705
9781981736447
9783858697080
9781782571698
9783403104193
9783865223401
9783593505220
9780878468447
9781495016974
9783825247621
9781981598687
9783498033422
9780878426805
9781502653130
9781496394019
9781496306463
9781472465672
9781454897910
9781440800849
9781319341060
9781260704938
9781138670723
9781138478114
9781138238251
9781137568113
9781119568070
9781119505167
9781119490289
9781119479093
9781119467762
9781107020658
9781107013582
9780838915318
9780756566319
9780756564353
9780367406523
9780367220310
9780357475140
9780323764582
9781481142441
9783788619138
9780198753780
9780198496014
9780198495833
9780135229927
9780128199701
9783161553448
9781473857612
9783120494010
9781786820860
9780995753594
9781977991003
9781782214243
9784871877848
9781785210846
9784861526312
9780994741806
9783507116511
9780008204501
9783868287219
9789004414600
9781119417750
9780323672467
9780393088649
9780323375078
9780199271870
9780300251043
9781799801061
9783406738418
9783030340445
9789813299375
9789813237964
9789811524844
9789811506437
9789004428652
9789004422407
9789004422148
9789004338517
9783791359359
9783727225970
9783727217647
9783527411597
9783472096238
9783465012788
9783406695353
9783452294982
9783406648595
9783030423506
9783030410568
9783030392987
9781975114688
9781975110710
9781927885673
9781927885635
9781799830726
9781799829638
9781799829492
9781799829140
9781799828075
9781799827689
9781799827146
9781799826033
9781799825951
9781799822691
9781799822042
9781799821014
9781799819349
9781799820918
9781799810902
9781799810421
9781799802105
9781799801191
9781788116626
9781786203823
9781780764122
9781644933657
9781642654073
9781642654011
9781641416528
9781642653977
9781641416467
9781641416399
9781683830610
9780998708102
9783498070694
9781591848295
9780750981521
9781481486903
9781473873025
9783170333772
9781473849136
9781302904142
9781979710305
9780822369936
9782353273775
9781784286446
9781641416382
9781641416047
9781626236936
9781641415637
9781610024136
9781543815603
9781543809039
9781543806793
9781543804577
9781543804454
9781543804492
9781543804447
9781543804423
9781543804362
9781543801040
9781536169010
9781536168785
9781536168372
9781536168235
9781536167665
9781536167450
9781534506749
9781536167146
9781526509062
9781526504326
9781522598374
9781522582700
9781509915149
9781498769723
9781447156154
9781319346348
9781319345754
9781138501874
9781119696094
9781119587668
9781119510109
9781119510246
9781119436829
9780872170827
9780415839044
9780815370000
9780387859590
9780367466220
9780367243951
9780367219161
9780367075606
9780367001162
9780357367667
9780323764575
9780323757959
9780198859253
9780323757966
9780198839866
9780198832737
9780198732471
9780190643751
9780081029992
9781770859708
9781593932718
9781625451132
9782081421936
9781939621528
9781783272044
9781780237176
9780745670386
9781119128717
9781743367575
9780764353178
9784862561961
9781631408441
9781601428813
9783131312341
9783662589830
9783933557766
9783527336036
9783131473523
9783848748853
9783662602997
9781975121518
9781509923595
9789814800983
9789811504730
9789811214714
9789077644690
9789056478384
9789013153101
9789004423732
9789004426900
9789004422261
9789004419261
9789004412514
9789004397736
9788891319081
9789004297449
9783862274086
9783772827037
9783772824050
9783772817465
9783772085055
9783700776703
9783700772668
9783648118535
9783534272013
9783506788887
9783447061681
9783446461482
9783406740824
9783406711992
9783406603273
9783319672854
9783319569871
9783319503905
9783110442960
9783110365405
9782290232330
9782503586014
9782290232088
9781975117009
9781940291291
9781912755318
9781857439373
9781799827047
9781799824572
9781799820970
9781799820888
9781799819899
9781799819479
9781799812135
9781799811251
9781799810483
9781799801900
9781799800583
9781799800149
9781788971072
9781621501909
9781621501862
9781610694988
9781573875639
9781543590197
9781536174830
9781536173062
9781536172201
9781536171501
9781536170924
9781536165944
9781522596110
9781522594253
9781522591993
9781409453239
9781409401254
9781350132467
9781292342993
9781264266425
9781264266418
9781264266401
9781138852242
9781138584648
9781138479517
9781138320703
9781138297876
9781138295421
9781138015999
9781119399858
9780873354356
9780754658283
9780754657279
9780415391795
9780367483845
9780128194027
9780128187975
9780128184691
9780128177860
9780081029930
9789752898202
9780323428606
9783800656820
9783504311797
9780198826491
9783406713392
9781302924027
9780113316687
9783406724824
9780323609623
9781260026931
9781496386489
9783662609767
9781138068216
9783406671487
9783030168063
9781540962225
9783406707858
9783319310671
9781522599029
9781975129521
9781496397690
9781108485104
9780702075827
9780367136512
9780199660995
9780198832867
9789814603041
9789811537523
9789811525445
9790006550241
9789811514678
9789811507717
9789811500312
9789811368790
9789811330407
9789811309366
9783898455008
9789811303807
9789811302190
9789811301353
9789811053092
9789811038952
9789811023651
9789811023477
9789811023446
9789491673269
9789491673009
9789462156807
9789462156814
9789462156791
9789462156715
9789462156708
9789402411874
9789077644676
9789077644652
9789077644324
9789077644218
9789059247314
9789056478391
9789041780898
9789004427310
9789004426214
9789004423251
9789004422117
9789004418745
9789004416116
9789004413207
9789004375062
9789004361690
9789004315556
9789004269880
9789004269873
9788891319272
9788891319197
9788498903768
9788494872099
9788491135630
9788402422200
9783958293366
9783848756155
9783848703005
9783832972660
9783805913003
9783800516582
9783805912570
9783772085079
9783796538148
9783757400101
9783752849837
9783752849691
9783727216053
9783662596142
9783662585368
9783662574904
9783662585351
9783662494219
9783658233884
9783658229023
9783658215330
9783642045561
9783527413812
9783527345762
9783506788108
9783486566239
9783472089728
9783410277231
9783406746024
9783406746017
9783406745225
9783406745218
9783837133653
9783406740374
9783406735905
9783406734618
9783406728945
9783406727719
9783406716768
9783406714443
9783406677045
9783406655890
9783406500466
9783319957258
9783319957166
9783319956749
9783319905686
9783319784397
9783319721675
9783319717272
9783319687308
9783319587301
9783319574141
9783319478661
9783319088327
9783257021721
9783132429864
9783110592801
9783110574579
9783110545555
9783110545517
9783110293203
9783030443245
9783030442668
9783030442163
9783030436155
9783030440503
9783030421205
9783030409739
9783030394653
9783030380762
9783030366957
9783030364076
9783030363574
9783030314392
9783030313661
9783030289461
9783030289324
9783030289393
9783030283148
9783030243357
9783030237103
9783030167585
9783030162498
9783030157883
9783030151461
9783030148362
9783030147839
9783030098650
9783030053352
9782851171917
9782807205963
9782804499112
9781977123459
9781977123589
9782503544137
9781977123282
9781975148201
9781975136475
9781975136062
9781975131494
9781975130909
9781975124793
9781975123024
9781950656202
9781975112967
9781938939839
9781912554232
9781799829560
9781799827252
9781799824336
9781799821366
9781799821205
9781799818311
9781799817635
9781799816119
9781799813972
9781799813170
9781799812906
9781799812302
9781799804178
9781799809548
9781799803263
9781799802020
9781799801375
9781789905700
9781788970235
9781788840835
9781788119955
9781788114257
9781788113519
9781788112161
9781784664053
9781784535162
9781784519087
9781782621249
9781780768038
9781780438429
9781771888448
9781771888417
9781771888271
9783981797589
9783829745710
9780674979857
9783800159505
9780718187729
9783421047502
9783424153163
9783834635648
9783829745352
9783608960419
9780802126931
9783791040202
9783423281072
9783407858467
9781426217777
9781725307445
9781725313934
9781642655780
9781645274599
9781642655773
9781642655742
9781642655735
9781642655728
9781642655704
9781642655698
9781642655667
9781642655650
9781642655643
9781642655629
9781642655582
9781642655575
9781642655568
9781642655551
9781642655544
9781642655537
9781642655506
9781642654868
9781642654677
9781642654660
9781642654530
9781642654523
9781642653632
9781642653168
9781642652598
9781641416450
9781641416412
9781641416405
9781641416320
9781641416214
9781641416115
9781641416108
9781641415972
9781641415965
9781641415958
9781641415941
9781641415620
9781641415613
9781628315547
9781628315264
9781628315233
9781628315226
9781628315196
9781628315202
9781625529640
9781613771440
9781588521781
9781560119548
9781556484506
9781544300573
9781543591286
9781536176643
9781536176568
9781536175851
9781536175240
9781536174748
9781536174359
9781536174335
9781536173956
9781536173932
9781536173390
9781536172799
9781536172751
9781536172737
9781536172713
9781536172515
9781536167337
9781536167030
9781536164930
9781526515452
9783126222686
9788868761691
9780008196806
9783230042408
9782800173399
9780714875361
9783768817868
9783834636805
9783866711419
9783833859151
9783829607704
9783940431639
9781572818835
9783834636812
9781526513250
9781526512154
9781526509260
9781526508423
9781526459930
9781526424129
9781522596431
9781522595700
9781522190509
9781509924158
9781509924066
9781503852983
9781503845244
9781503845251
9781503845190
9781502655387
9781498775342
9781498732734
9781496685612
9781496597724
9781496597694
9781496597670
9781496597663
9781496447432
9783868838312
9781495507687
9781495507939
9781496398918
9781493997626
9781493987894
9781482248029
9781474313919
9781474313643
9781474307048
9781473942202
9781449694746
9781440862434
9781410395832
9781410389060
9781410385147
9781410384737
9781410384300
9781382000895
9781382000772
9781382000659
9781350029538
9781349959716
9781319348809
9781319346386
9781319340445
9781315895277
9781315893402
9781315891095
9781302915605
9781284196641
9781264273690
9781138937369
9781138899834
9781138889651
9781138840317
9781138730670
9781138697560
9781138632387
9781138628564
9781138616011
9781138302921
9781138301238
9781138035799
9781119696636
9781119696520
9781119696506
9781119696469
9781119696155
9781119695981
9781119695905
9781119651253
9781119651222
9781119644774
9781119458340
9781119441830
9781119409168
9781119288640
9781119174288
9781119159285
9781119166108
9781118493908
9781107060616
9781107042117
9781071604229
9781071603673
9780872170865
9780872170841
9780872170834
9780815393801
9780808054207
9780808054078
9780808054054
9780808053996
9780803661783
9780780818354
9780780818347
9780780818330
9780780818323
9780780818316
9780780817524
9780415741514
9780415532310
9780415483698
9780414072732
9780414068049
9780414067592
9780414067080
9780367904104
9780367903480
9780367901165
9780367862107
9780367487010
9780367462154
9780367459246
9780367459178
9780367435431
9780367433475
9780367422691
9780367422684
9780367330989
9780367188009
9780357475164
9780357129630
9780323764551
9780199679232
9780323531146
9780198856177
9780198853572
9780198846529
9780198832744
9780198826521
9780198826439
9780198814863
9783813507850
9783621283939
9780762462315
9783125294752
9783621283847
9783000558238
9783957280381
9783662536780
9783426675120
9783942989398
9783426292686
9783834635730
9780198804925
9780198799412
9780198793748
9780198496199
9780190640231
9780190624316
9780128186435
9780128182048
9780128179963
9780128172308
9780128167687
9780128163863
9780128130889
9780081026779
9780028667157
9780008378905
9780008378899
9780007981205
9783837516777
9781849758697
9783527711185
9782330075989
9783834635839
9783854853312
9783834636836
9783834635655
9783957337085
9783834635815
9783734201462
9783193012067
9783140247344
9783525701973
9783128001326
9783772086267
9783667109705
9781483375533
9783406742903
9780323546423
9783030299002
9789402416633
9783662603062
9783662533796
9789811525674
9790006487790
9789811520136
9789811507199
9789811394089
9789811023613
9789811038976
9789385999314
9789004415171
9789004413726
9789004384811
9789004355521
9789004284203
9788891309792
9788862086929
9788415172628
9783958295056
9783958295100
9783805913089
9783805912778
9783752830262
9783662598634
9783662576229
9783662564851
9783662435892
9783642541261
9783658248970
9783506781598
9783319959801
9783319704876
9783319569895
9783319503929
9783319544830
9783170371149
9783110332797
9783030300241
9783030299798
9783030289485
9783030289416
9783030280987
9783030244187
9783030243470
9783030167608
9783030151485
9783030146245
9783030146214
9782503586373
9782290232248
9782503586175
9782290232217
9782203191013
9782081510487
9781799824695
9781799820949
9781799817574
9781799814689
9781799813712
9781799809487
9781794863460
9781789381351
9781788310581
9781788119795
9781788110839
9781788016933
9781788017749
9781788016896
9781784535339
9781780764115
9781771887809
9781642656183
9781642654837
9781642654806
9781642654653
9781642654431
9781641416641
9781641416634
9781641415606
9781641415644
9781626238121
9781626236554
9781588520463
9781588520456
9781588520425
9781522180692
9781509923915
9781496397010
9781495507984
9781474313391
9781474273848
9781474241359
9781473974234
9781472584410
9781440861178
9781410399991
9781410399984
9781410399977
9781410397720
9781410382368
9781410396679
9781410382351
9781410382344
9781350066533
9781350035560
9781350000827
9781349959877
9781349959730
9781316626887
9781315893334
9781284215205
9781138687950
9781119714910
9781119714842
9781119714811
9781119696858
9781119696490
9781119611349
9781119490258
9781119490241
9781119468738
9781119418030
9781071605974
9781071603697
9780837970646
9780756566296
9780702075247
9780415823739
9780415317566
9780414070707
9780367859466
9780367467647
9780367435943
9780367192075
9780359844289
9780323639200
9780312148669
9780226388786
9780226184753
9780198853381
9780198853367
9780198809159
9780198749332
9783775154017
9780028668512
9780028668482
9780028668444
9780028668406
9780028668376
9780028667577
9780028667560
9780028666938
9780028665207
9780008398941
9783791728308
9783110440928
9781474299497
9780198746690
9783527347322
9781410397423
9789813274662
9790006495511
9789811526855
9789811330421
9789811305955
9789811303821
9789811023637
9789463459358
9789463459105
9789402411898
9789082737462
9789024432813
9783772822537
9783506786395
9783319963969
9783319958712
9783319957272
9783319957180
9783319956763
9783319784410
9783319912790
9783319678290
9783319544854
9783319477701
9783319520896
9783319446769
9783319444239
9783319419855
9783319329772
9783319299792
9783319088303
9783110581812
9783030413910
9783030394677
9783030363598
9783030301811
9783030281014
9783030280079
9783030258689
9783030163464
9783030157906
9783030105754
9783030053376
9783030050689
9782503574899
9781975108663
9781799824510
9781799804239
9781784531331
9781682175279
9781526459558
9781642654257
9781642652277
9781526411488
9781496597687
9781493987917
9781472577894
9781440860751
9781410398802
9781410398789
9781410398260
9781410398246
9781410398253
9781410398239
9781410398215
9781410398208
9781410398192
9781410398185
9781410396099
9781410396075
9781410396037
9781410396020
9781410395948
9781410395931
9781410395429
9781410395405
9781410395412
9781410395399
9781410395122
9781410395115
9781410395108
9781410395085
9781410394552
9781410394071
9781410388162
9781410386922
9781410386892
9781410384072
9781410384058
9781410383662
9781410383457
9781410383235
9781410383013
9781410383006
9781410382993
9781410382986
9781410382689
9781410382672
9781410382634
9781403920522
9781350059474
9781350000315
9781119696728
9781138798458
9781119696674
9781119696445
9781119696346
9781119696315
9781119438557
9781119057833
9781118970744
9781118689646
9780867301557
9780867301526
9780867301519
9780815377221
9780803661820
9780414068056
9780387926674
9780323757997
9780323708654
9780198834496
9780198705864
9780190902179
9780190699628
9780190694166
9780190682361
9780190632342
9780190496616
9780118405843
9783030362942
9783030299026
9789813233164
9789811520150
9789811500336
9789811209291
9789811202179
9789056478377
9789389776515
9783662607220
9783506788184
9783506788153
9783319963983
9783319905709
9783319778266
9783319704890
9783319688633
9783319621135
9783319570716
9783319446790
9783319308609
9783030363345
9783030363079
9783030299811
9783030289348
9783030281007
9783030145033
9781642823776
9781522598633
9781536167986
9781493997640
9781474279802
9781474283915
9781473942929
9781402064739
9781350060067
9781319282448
9781292343013
9781138370166
9781138316072
9780874204438
9780872170858
9780857934505
9780808054092
9780415741804
9780367478476
9780367466398
9780367440060
9780028670331
9781119143772
9781119161899
9789402416640
9789811507212
9789811368813
9789811305979
9789389776744
9789389587357
9789004428386
9788891318527
9789004401402
9789004421851
9783869309910
9783772811609
9783662563724
9783662557709
9783662494226
9783319959825
9783319444253
9783319672878
9783319419879
9783030399016
9783030368104
9783030301835
9783030363093
9783030300265
9783030281038
9783030280093
9783030243494
9783030232009
9783030163488
9783030146238
9783030050696
9781783902378
9781642654646
9781588521750
9781473942912
9781410386847
9781119696261
9781118993187
9781108882002
9780367440039
9780028671406
9780118405836
9783437214554
9783899674712
9783141008708
9780992183028
9780099552246
9780307949578
9783944821191
9783954531424
9783958631014
9781316631751
9783940089168
9783827500861
9783957008299
9783836921374
9789811526879
9789811204449
9789811215551
9789811200533
9789492321046
9783869309750
9783772825934
9783506788122
9783319745572
9783319688657
9783319574165
9783319520919
9783319446813
9783319446783
9783110654318
9783030258702
9783030353872
9783030145057
9781848935945
9781642653724
9781641416771
9781496597717
9781292342948
9781119696650
9781119696612
9780900157523
9781594486104
9780415442640
9780118405720
9780028677026
9788416500390
9783772481215
9780571336029
9780857855640
9783427530268
9788804676652
9783125410244
9783866967830
9781848891920
9781590127872
9783662539958
9783881171342
9783037885161
9783570309360
9781455840441
9783844525946
9780316441698
9783437480829
9783407257826
9781546580232
9783125410084
9781631592843
9781617293955
9781684120901
9780520288201
9783427505242
9788088231127
9783828944206
9781316634950
9781401277178
9781783351176
9781409171911
9781546677239
9780465093397
9780465032518
9780226447575
9781782571643
9781119285984
9782330087371
9788899180393
9780812224122
9781477313916
9781905367825
9781781944585
9781945730641
9780745691886
9781405927222
9782262035655
9781622037810
9788804678304
9788499928081
9781786693310
9781975714949
9781977584526
9781785656804
9781640484542
9781546375012
9781521727256
9781410495839
9780997101690
9781920601812
9781849048231
9781632863140
9781594715853
9786053482413
9789758686483
9789386050687
9789385516825
9791026706182
9783842240223
9783417266016
9783981088793
9781409143192
9783897777316
9783950333787
9783794529193
9783507771079
9783401700823
9783831034215
9783517096223
9783527710249
9783442342150
9783453359215
9783905831467
9783867745734
9783960090489
9783898966757
9781408845660
9783831728268
9783589159178
9783589154258
9783897943834
9783649624745
9783579085326
9783800550470
9781911015413
9783743195783
9781981127917
9783492274593
9780224097376
9780571234615
9783000570889
9780134685991
9783440156353
9783764531805
9781549515446
9783843412971
9783734309335
9781119404507
9783958457676
9780297868101
9783865439031
9783808523247
9783662544464
9783648103401
9783456857541
9783608892154
9783929540680
9783613508507
9783734104688
9783442372218
9783442374779
9783959673518
9781612386911
9783658171780
9788437637372
9783816799801
9783800108343
9783885427070
9783743173156
9783800108947
9783746012650
9783864904615
9783800108695
9783899557893
9783613040212
9783868921236
9783830709756
9783800103256
9783960090281
9783830714422
9783710401480
9783836240956
9783741605215
9783830936299
9783738640540
9783774113657
9783945429648
9783551744197
9783899086577
9781781555873
9783403078395
9782205076851
9783830935643
9783716822173
9780691178431
9783825287054
9783963190001
9783132411043
9783829745536
9783847405481
9783849702328
9780008172459
9783833235160
9783440150719
9783437280733
9783825247904
9783772527678
9783955045302
9783440145951
9783896707352
9783961860029
9783780010223
9783959820257
9783658179786
9783835417335
9783802975561
9783805350983
9781316618134
9783770439560
9781770859975
9783440146675
9783407630308
9783956142024
9783825248338
9783834437051
9783848202072
9783842004924
9783648025505
9783507475830
9780670013098
9780373695911
9781405368841
9783938295526
9783944264189
9789389587883
9783642378768
9783506788177
9783319570730
9783030405144
9783030146269
9783030105778
9781906967970
9781786436849
9781781953815
9781684200344
9781588520852
9789389776324
9781382000628
9780414073401
9780387926698
9780323653763
9780323642088
9780323624190
9780028667690
9780028665054
9780071316187
9783863355180
9789401789042
9789903250149
9789389776720
9789389776539
9782874065583
9782862312262
9782851159823
9782847245240
9782842596545
9782823102444
9782818309018
9782818308981
9782818308509
9782818308356
9782818307960
9782818307434
9782817702995
9782817602295
9782816132038
9782816129496
9782815908764
9782809431308
9782809430424
9782803456277
9782765413776
9782764808054
9782764621813
9782760537071
9782756104195
9782753206731
9782749500102
9782749307312
9782749132297
9782745961662
9782737360930
9782732456140
9782724613001
9782723494427
9782714453815
9782710708070
9783402034248
9782708708525
9782701162133
9782501088794
9782501081856
9782368770184
9782368681381
9782366371284
9782363080318
9782359491531
9782353070268
9782352874539
9782352210771
9782351641798
9782351280850
9782342016147
9782330019952
9781471165085
9782317004018
9782294714924
9782290057681
9782290056950
9782290038871
9782290009666
9782266237185
9782266234740
9782264063120
9782244101927
9782234072039
9782226246479
9782221114346
9782210750722
9782130621539
9782130619734
9782100701469
9782092786468
9782091879871
9782092543535
9782070633531
9782070142187
9782067193178
9782067184923
9782067181595
9782067181588
9782067180567
9782035893192
9782035872142
9782021099867
9782012309500
9782012041936
9782012036680
9782011700124
9781939258175
9781939581020
9781937756918
9781935043737
9781910011003
9781909970007
9781909844070
9781909698178
9781909657205
9781909624665
9781909618183
9781909555266
9781909555228
9781909555181
9781909555204
9781909555099
9781909518001
9781909417069
9781909409415
9781909372566
9781909372467
9781909372290
9781909229853
9781909217997
9781909108066
9781909099494
9781909090132
9781909057340
9781908993380
9781908931283
9781908853271
9781908925374
9781908853240
9781908816481
9781908742100
9781908691699
9781908648730
9781908645234
9781908574794
9781908483713
9781908216960
9781908216854
9781908195869
9781908152114
9781908152060
9782354881863
9781907970146
9781907629372
9781907509681
9781907424496
9781907424434
9781907103926
9781907103896
9781906969448
9781906969257
9781906862183
9781906862121
9781906862114
9781906837518
9781906815035
9781906815011
9781906564957
9783831325443
9781906471927
9781905787371
9781905806713
9781905657643
9781905600335
9781905504848
9781902645582
9781901170207
9781899788897
9781873161371
9781871305944
9781869555931
9781862202979
9781861686640
9781860248788
9781859947449
9781853459115
9781855035553
9781849935876
9781849934411
9781849934152
9781849933971
9781849934084
9781849753647
9781849671460
9781849589598
9781849589222
9781849588768
9781849588478
9781849588324
9781849588188
9781849546218
9781783291793
9780571303335
9783401708850
9781849545396
9781849269933
9781849269896
9781848973770
9781848956629
9781848956438
9781848955325
9781848779815
9781848779600
9781848773554
9781848777873
9781848773257
9781848612877
9781848572751
9781848517417
9781848517349
9783442382712
9780143129431
9781848517004
9781848516526
9781848516496
9781848515482
9781848515338
9781848514966
9781848514751
9781848109087
9781847717627
9781847717498
9781847716569
9781847716521
9782298090710
9782266244800
9781503399860
9783770195817
9783442157891
9781848514201
9781847716408
9781847715920
9781847429346
9781847428639
9781847303974
9781847153623
9781847153616
9781846471766
9781846471704
9781846253713
9781846115516
9781845897239
9781845897130
9781845274696
9781845274443
9781845273156
9781843513995
9781842310908
9781842182673
9781841653785
9781841359656
9781783750610
9781783432097
9781783410286
9781783062331
9781783061570
9781783061518
9781783061006
9780545746519
9781783060962
9781782962632
9781782962625
9781782961680
9781782812319
9781782760283
9781782590552
9781782520399
9781782441052
9781782441007
9781782357827
9781782354079
9781782353096
9781782351856
9781782121039
9781782092919
9781782092902
9781782092124
9781782091837
9781782091011
9781782091004
9781782063483
9781781979198
9781781978290
9781781975763
9781781977491
9781781975398
9781781974179
9781781974568
9781781973509
9781781973349
9781781973165
9781781972885
9781781954119
9781781867761
9781781867426
9781781865965
9781781862971
9781781860670
9781781713549
9781781712207
9781781710968
9781781474754
9781781474570
9781781167748
9781781062388
9781781061756
9781781061541
9781781006450
9781780973333
9781780972442
9781780911311
9781780885759
9781780885445
9781780885346
9781780656212
9781780884141
9781780037387
9781743634578
9781743634486
9781743520734
9781743465400
9781743460139
9781743007693
9781742572864
9781627840460
9781627121606
9781627121583
9781627121538
9781626010208
9781627120494
9781622953349
9781622951291
9781621472162
9781621273523
9781617837845
9781612284576
9781609381509
9781607533696
9781909242388
9781603870849
9781605875309
9781601623959
9781592989706
9781585368426
9781561484799
9781491042304
9781491715666
9781483255897
9781489566393
9781483255699
9781483253619
9781483208626
9781483171142
9781483112237
9781483112183
9781481161039
9781477708873
9781477702277
9781477702024
9781477701928
9781473604964
9781472808202
9781472339126
9781472334299
9781472329806
9781472325518
9781472324481
9781472324429
9781472324214
9781472323989
9781472323965
9781472323460
9781472323453
9781472322593
9781472322135
9781472321978
9781472320636
9781472320490
9781472319395
9781472319319
9781472316059
9781472314345
9781472311757
9781472311214
9781472310194
9781472307316
9781472305725
9781472303134
9781471363306
9781471342844
9781471337574
9781471330933
9781471325663
9781471323638
9781471321993
9781471134197
9781464405716
9781464402135
9781455529339
9781454905738
9781448897865
9781447942467
9781447312741
9781447306818
9781447254775
9781445368283
9781445368306
9781445368207
9781445366531
9781445123776
9781445123011
9781445118543
9781444901375
9781444817591
9781444817522
9781444817515
9781444817232
9781444817195
9781497507210
9781444816778
9781444816747
9781444816617
9781444816280
9781444816181
9781444816167
9781444814552
9781444815559
9781444813951
9781444813982
9781444786378
9781444188882
9781444188035
9781443129435
9781440560057
9781435147553
9780373732883
9783955617288
9783658066567
9781433995613
9781433996337
9781433995255
9781433992742
9781433983702
9781409341123
9781408836910
9781409336457
9781408521496
9781408318812
9781407572628
9781408164907
9781407136509
9781407124902
9781406350821
9781406348163
9781781125427
9781406347173
9781406343762
9781406266801
9781406266740
9781406266689
9781406266672
9781406266634
9781406266610
9781406266108
9781406265446
9781406265415
9781406262018
9781405780889
9781406234930
9781405778510
9782253183525
9781405269728
9781314260427
9781289674182
9781288560349
9781287639695
9781259028427
9780992784102
9780996011600
9780992781200
9780992759209
9780992756000
9780992744205
9780992723507
9780992654801
9780992628611
9780992613402
9780989474887
9780989062534
9780988133419
9780987369222
9780985493943
9780984654581
9780983873471
9780974414652
9780957698109
9780957690400
9780957681903
9780957674202
9780957667419
9780957643413
9780957622203
9780957612709
9780957611306
9780957607002
9780957539303
9780957440616
9780957352131
9780957177208
9780957063440
9780956997692
9780956930460
9780956856098
9780956800183
9780956786296
9780956761804
9780956745750
9780956665119
9780956572554
9780956021243
9780956173270
9780956012579
9780955875038
9780955754043
9780955087783
9780955058561
9780954396145
9780954158217
9780954129019
9780953414123
9780952731115
9780952564058
9780951694152
9780906672440
9780901774699
9780862430665
9780857808929
9780857936226
9780857696960
9780857460974
9780857460950
9780857265265
9780821399064
9780812245462
9780807152232
9780803641860
9780778710318
9780778313526
9780766060388
9780764966019
9780766039841
9780764822438
9780755401772
9780758269393
9780755400249
9780753540725
9780753436813
9780753191149
9780753190814
9780753153284
9780750537841
9780753153130
9780750536660
9780750278546
9780737763379
9780749574536
9780750272254
9780737762426
9780737762129
9780737762006
9780737761542
9780737760613
9780737761528
9780727759177
9780727758972
9780727758934
9780727758750
9780720006230
9780349418957
9780719808241
9780719807008
9780719806230
9780709721338
9780708326831
9780572044053
9780571287970
9780448465050
9780414028968
9780414027664
9780387944852
9780385741910
9780373777440
9780312591816
9780323286541
9780309282901
9780281068258
9780263906233
9780263906257
9780263905007
9780263904109
9780263903973
9780263904017
9780263898798
9780263238358
9780263238334
9780263236736
9780263234442
9780263234305
9780263234282
9780263234220
9780263234145
9780263233520
9780263232547
9780230396036
9780230396005
9780230395985
9780141357416
9780132050968
9780102987362
9780102985641
9780102985634
9780102985283
9780102984422
9780102984149
9780102984101
9780102982732
9780101876827
9780102983302
9780102982503
9780091955830
9780101858427
9780062004437
9780007941025
9780007939442
9780007938933
9780007938926
9780091955854
9780007937585
9780007935864
9780007936915
9780007937554
9780007313334
9780007935277
9782919497140
9781407164793
9782213677842
9780991417209
9780373487097
9780340980453
9783795421564
9783869366081
9780008142643
9780451469816
9783862654055
9783862446797
9783442381616
9783401600307
9783551084538
9783453267640
9783937357997
9783862654178
9783829726443
9781848318120
9780297609735
9783944552019
9783775006729
9781250028242
9780008187569
9783737331739
9783825241391
9783442381302
9783401505329
9783451309359
9783505132711
9783789140570
9782092551110
9781534940208
9782218939532
9781469234755
9781444780444
9781444762075
9781442362598
9780857687487
9780755392322
9780385343220
9780373777365
9780316133302
9780307980236
9780307949233
9780263235142
9780143125273
9780062243607
9780062228055
9783868716214
9783849004699
9781494306151
9783648037201
9783866685598
9783862302635
9783733500122
9783941139541
9783423026871
9783941209244
9783865917942
9783809430100
9781847085795
9783855697748
9783746237282
9783701721177
9783556064733
9782012035911
9780754826927
9783942587815
9780545673501
9783941092594
9783839815618
9780099596363
9781514720684
9781505949452
9781472735331
9781410480217
9781410477279
9781250019820
9780857053473
9780778317678
9780753729793
9780751557398
9780751550948
9782012035409
9780805097719
9780986196959
9780571275854
9780007581023
9783870736767
9783743968189
9781445151663
9780310750673
9791090090217
9788896829493
9783990106341
9783956010125
9783955214272
9783954885107
9783943295771
9783942928090
9783942375115
9783942043984
9783940085733
9783902903082
9783902901088
9783899159400
9783854380634
9783848252374
9783766617323
9783732900244
9783732612185
9783957337047
9783882341874
9783732607969
9783732608751
9783732606320
9783732605767
9783709970713
9783451332784
9783642372810
9783429036300
9783000415852
9782923896267
9782844856661
9782759020256
9782747040105
9782746967212
9782359880977
9782280284158
9782280283007
9782265097414
9782218971624
9782047350133
9782110092397
9782130625377
9782013937863
9782012275928
9781926531779
9781908925497
9781908762382
9781908101747
9781849534468
9781848988095
9781847389305
9781845136055
9781847153784
9781783334292
9781783120079
9781781571125
9781781474549
9781780742700
9781742664279
9781627300599
9781623803612
9781622429103
9781602862388
9781599636887
9781596366848
9781595547774
9781493138814
9781584452027
9781492969761
9781491278765
9781490806358
9781484140536
9781482504019
9781482314984
9781472904010
9781472307309
9781471802270
9781464800641
9781459803756
9781447224136
9781444745283
9783625007371
9781432827281
9781423152217
9781426211706
9781408839805
9781406341621
9781402271816
9781314706895
9781314099126
9781250019226
9780988507319
9780957395466
9780957284500
9780907297666
9780857328786
9780753190111
9780750538077
9780719808715
9780545496100
9780600625872
9780545496018
9780531219065
9780412357404
9780307388971
9780263232790
9780071803311
9780062227379
9780062130525
9780007521234
9783990243602
9781471142017
9780143121701
9783570156551
9781846882432
9791092145090
9781780575957
9781471330896
9781469235356
9781419709302
9781409151661
9781408828168
9781313317733
9780763661403
9780750537711
9780434022045
9780297868279
9780230748903
9780199645602
9783770193158
9783861932550
9783817489657
9783942406079
9783833225833
9783981545715
9783788637088
9783540567844
9783954450121
9783902619587
9783863570583
9783661700007
9780825413605
9781780338682
9789750826122
9789289002585
9789186523640
9789023252207
9788576358398
9788497878890
9788448834937
9783990268681
9783990266861
9783981478631
9783952405239
9783943417340
9783943391220
9783937125473
9783936866476
9783902873347
9783902808530
9783900965488
9783899843293
9783889813558
9783869150741
9783863570538
9783841603395
9783941978195
9783749034703
9783126063265
9783083336136
9782918767305
9782848018669
9782757834893
9782757830277
9782754044004
9782732457635
9782732455945
9782700236897
9782501084123
9782359342680
9782351555217
9782350134413
9782302025462
9782280284486
9782290054734
9782280280389
9782259219686
9782244407265
9782226244017
9782218955402
9782091880716
9782081295315
9782013942034
9782012039650
9782011700384
9781937509613
9781937011291
9781935883418
9780786040360
9781909365681
9781908925510
9781909090620
9781908762306
9781908449375
9781907602757
9781907554995
9781871305876
9781849905770
9781849705325
9781848956308
9781847717061
9781847629838
9781847175854
9781844037735
9781843227786
9782246807322
9781782194743
9781782122319
9781782061977
9781781972878
9781781579916
9781781321348
9781781061350
9781743311455
9781742205663
9781624162381
9781622660476
9781616260859
9781611738711
9781607743415
9781602828780
9781596388291
9781563976438
9781494719067
9781493720934
9781493703340
9781482088106
9781481812221
9781477428535
9781472207890
9781471117992
9781464303654
9781452572932
9781450835572
9781444743746
9781420132359
9781407135212
9781401324834
9781313230926
9781250035400
9780989675123
9780988671997
9780843173826
9780802121677
9780802121134
9780789919014
9780778804505
9780761172949
9780752499659
9780750282086
9780615704432
9780571290529
9780553820225
9780545616423
9780452298378
9780425260777
9780373816811
9780263898668
9780192734242
9780061240942
9783668503656
9783842711228
9783038200413
9783293206045
9783451066627
9782266220354
9781725309425
9781725309180
9781725308381
9781725308183
9781534533813
9781534533059
9781534532366
9781368060783
9781472209221
9781447229568
9781447223665
9780857205766
9780812993370
9780753153406
9780750537896
9780571284443
9780545643863
9780544002258
9780375873379
9780373837816
9780312641887
9780307983008
9780241958919
9783849006839
9781741798463
9781409324393
9781849395618
9783943168242
9783866123496
9791090686311
9782067243989
9781529023817
9789461561046
9789400503137
9789006815160
9788415139645
9783990268605
9783941955851
9783902868862
9783899678802
9783817495597
9783807301914
9783519124955
9783000438004
9782919755783
9782864249382
9782845678729
9782841619566
9782809428360
9782746506527
9782742433001
9782501089548
9782729880781
9782501086172
9782359342307
9782343011882
9782330018221
9782290068564
9782290037881
9782280283717
9782280281645
9782280280365
9782266227186
9782211214056
9782092540831
9782081282445
9782091629391
9782070449873
9782012274716
9782012036352
9781935793038
9781905583263
9781902910475
9781877579332
9781849158374
9781846689017
9781782260264
9781780270616
9781770494619
9781743462720
9781623360450
9781628870077
9781620930304
9781617690341
9781615190775
9781611738698
9781611736847
9781605875262
9781602862289
9781591934134
9781579729714
9781585368501
9781494315795
9781494361525
9781493651177
9781493548149
9781492990468
9781492961079
9781492774143
9781482561623
9781467721806
9781459671126
9781449428655
9781447940852
9781444914429
9781442474079
9781444005899
9781409559450
9781405261180
9781295285013
9781405919876
9781258945121
9781250023827
9781250038296
9781236705532
9780992752514
9780989779500
9780944475355
9780892968473
9780857521279
9780830837519
9780807583524
9780805096774
9780794529925
9780766640825
9780762448623
9780751548372
9780718197124
9780600626473
9780615750781
9780571296446
9780571294923
9780545862929
9780545734745
9780545606691
9780545477055
9780545447751
9780531245484
9780451465481
9780449817674
9780449815977
9780448463544
9780425261804
9798615908675
9798613672790
9798613675098
9798613662883
9798613667635
9798613669844
9798613673957
9798613609895
9798615893902
9798613671151
9780415781244
9780415712415
9780415682664
9780415631952
9780415454896
9780399161124
9780373804429
9780373747184
9780373787883
9780373366286
9780373091416
9780345539595
9780312547806
9780307978912
9780199661947
9780061809477
9780007512645
9783817477609
9781250034199
9781594933530
9781472105455
9781451638936
9781439156438
9781409328438
9781408841266
9781405266925
9780763664022
9780755390885
9780749959463
9780755374557
9780670922758
9780552169967
9780373657605
9780316401104
9780340980736
9780300197952
9780152050726
9780099567370
9780062326584
9780007327041
9783800639984
9783869607535
9783760790404
9783867139366
9783596179985
9783833198571
9781781255568
9783946012047
9783878001072
9782258108424
9782092550731
9781494738211
9788389239822
9783897406988
9783406673832
9783765541940
9782732454238
9781848531352
9782280369244
9781548626648
9781409386155
9788374703390
9781848662858
9780712357265
9783129273951
9783625179375
9783401710860
9783789105609
9783850688338
9783785585412
9780141375632
9783492310796
9783845108278
9783625179870
9783125473768
9783741522642
9783473558711
9783473525720
9783551042743
9783129273968
9783845821481
9783737354769
9783125160927
9781549638497
9783789104817
9783426304792
9783837775037
9783837745559
9783129493847
9783453604568
9783551042811
9783404609260
9783733502843
9783522184533
9783551042781
9783809436263
9781476704432
9783845820774
9783132410473
9783462049718
9781979036962
9783129273937
9783734101472
9783527714223
9783934705760
9783492308755
9783328101963
9782889218486
9783931067007
9783442484713
9783788638474
9783741522802
9783800076772
9783596856831
9781782327073
9783837775129
9783735914361
9783832164355
9780425286029
9783772459610
9783596811526
9783473436781
9783785585382
9783551170873
9782889218806
9783548376707
9783898621687
9783551170972
9783122709006
9783832802400
9783895652783
9783770494668
9783833862724
9783257070026
9783492310604
9783060343034
9783552063495
9783446256804
9783770494675
9783492310390
9783958523647
9783940258557
9783649625025
9783845823829
9783746633398
9783813503739
9783837748734
9783764505998
9783842023499
9783129494257
9783551315762
9781684113170
9783468348440
9783770497195
9783960088752
9783741522635
9783742303783
9783844528589
9783551316288
9783841504838
9783845823638
9783426515075
9783619025213
9783414824912
9783832164416
9783060808335
9780008212926
9783741521485
9783507886124
9783897366626
9781407170671
9783473436774
9783954380787
9783837138719
9783903072596
9783551797506
9783462050370
9783453545892
9782757865453
9783122312589
9783837749663
9783404175208
9780008242183
9783837775099
9783257011913
9783946972136
9783832164225
9783551771988
9783829740685
9783423626620
9783865525505
9782847135169
9783849914134
9783847906254
9789463343695
9783936185911
9781506700151
9783956496950
9783551316714
9782757863787
9783125357143
9783453318526
9782266270021
9780007548927
9783830334491
9783734104244
9783734103629
9781544759968
9783425140230
9783946641292
9783932084751
9783356020915
9783314102370
9783741521577
9783351036713
9783596298259
9783845822839
9783837749434
9783403079323
9783764151300
9783946482079
9781521307915
9783129495148
9783740802158
9783518467619
9783473436804
9781549618581
9783960420101
9783834224873
9780008155636
9780008181550
9783764505783
9783125620889
9783831033355
9783414824851
9783426214138
9783613040243
9783945673218
9780691171715
9783809436973
9791021400733
9783865288325
9781973338437
9786055878788
9782253187875
9783423349093
9783423717403
9783785755198
9781548471552
9783150194126
9783737410335
9783125620902
9783734103643
9781785856150
9783736303065
9781519736918
9781465431844
9780758295149
9783837745573
9783453418356
9781520561417
9781973150961
9780007489282
9783735915450
9783551316745
9783737100212
9783899204865
9783833861871
9783534266074
9783946035107
9783746012100
9783836959650
9783864973666
9783608949056
9783842716551
9781544068596
9783736303669
9783608962000
9782253068631
9781423185314
9783140402309
9780241299395
9789814408080
9780553510843
9782266274487
9781975826635
9783551755650
9783862656837
9789241564588
9789077529416
9789070108830
9789025850234
9788467040067
9788375086157
9783955210601
9783850406918
9783732281848
9783732279906
9782919076079
9782897190156
9782874230899
9782848931401
9782822600415
9783943030549
9783414824929
9783831729913
9783426305065
9783958632417
9783407821867
9783423216678
9783551731821
9783746633152
9782818310229
9782709512404
9782505017820
9782324005787
9782324003738
9782290076767
9782290072141
9782290072066
9782280285582
9782280285551
9782280283144
9782273011617
9782266217200
9782226244000
9782212556070
9783401510095
9783902980106
9783629114228
9782014643572
9782012275829
9782011607447
9781909555129
9781909121386
9781908682123
9781906850517
9781849687423
9781849341110
9781848546271
9781782352716
9781782664260
9781846689376
9781782122395
9781781970096
9783141717488
9780062392008
9783737410397
9783735902528
9783150194331
9781405931687
9783961080205
9781781551042
9781780883625
9781780050805
9781743310038
9781616147938
9781491833049
9781490599748
9781472703460
9781472703170
9781471337482
9781451685046
9781447940890
9781444776782
9781444768046
9781442412682
9781430029786
9783899207217
9781408180372
9781409392545
9781405267649
9781405267618
9781405266482
9781285082677
9781118731499
9781107623514
9780985829339
9780857806079
9780857758170
9780857758125
9780857756541
9780857347220
9780851629421
9780851629230
9783451713941
9780851628998
9780851628981
9780807583586
9780805094558
9780802854131
9780794425555
9780781408677
9780763662547
9780763658700
9780755357130
9780747811367
9780727896025
9780709721659
9780545484541
9780373778201
9780340960134
9781444939972
9783423253895
9780297870449
9780062203984
9783411853007
9783741521102
9783830333517
9783257240795
9783404171590
9782266276269
9783466371884
9783414824806
9783837749458
9781473217065
9783551739605
9781973574132
9783846497883
9783141507355
9783451349768
9783942748957
9782016255667
9780008226077
9781447282068
9781782952459
9783944824697
9782253070672
9781521326817
9782266275132
9783838835136
9783150194300
9783570403617
9783866484122
9783359017332
9783551739599
9783956497254
9783125620896
9783551315755
9782344021118
9783837745665
9783551042705
9783499628719
9783499259586
9783862785148
9781472209344
9781479520268
9781471336485
9781471325670
9781447941149
9781447202172
9781409109426
9781408835166
9780857207425
9780545415675
9780750537438
9780545645317
9780399256615
9780349401416
9780345540263
9780330519724
9780007299492
9783865743442
9783893084333
9783845819235
9783956393068
9781409386148
9791020300850
9789400768178
9789023476535
9788378818939
9788371732812
9785244000672
9783955370527
9783902932105
9783865437730
9783732235087
9783656501961
9783540214458
9783473558193
9783211822203
9783037810552
9783141714685
9782848762920
9782822602099
9782806303585
9782806303196
9782761938877
9782761933070
9782754809610
9782746967236
9782737359217
9782365750141
9782343017648
9782266239943
9782260020745
9782226247674
9782070455942
9782070447213
9782014640960
9782012457904
9781849394123
9781908737519
9781848586185
9781847803696
9781847574534
9781844087808
9781840785999
9781781868102
9782350303284
9781781720905
9781781310489
9781781169087
9781781121924
9781780911212
9781780879932
9781780388632
9781780335612
9781780284996
9781609530914
9781599909837
9781491875773
9781484925034
9781472528391
9781471114847
9781447941187
9781530617098
9781510102248
9780008158880
9781442493988
9781444182033
9781442457515
9781442441095
9781441313591
9781407136523
9781406349900
9781137383129
9780957544376
9780871403605
9780823425273
9780754827535
9780701186654
9780310737018
9780307981103
9780263904819
9780062049292
9783905927443
9782266255134
9783943176247
9783780225993
9783649671329
9783596310319
9783947037001
9783442176564
9782355362361
9783831030323
9783764150808
9783442547579
9783785575123
9783764505363
9783950144659
9783785747353
9780349000237
9783401509303
9783414824646
9798608912962
9798613492114
9798615912924
9783401707716
9783442173372
9782221133743
9781491091685
9781482558043
9781482000870
9781476729954
9781471127618
9781465400529
9783717112495
9781447219972
9781444764611
9780755397143
9781423123576
9780755394036
9780316240055
9780062224842
9783401503264
9783837510386
9783943079265
9783905799231
9783848706648
9781785578069
9783764531348
9781444008500
9783846600375
9783864582561
9783579086484
9783551300591
9783839848555
9783944365800
9783802597671
9783453411289
9780891096382
9783775144865
9783730601914
9783866480414
9783451312083
9780141369761
9790001189347
9789024751556
9783990267097
9783944028354
9783939557715
9783924492540
9783899748765
9783866789357
9783844835700
9783643120823
9782864327202
9782847203295
9782822402576
9782818309728
9782759023509
9782747036634
9782708984103
9781492621591
9781492621249
9781492608134
9780373788620
9780062351173
9782746978508
9782369210047
9783845813462
9780849760273
9782501086592
9782356800411
9782330020019
9782324004025
9782278076208
9782253167433
9782215120292
9782092545973
9782092544303
9782091869681
9782091628905
9782070647965
9782013237826
9782012921504
9782012455979
9782011612762
9781502454355
9781499776348
9781250044921
9781909968011
9781908816474
9781907302787
9781847624499
9781782441984
9781782124542
9781782064329
9781781711064
9781780286006
9781616953430
9781595549037
9781491245712
9781473302600
9781472703194
9781909958371
9781471320019
9781467734851
9781455510351
9781444816457
9781444816402
9781444189285
9781420947601
9781409328377
9781407136516
9781401689520
9781288727902
9781230359335
9780955536663
9780871242440
9780857758118
9780857077349
9781250013309
9780852004913
9780765322197
9780755357123
9780753725214
9780754828365
9780739184363
9780727899774
9780547942070
9780547807973
9780263890204
9780263232677
9780062021397
9780007527922
9780007461523
9780062351890
9783737332187
9783845809670
9782021220438
9781503711006
9783845813264
9783845815152
9783596185320
9783126220460
9783845812137
9783548746234
9780692586914
9780571328796
9780373789122
9780373368167
9780310340409
9780310344735
9781781251355
9783730600894
9783499227912
9783473435265
9783833231551
9783401505527
9783946097006
9783507831520
9783596196838
9783652006798
9783785570029
9783423249768
9781499174540
9781499174434
9781476710358
9780992880101
9783423249829
9783596856282
9783499617508
9782218974984
9783351050184
9783455240061
9783414823939
9783453491168
9783849012779
9783866688636
9783314103193
9783866479081
9783834214041
9783126669177
9783401706689
9783499217081
9783473558643
9783833848452
9783423143219
9783839214923
9783863184568
9783845104973
9783845111155
9783845106144
9783842714090
9783125626959
9783734840203
9783426787670
9783453268487
9781476763163
9781505314205
9783551168450
9782818705247
9781784631185
9781449474256
9783843210843
9783831028702
9783596185986
9780800795795
9783835412927
9782266234863
9781472213341
9783551044396
9783946739838
9783518423547
9781408347492
9783833839467
9783411716852
9783867152457
9783423348454
9783897778474
9783730602171
9781628368925
9780373779031
9780312619824
9781589255081
9781455556434
9780993908934
9780786033546
9780373779383
9780373778546
9781780287522
9781496058782
9783630874050
9783473364244
9783440135846
9783940163288
9782263146510
9781338034868
9781630350123
9781493582211
9781494965907
9781449464868
9781402287794
9781250019233
9780991462803
9780786033447
9780758275141
9780646183756
9780545837613
9780529123312
9780373778324
9780373608683
9780373608621
9780373608447
9780373366750
9780345537003
9780316255165
9780307977168
9780143126157
9780142180587
9781725312814
9781725308343
9781534533370
9781502651402
9783440145579
9783442480258
9783522504706
9781783705481
9783423147422
9783423760850
9783927110342
9781405285780
9781655872426
9782351555675
9782280326773
9783551651136
9783939965800
9783442174713
9783548375960
9783772482601
9783196010817
9783548375908
9783867152372
9781406367140
9780224091886
9780099590088
9783894494100
9783848008780
9783942491532
9783126236225
9783125781771
9783862654369
9781533037619
9783868825985
9783492276535
9781784160029
9783868815863
9783935767545
9783833231568
9783466310456
9783785580745
9783424201123
9783831028023
9780425282564
9798613633685
9798613668601
9798613696338
9798613669011
9798613693610
9798613702954
9798613730094
9798613165216
9798613693443
9798613662845
9798613693221
9798613693535
9798615640582
9798615234569
9798613668915
9798613636686
9798613669059
9798613693511
9798613636761
9798613691517
9798613118168
9798613758128
9798613716784
9798615609350
9798613757237
9798613693320
9798613756544
9798613669257
9798614966331
9798613639366
9798613669233
9798613662654
9798613706426
9798613755738
9798613703142
9798611249772
9798613668519
9798613693375
9798613703753
9798613668755
9798613663903
9798613703333
9798613713745
9798613752782
9798613753093
9798613651221
9798613756964
9798613757671
9798613756032
9798615939044
9798613668670
9798613753956
9798613672387
9798612995302
9798613754410
9798613703098
9798613693283
9798613703609
9798613674640
9798613693399
9798613703173
9798613717965
9798613758708
9798613668861
9798613693580
9798613669127
9798613668984
9798613669073
9798613703531
9798613693566
9798613424078
9798613675982
9798613667642
9798613668441
9798613704644
9798609852281
9798615945151
9798613695713
9783463405810
9798613472468
9798615659119
9798613633944
9798613709502
9798613669165
9798613755165
9798613711390
9798613667833
9798613671038
9798613685240
9798613758418
9798613757909
9783442484461
9783746235929
9782820900791
9781848104723
9783551684370
9781840598728
9783453491182
9783431039399
9783551652768
9783551652775
9781782323013
9783981689136
9781782323020
9783442745135
9781781852163
9782501119962
9791021005341
9783730604922
9781786483270
9781409171300
9780373678662
9783833834318
9783874073752
9783458175711
9783406617089
9783453357426
9783862017331
9783804430976
9783423142144
9783453437012
9783150078358
9783122805005
9783772458668
9783451063510
9783789112539
9782889210329
9783442476411
9783832532864
9783492302883
9783455503159
9783442745319
9783954750740
9783401700885
9783401068251
9780099534594
9783841421050
9783804419988
9783492301701
9780375969577
9783596512751
9783839214701
9783458358978
9783895339455
9783937795249
9783570223772
9783767013025
9783407753632
9781780338712
9783401704005
9783785572634
9783827011381
9780749012717
9783839812884
9783548374918
9783625139010
9780091954048
9783608939668
9783930038336
9781447236818
9783442392452
9783123107023
9783518423738
9782253168539
9783451066665
9781408840092
9781782392330
9780007310326
9783862312535
9783548374680
9783799504737
9783442746583
9783551089663
9783898796439
9783831723843
9783468223747
9783551768155
9783835411357
9783411871049
9783789396656
9783849022464
9783707415568
9783791519296
9783440133361
9783548743929
9783404168422
9783649612544
9781780721743
9783570224366
9783936973792
9783764504694
9780751547191
9783442157570
9781449429379
9783122016418
9783453676404
9780330534376
9780330544245
9783453435209
9781482682274
9783954740147
9783423509343
9780552168625
9783868267495
9783453314351
9780753541098
9783817473052
9783458359753
9781447219699
9783453268371
9783468221880
9783772459429
9780007310302
9783862652143
9783451066184
9783446241831
9783498024376
9783525701478
9783451712159
9783763358083
9783257068627
9780723269359
9783765515958
9783551774712
9783426276150
9780723269328
9783802588952
9783570585269
9783426652145
9783954620968
9783809430315
9783423214209
9783803124920
9783442376773
9781937248277
9783941206649
9783942291668
9783868270037
9783431038781
9783775154512
9783401700670
9783822865927
9783955680190
9783492405324
9780552775311
9783060067442
9783767008564
9783888978609
9783802588433
9781408319482
9780615816791
9783890294407
9781444754438
9781484804445
9783765461620
9783548610900
9783849470142
9783522503525
9783711000491
9783141147629
9783570585146
9783785575826
9783060605873
9780399158957
9781471125751
9783570156919
9783453545656
9783861962403
9783442746422
9783990242193
9783852726410
9783764504656
9783868510768
9783772457951
9781786715647
9781633222823
9783802585241
9783035000351
9783451066436
9783453268838
9783847905394
9781401324841
9783788602789
9783060214471
9783845101392
9783955401030
9783455502916
9782011456700
9780062089083
9783862017690
9783570156223
9780755378692
9783899105735
9780007419579
9781782061045
9783869974989
9781409148418
9783257068610
9783702233198
9783453314528
9786053430933
9783867668552
9783710302329
9783404607617
9783862787425
9781782065678
9783426652909
9783473364121
9783955420093
9783737363686
9783770194698
9781250128546
9783828954588
9783865393166
9783414823458
9783847905356
9783827010940
9783522303255
9783817493685
9783411812547
9783802590924
9781408840429
9780736430197
9783867668569
9783862445035
9783517089447
9783257241969
9783848910137
9788439733164
9783404168194
9783100921086
9783426513903
9783800178339
9783862789818
9783442380107
9783440132012
9783770437306
9783442475681
9780751551082
9783981561333
9783522183406
9783356016048
9783426276228
9783868274196
9783570401781
9783898417242
9783401701059
9780399158209
9783451061684
9783929600100
9783863656140
9781484854020
9780515151305
9783956010309
9780099547433
9783866903753
9783527709977
9780062076106
9783442372232
9783351035488
9783442753376
9783825239985
9783827918581
9783649611639
9780446547635
9783649611738
9783955217563
9783785724668
9783570156261
9783257236552
9783785576243
9783868043105
9781844037650
9783492300698
9780194553421
9781482645262
9783551186881
9781480342187
9783785572443
9783843603546
9783455404432
9783866458819
9783522503464
9780486494227
9783498030254
9783827010513
9780863159541
9788863121711
9783424151299
9783351035426
9789078088721
9783492055796
9783401504476
9783804213784
9783547711851
9780735684249
9783442745395
9783826692093
9783426226353
9782290072899
9783596512959
9783868736557
9783944206073
9783453411531
9783775155540
9783954510597
9783407773098
9783848250226
9783404600977
9783954511129
9783492302760
9783842241435
9783577003001
9783955100247
9781471127489
9781409135906
9783829722964
9783709305201
9783772469237
9783898833653
9783442381951
9783867742863
9783898453967
9783868833065
9783401068299
9783785749159
9780603568060
9782278063819
9786056997532
9783453357235
9783785748596
9781493758180
9780345530684
9783898799065
9783831905287
9783000412103
9783737330343
9783100108500
9783869104928
9783831905348
9781847562784
9783817488698
9781409566199
9783850337533
9783507463738
9780473238735
9783283011642
9783863655518
9783827011411
9781472115645
9783842006829
9783862302567
9783861931942
9783980649889
9783833198984
9783780628985
9783451066399
9783407859044
9783869971179
9783125894136
9781405263115
9783894491659
9783861741022
9783863381196
9780393345452
9780452298187
9783939928881
9783492304368
9783843411011
9781421550831
9780099549260
9783551517906
9783940258212
9783424630756
9783442479030
9783453602724
9780007523184
9783551794574
9780007492299
9783869172491
9783943391824
9780099538097
9781482702675
9783761560921
9783496028482
9780752489216
9783942446846
9783425735016
9783848510719
9783886188017
9781493625482
9783551250612
9783861910411
9781492752585
9783522303439
9783865323736
9783760780887
9783772440571
9782070653928
9783938380468
9780545509206
9782070444755
9783862200474
9781590515983
9783954881239
9781743314258
9783838834887
9783411871285
9783492308014
9783596855445
9783854766209
9781780333069
9781570618505
9782266238342
9783862442164
9783981742701
9783842025486
9783848510573
9780142426692
9783842007543
9783577199742
9783411739523
9783577199674
9780194010917
9783865286826
9783442713783
9783826422270
9781594746437
9783811493452
9783442479436
9783522303576
9783417265279
9780735841499
9780823427420
9783868999761
9783862334209
9783258600864
9783866688889
9783923146086
9783000440960
9783780628954
9783741500688
9781534974784
9782330014407
9783861932406
9783990290668
9780857540126
9780425250662
9781472101945
9780091947767
9781447233206
9783864050480
9783848253128
9783770742943
9782264062420
9783854494522
9783943160109
9783785576519
9781519464484
9783941362307
9781781163115
9783570224212
9783470541549
9783990231166
9781847621474
9783932717444
9783861932536
9783772458484
9783570380369
9783770481095
9798615926501
9782280368131
9783867421546
9782253175445
9783838835020
9783955200497
9798613498550
9798615918568
9783129270646
9781473621053
9781978195431
9781783962433
9783841504845
9783425145174
9783957342461
9780712357593
9783737336161
9781846274671
9783404174768
9780440870746
9783060631735
9781471137709
9780758231734
9781476764016
9783453270732
9781848022409
9783518423714
9783492269346
9780982618417
9783839846865
9783959580830
9783896051172
9780451419545
9780142426968
9781476712987
9781843914815
9782067183292
9783352008511
9783863658830
9781907411069
9783707415858
9783941443884
9783736305298
9781472229182
9783625160519
9781494474393
9781444767049
9781409131182
9780974145747
9780857868794
9780751549232
9780749956622
9780670922208
9780571303441
9780451465542
9780399257605
9783126070232
9783473327256
9781973470670
9780393345094
9780373777563
9780307948496
9780345531155
9780263906127
9780062192080
9781841624747
9783894727703
9783849007300
9783458359517
9785699590162
9783863530037
9781848316003
9781616552251
9783570164020
9783570403600
9783429043681
9783947220052
9783840017087
9782016265291
9780007313273
9788866347729
9788771320442
9788377479247
9783955805241
9783934900134
9783891585931
9783846043806
9783828031258
9783732208296
9782848762944
9782754053518
9783455381191
9782745962409
9782743625849
9782366770247
9782365771450
9782351555323
9782330014377
9782280315111
9782266233712
9782258100978
9782258100954
9782258100893
9782091880723
9782091726816
9782067180710
9782012201439
9782011612687
9781938063091
9781907823695
9781849534840
9781907823510
9781849054157
9781848777408
9781840785807
9781782640066
9781780885193
9781780040981
9781610670746
9781602557949
9781492874584
9781490995687
9781482735833
9781481814096
9781482339574
9781451684865
9781450866330
9781444817539
9781444794540
9781444006551
9781442452817
9781442431287
9781409366096
9781408521533
9781406351194
9781406261981
9781405260305
9781250027009
9780989002738
9780957675322
9780956648099
9780857758910
9780857333582
9780758288806
9780753725405
9780750536738
9780753436196
9780749574086
9780749468682
9780615771496
9780545566513
9780545530804
9780520275317
9780373607891
9780349400464
9780281070190
9780062007223
9781785536250
9783551312419
9782011713544
9783193010810
9783314102103
9783871592379
9783833844553
9783833846304
9780143126560
9783867405676
9783126223201
9783527711475
9781476762098
9783903085183
9783129261385
9783126050265
9783833842689
9783899014204
9783791372303
9783843490757
9783868835373
9783831028016
9783831028368
9783867310710
9783551736826
9781603580557
9783957983084
9783867406086
9783060629923
9783442392339
9783423214643
9783834624444
9788308049396
9783833229855
9781070911182
9781782210672
9783766721365
9783517094267
9783882645811
9780062403063
9788495157898
9780091957162
9781118985816
9783956867644
9781519661678
9781626562905
9789958758577
9783476022271
9783866592902
9781401947811
9783898946568
9788811811039
9783956867750
9783402131091
9783800649167
9783869034867
9780852555019
9783121041312
9783762705147
9783800182985
9788365242082
9781080822959
9783258079141
9780007315109
9783464612361
9783401701196
9783406621925
9783864291197
9781444778120
9783844510034
9783832197209
9781780620312
9781451628593
9783874882729
9783839213506
9783941581005
9781591164425
9783770479726
9783842005792
9783060834259
9783841421593
9783763026555
9783829726245
9783608960471
9783866123465
9783637017603
9781482371536
9783401701318
9783829725071
9783037630419
9783257242058
9783943176438
9783945073001
9783954441068
9783499259661
9781480003637
9780062024060
9783131744616
9783943442021
9780007514250
9783825244811
9783862446940
9783440118528
9783442341733
9783866711280
9783866263536
9783898999861
9783800183531
9783451328770
9783570552759
9781494318666
9783830333371
9783862785018
9783849006396
9783570501559
9783451611483
9783842006423
9780373210893
9783839213704
9783455404654
9783869710761
9783800112722
9783126220408
9783867310741
9783426675021
9783060812554
9783942334471
9783314102745
9783150110126
9780062268747
9783060836826
9783451326851
9783875150223
9783866903258
9783862653003
9783867405843
9781401946425
9783833848148
9783518423622
9780756696504
9783455381344
9783423249690
9783831722693
9780316404075
9783957130174
9783822819579
9783839213490
9783499626234
9781571313560
9781782799825
9783522201858
9783942277495
9783548374147
9783517086064
9783938625255
9783764504830
9783776627244
9783453410565
9780425271308
9781906012717
9783110401974
9781250062185
9781517458089
9783847720096
9783582000965
9783579070926
9783954030149
9783442173419
9780802412713
9783938045978
9783770438884
9781593276898
9781421573342
9783038008583
9781620408148
9781583949948
9781426213960
9781480384491
9788360170755
9780996603003
9783957340115
9783893201952
9781515108337
9783423142625
9783442220564
9783473400959
9783813504675
9783954511013
9783709305140
9783359024163
9781444762600
9781782211440
9783981583960
9780141980782
9783451312380
9783525404690
9781517658823
9781594748011
9783551763082
9780006559566
9781473205826
9783958451377
9783038488033
9783956400476
9781101884973
9783836958332
9781852847319
9788467729788
9783862788415
9780552776998
9783060619153
9782226250193
9783548284422
9783839213759
9783864971433
9783955130084
9783839214336
9783959733281
9783842706262
9781421510255
9783850028592
9783499200137
9783406655463
9783764504533
9783480225736
9783426511671
9783770740222
9783868273687
9781612622996
9783944160030
9780340951880
9783934824133
9783768836883
9783862822584
9783125914131
9783766616586
9781607069454
9783505132506
9783453280540
9781845137779
9783492055833
9783940788214
9783451065651
9783839214589
9783551271273
9781409120728
9783868042887
9783551798763
9783924963460
9783770480098
9783480230693
9783866686823
9782364630642
9783570100745
9783862787319
9783864700965
9783404206896
9781493740772
9783551313904
9783867311243
9783746629988
9783570162682
9780007371419
9780142423585
9782707323057
9783446435032
9783570161340
9783894931629
9781400069590
9780091953546
9783446244832
9783795790448
9780062198501
9783125346260
9783835410992
9780571294220
9783280054642
9783760789224
9783770436927
9783360021632
9781471120459
9783785576526
9781845027070
9783887954192
9782264057815
9781471133312
9783453291522
9780099550198
9780571309092
9782728917013
9783401503448
9781609451288
9783770173334
9783123131783
9780007521098
9783551684264
9780615809496
9783954510870
9783865052254
9783770480791
9783746238111
9781741798890
9783842005488
9783841902498
9781482028164
9783648045688
9788868360061
9780857207487
9783794908561
9783716026847
9783551187017
9783150189962
9783819609381
9780515153217
9783570221884
9782756410418
9783842512672
9783730810385
9781421510545
9781782954217
9783869101750
9780091948160
9782354881962
9782253162599
9783836708470
9780141348414
9783800177554
9789728524463
9788804627531
9782035874009
9780552774406
9783577199636
9783854853220
9783548289250
9783964434586
9783945362297
9783944936550
9783453280670
9783950176582
9783126050272
9783956140662
9783126050289
9783831902859
9783064510173
9783737351980
9783867607308
9783867310703
9783492306331
9783867522656
9783815840061
9783955217860
9783817478095
9780486779454
9783848510856
9783839214398
9781493721405
9783426507124
9780199666140
9783942637312
9783851976939
9783869802404
9781472105882
9783850003148
9780316185585
9780571303496
9783772457920
9783868714821
9781472102805
9781408844557
9782874261930
9783570100837
9781472310903
9781615190973
9781601633033
9780062300317
9783944626666
9783788630638
9783359023975
9780099578758
9783411812738
9783868714678
9781447233190
9783835408531
9783732256952
9783843430319
9780525514381
9783451066757
9783864120176
9782745957283
9783839215135
9783551520517
9783835531482
9780857213754
9781444721676
9783487085302
9781476740553
9783862070596
9781137349347
9780007507115
9783867522984
9781455522279
9783482527104
9783863655488
9783862643363
9783847406723
9783795744526
9783831028269
9783808522820
9783000484759
9789949382071
9783411040612
9781625274496
9783868514155
9781847629036
9781408837016
9782889215249
9783875122992
9782700505733
9783866903746
9783440133781
9783492303095
9783937367934
9783462045796
9783141449396
9780230767256
9783129491515
9791032300138
9783867152495
9783795744588
9783884729809
9781472346308
9781843796022
9781742205724
9783765458477
9781623650926
9780758284938
9780600625728
9783480230884
9781447243892
9780794427863
9783944733005
9783455307573
9783868047677
9781780339153
9781771481434
9783785571088
9780297869436
9781409550648
9783932855597
9783746630106
9783760789903
9780316199681
9783401703855
9780062118172
9783802935947
9781406349412
9780857522276
9783894168810
9783503144709
9780345528520
9783868833157
9783423760751
9783737335959
9783849002831
9783492701945
9781490365152
9783596855346
9783442477487
9781490319292
9780099576457
9781442444928
9780399159961
9783525404492
9781492368274
9781444732702
9780385349222
9783863657376
9783406649844
9781782067498
9783899156959
9783492303149
9782213677286
9780553582017
9780062199713
9783942587570
9783942446815
9783899158113
9783868718850
9781844089109
9781472211347
9781449362249
9780552778015
9780312534547
9780241965153
9789056724450
9783952415726
9783746237886
9783862822201
9782266200134
9782228909952
9781848779631
9781846684036
9781844089451
9781844087310
9781781167700
9781780743127
9781476737119
9781476735306
9781409123415
9781439102459
9781408852569
9781408326107
9781405914222
9780804139595
9780778315575
9780770432607
9780751547542
9780749959258
9780749014759
9780593063170
9780525954101
9780446584838
9780316187404
9780241145654
9781781316139
9780141333700
9780141047454
9780099554783
9780099550129
9780062084293
9780062071163
9789751412447
9783772482502
9783867310765
9783833842153
9783473329182
9783000496325
9783772463853
9783833839375
9783772482526
9783833844287
9783522183970
9783831026982
9783440139653
9783772482557
9783570552681
9783772482533
9780373779024
9788866210016
9788192328027
9785367017960
9783954726356
9783865393395
9783863655396
9783860592441
9783867311595
9783981689150
9783945148150
9783941435018
9783866163379
9783938469811
9783863655020
9783863653859
9783863654658
9783846026281
9783761560341
9783746239514
9783732612581
9783423253345
9782890923409
9782879297293
9782844856265
9782749919980
9782700237658
9782330018078
9782280279178
9782280278249
9782266245883
9782266227902
9782262042233
9782253177104
9782221139196
9782221132067
9782218974298
9782221129852
9782210760912
9782081296176
9782081295988
9782081288249
9782070508990
9782070141609
9781938073717
9781927558379
9781922247070
9781909958234
9781908998309
9781851689965
9781851689354
9781849839846
9781848778375
9781848546202
9781848452268
9781848271784
9781847443809
9781847087669
9781846059599
9781846059551
9781844883219
9781843914808
9781843914747
9781782196662
9781782113225
9781782063315
9781782063063
9781781850732
9781781850602
9781781167595
9781780892061
9781780890234
9781780878584
9781780876658
9781780872933
9781743316689
9781743311448
9781615644162
9781612186177
9781596437807
9781599954158
9781594486401
9781594486241
9781594136030
9781590516324
9781561486106
9781500341367
9781493596454
9781492152521
9781482762754
9781482546477
9781482054033
9781477245828
9781472319579
9781472209160
9781471346224
9781471342424
9781471327858
9781471325816
9781471323577
9781471316524
9781471315749
9781471303432
9781471302978
9781471127830
9781471118203
9781471116742
9781455512126
9781451621501
9781447235859
9781447224693
9781445830407
9781444919110
9781444790238
9781444743593
9781444732832
9781444006452
9781444000238
9781443422666
9781442493858
9781439858073
9781410459695
9781409328360
9781409128472
9781409120834
9781409120568
9781409113911
9781408836392
9781401311001
9781408835302
9781407136752
9781287986553
9781314546255
9781250019981
9781250009890
9780857832351
9780857531124
9780857521545
9780857521248
9780857209498
9780778315803
9780823427598
9780812993929
9780770435066
9780765332585
9780758210951
9780756696016
9780755383559
9780755375615
9780755365418
9780755362776
9780753190456
9780751552362
9780751550818
9780717178780
9780751549829
9780750538138
9780750538114
9780750537797
9780749959357
9780749957643
9780749957124
9780749040161
9780749011239
9780727883322
9780719810381
9780718177270
9780718155964
9780615892856
9780571302802
9780571283392
9780552170055
9780545503891
9780434022649
9780399163890
9780399160875
9780399158551
9780385371377
9780385342612
9780373777716
9780340944967
9780316220781
9780312621292
9780263908176
9780263905212
9780263232271
9780230745650
9780199931781
9780099585626
9780091957575
9780091956981
9780062259646
9780062253613
9780062248732
9780062107800
9780062209849
9780062090218
9780007533039
9780007488728
9780007484409
9780007382736
9783840121999
9783868716375
9783833225949
9783417251692
9783791371306
9783849004897
9783120067702
9783952390627
9783868716450
9783125289918
9783190029389
9783437267932
9783060835140
9783527711680
9783038008729
9783662472729
9783941956216
9780692452745
9783867811415
9783572081936
9783956866302
9783060328048
9780199313396
9783837308808
9783125619425
9783839213483
9783551796028
9783404607648
9780449819500
9783902900159
9783866413009
9783802934674
9783442173297
9783811471061
9783746238128
9783868836622
9780062364289
9783424152678
9783407257307
9783473418046
9783426518021
9783834627483
9783958751750
9783038008866
9783958030220
9783596905911
9783843606400
9783833835612
9783746237763
9783472083436
9783195470001
9783406651298
9783129491508
9781845879341
9781630474775
9783898834933
9783944887180
9783943638875
9783706625579
9783938458600
9783899371369
9783835512184
9783831722150
9783522435185
9783473584420
9783473433841
9783451711275
9782067188938
9781472318886
9781408326459
9780552169974
9783437583667
9781616893484
9781781789322
9780143127741
9783936896794
9781519257215
9781449372866
9783899537543
9783869413181
9783869172699
9783868705652
9783867522434
9783867664653
9783867522298
9783849007409
9783846497630
9783846496114
9783842702455
9783473368785
9783440137109
9783406647369
9783100487551
9783710400230
9781495002373
9781292115986
9781118430163
9783943012989
9781849412841
9781782431725
9781612381527
9781492238218
9781472346346
9781472316929
9780425255841
9780061963797
9783952367278
9780738745770
9783061200183
9780778805038
9781505988963
9783802962318
9781579129583
9783940193384
9782753542884
9781502754752
9783898997171
9780062200129
9780989768429
9781507753279
9781770461765
9781626922143
9781508642107
9780061778193
9781941176009
9783658095925
9783222135002
9788883622816
9788408118879
9783955590277
9783944035062
9783941127210
9783923002955
9783902901231
9783902694560
9783899159431
9783902469502
9781909487314
9781785351211
9781618658890
9781473601550
9781408855430
9780241185650
9781909686502
9780807061190
9781506119557
9783000486012
9781593275853
9780230748088
9781408866191
9791021008533
9783453419148
9783895777035
9783886187911
9783867669795
9783858695369
9783848510337
9783848274383
9783831904983
9783766617293
9783643121516
9783475542190
9783406648816
9783404167272
9783200030381
9783000412059
9783127335217
9781583474174
9783734748769
9780982163658
9781507688816
9781421416816
9781780289984
9781472806543
9783037342503
9783141238518
9783498032395
9780194501613
9788415208723
9782821200074
9782747046725
9781909268319
9781905881673
9781849545853
9781842235980
9781781865798
9781610914499
9781490448855
9781409550709
9781409382928
9781408830345
9780753541920
9780735675520
9780714866192
9780385742771
9783841501943
9783411871438
9783785577837
9783785574867
9783789173530
9783125881310
9781849839730
9783764170202
9783596854844
9783442746859
9783505131264
9783894493615
9783423219020
9783453471191
9783643121066
9783596189366
9783764170042
9783785576410
9780553825534
9783453680104
9783499252716
9783864725012
9783462044928
9783764150419
9782290072264
9783701716180
9780857382252
9781406321340
9783442372331
9783426513415
9783423141796
9783125195554
9783785574386
9783401501918
9783831723904
9783746629179
9783866863736
9783596194681
9783548285030
9781444723724
9781408819418
9783727222870
9783462044577
9783833834325
9783832196981
9783551682208
9783804419919
9783442479160
9780753519929
9783809430209
9783219115512
9783746629469
9783851759723
9783954510566
9783426504895
9783842006867
9783775154369
9783862652099
9782070650972
9780718198008
9783942491204
9780751551075
9781421501680
9783453410497
9783596904983
9783827011695
9780007310319
9783850267854
9783761560815
9783943199109
9783522503686
9783869950587
9783440132579
9781408830390
9783732613052
9783842512825
9788863121223
9780007487387
9783839214763
9783785575222
9783868892710
9783760789729
9780723275589
9783812001199
9783943143706
9783404167203
9783897737167
9783862312405
9783499266850
9780718179045
9783775736442
9783649614449
9781250027399
9783785574850
9783404167715
9783865661838
9783767013421
9783507231764
9782351785317
9783191316761
9783829726559
9783732234202
9783141002980
9783492404587
9783791520049
9783785576908
9780553841275
9781484999332
9781780338446
9783833731822
9783150198575
9781409151487
9783150198155
9783442312269
9783570401910
9780062119551
9780721712147
9783765458187
9783442220434
9783942477338
9780141039039
9783866123489
9783707414776
9780099585589
9783765551987
9783499266843
9781408183373
9783849006976
9781846271595
9783440136324
9783518064870
9783440134641
9782266237895
9781493542291
9783865393098
9783837870244
9781491247006
9783936376913
9783257068559
9780425256367
9783446243231
9783938558638
9782280306416
9781892005281
9783833845680
9783834629715
9789079901043
9783898799201
9783128343020
9783849008833
9783868835236
9783738635492
9783637015906
9781909173279
9780761174899
9782700505573
9783869521503
9783440135556
9781781570326
9783426785232
9783981772005
9783944125480
9783899018493
9783772459894
9783833843228
9783871592928
9780062316097
9783831027811
9783805707084
9783872523808
9783589160471
9783442341740
9786059913256
9781785652912
9783843411875
9783884124925
9783841501998
9783779504405
9780142424247
9783480231140
9781847493217
9783833826788
9783849544249
9783642357749
9783837120202
9783401703763
9783837925104
9780806151915
9783426213780
9780141326122
9783847905301
9783473380862
9783829606585
9783442746835
9781628651669
9781626863262
9787513808033
9783258601205
9781517178895
9783808540978
9781512214567
9781119120117
9783981330892
9783038008057
9783772463365
9783874402972
9783451326219
9781846056550
9783518188637
9783862414284
9781444705607
9780380709540
9780007460052
9780751551242
9781780222868
9783540541363
9783937310336
9781848314092
9783817476251
9782021084634
9783492702966
9782290071823
9783455381153
9783775137676
9783424201253
9788490816776
9783808540640
9788490816769
9780241186985
9788426401717
9783505131844
9783829724128
9783899105506
9783895612183
9783869307060
9783453437562
9783352008702
9781781711262
9783451309069
9783411721535
9783952390603
9783451334511
9783955218867
9783839001462
9783869364858
9781447227687
9783551766496
9780142426623
9783944299037
9783411871315
9783954510610
9780486817507
9780486810140
9783442381517
9783895615993
9783551723215
9781476711843
9782266238571
9781844574575
9783811477537
9780007483570
9783817493562
9783551795571
9783836544092
9783798704138
9783548285122
9783492303156
9783897361751
9780345545107
9783765820342
9780723272922
9783800057184
9783955410124
9783629109170
9783772459320
9780751570472
9788423345892
9783772526022
9783473434275
9780751548952
9783411871254
9781484847800
9780778314578
9780752265537
9783862787326
9783060414864
9783492054317
9780593077443
9798613076765
9783828927056
9780449815540
9783518060704
9789754540277
9783760780528
9783785575901
9783955615208
9783404168637
9783732236367
9780552161961
9780241963999
9783551250841
9783129491089
9783765541971
9783898454049
9783841061928
9783955100216
9783867668613
9781447234906
9782700506105
9783760799551
9782745972880
9780440869856
9783920591995
9783579070315
9781489537836
9783865287687
9783458193791
9783649613817
9783770477654
9783746238869
9781405912822
9783426509104
9780451532244
9783849303174
9783868716528
9781848777385
9783551754646
9783829724326
9780099569466
9783417265460
9783833226465
9780062015068
9788807881350
9783869132389
9780957096097
9781489506160
9783943054286
9783404607433
9783784124063
9780525953944
9783869365121
9783849005856
9780983364726
9783120453246
9783518464533
9783842100886
9780718195403
9783552056442
9783939284420
9781844096145
9783862788491
9783716026939
9781447229537
9783803127099
9781409311591
9783426785706
9783800178636
9783499625237
9783785748053
9783423141888
9783760787558
9782266227254
9783451711596
9780723272694
9780345537164
9783942787079
9783848258932
9781416990734
9783442479368
9783943143560
9780812981902
9783791527468
9783141008005
9783126070553
9783866262973
9781186701073
9783593504544
9783667102430
9783507101821
9781408866184
9783458175469
9783935029582
9783570100301
9783423142090
9783898095280
9783125255906
9783551559012
9783831028931
9783802211263
9781579656652
9783902656155
9783060330829
9780983308225
9780241965788
9783944020020
9783944125404
9783570157398
9783942929264
9783990220719
9783934719446
9783440135372
9783795744649
9781631404054
9783868261318
9783780628800
9783817477791
9781421523286
9782266210645
9780141027937
9783426199657
9781405912846
9782344002445
9781848530928
9780230770942
9783850689175
9783897357532
9783401702391
9783293004658
9780091953621
9783468804762
9783125403925
9783125360303
9781617691744
9783941649088
9783852566191
9781444737448
9781493570485
9783411160266
9781846882364
9783868042702
9783570223741
9783863910266
9783120065883
9783832153847
9781476754147
9780380767601
9783899152234
9783800075751
9783829724951
9780545418003
9780451532282
9783064511583
9781473213692
9783060836840
9781186701080
9781119092896
9782343039985
9781419717963
9781594634710
9783769819830
9783451376375
9782210751729
9783861215301
9781408815236
9780857051073
9783150198605
9783867427050
9783862200252
9783499627750
9780571287703
9783865662163
9783866853928
9783956450006
9783937752280
9781780673059
9783802947032
9782266215732
9783937791425
9780199639885
9783802592607
9780007465231
9783760788968
9783788637118
9781780333052
9783731310112
9783943881110
9783829725095
9783737578110
9781941631690
9783848513604
9783837135077
9783772473494
9783842700499
9781493685981
9783943166415
9789752976474
9780751550207
9783770478521
9783423715409
9781851498086
9786067430189
9782211225854
9781781930175
9783455404210
9781483997452
9781471115288
9783411160228
9783862280667
9780723272724
9780723272762
9783547711929
9781848452411
9783716027042
9780451417428
9783629109231
9781409334910
9780718197025
9783403074465
9783442392865
9783827012883
9783867023382
9783864902833
9783941206847
9783942491372
9783593394770
9783480231201
9783404167418
9780062198693
9781616952082
9783453357501
9781493738847
9783827011114
9783191033255
9783850338561
9781101887486
9783593504582
9781426215643
9781781610633
9781614981268
9781297848612
9783792001073
9783925524110
9783954530878
9781942487449
9798615956348
9798608711183
9781485302599
9783765506024
9781107480537
9780373777754
9781849839853
9783898625548
9783401700656
9783944124025
9783579066066
9783849005177
9780486784564
9783425739519
9783851977080
9783955420413
9783551046383
9783785577097
9781118750797
9783954621903
9783170308916
9780399168451
9781506130453
9781511889308
9782271081407
9783406667367
9781462520428
9783956010279
9783865393159
9783817493272
9783842241275
9798610449319
9781474916042
9780857892256
9780241001561
9781447247272
9780340398944
9783865065322
9783813503722
9781447209317
9783768836951
9783417265439
9780615907369
9781845845322
9783404167968
9783442745739
9791091978019
9783842019508
9783868835274
9783868836394
9783868836653
9780997046533
9781634930444
9783127354430
9783423626255
9783831031108
9783942972154
9782733824290
9783141139938
9780547959108
9782305018775
9782747047203
9783898799140
9781503252820
9783033059979
9783834629654
9783658077891
9780393081084
9783065208192
9783834629869
9783981082128
9783834627209
9780425251195
9783842487673
9781780192642
9782210761032
9780141346496
9782508037757
9783932650628
9781406344240
9780062318961
9783732280940
9781107480551
9783867811453
9783437282836
9783830708926
9786053232957
9783864340581
9783942590105
9783123161940
9783865390394
9783804734555
9781446282908
9783769265156
9783868492705
9783123161933
9783593502670
9780993088124
9783981542196
9780552169479
9780062136756
9783804734197
9783958392755
9781119055808
9783899604405
9783955030056
9780785185314
9783945695388
9781312940239
9783927369917
9781607746713
9783940417442
9781784880125
9783734401657
9780993088117
9788850729999
9781935726661
9783120069454
9783775006965
9781783293193
9783716822012
9783456855974
9781781942949
9783944326238
9781909397422
9781907374951
9783959200110
9783727452871
9783881209335
9781119171034
9781632152299
9783060048236
9783525402504
9780192756091
9780062273260
9783822821213
9783940855428
9781119102113
9780393351255
9783525460580
9780062329585
9783804554931
9783958910089
9783000502040
9781512390612
9783769264319
9782745330154
9783800740888
9781508488729
9780745335728
9781481430333
9783958391710
9783643131577
9783518060711
9783442484423
9781518895722
9781472330512
9783000499319
9783763026388
9780345542281
9783629109910
9781472209269
9783629109156
9798615685033
9798615933301
9782280368971
9780393354843
9798613801381
9798615909139
9798615928932
9798615683367
9798607015152
9798613808922
9781530660933
9783401702728
9780881147841
9781782440598
9781782194699
9781493579617
9780330526616
9783930388837
9781937509378
9783351035310
9781846079085
9783429039851
9783548284415
9783625136491
9783453268210
9780573021480
9782012036789
9788374702867
9783898762366
9783835312197
9781409120285
9780593069646
9780451237774
9783314101847
9780786029303
9783866711266
9783896808233
9780007436101
9783194052338
9780349001609
9780374180669
9789696371526
9783866855656
9782340009950
9783191033514
9783125607941
9780778314530
9783867894128
9783954980178
9783760791326
9780192735102
9782266250306
9783954511402
9783700754695
9780007387007
9783813505900
9781849534819
9782266233910
9783730810033
9781613777541
9781847562814
9791091978040
9780751547887
9781444181081
9780007241569
9783831905430
9781596434196
9783060155972
9791021400894
9783649616160
9780071823654
9783629109026
9783863510572
9781401311100
9780956534705
9781409144908
9781250052339
9781494980238
9780007512638
9781444913477
9780451416742
9783897777002
9783837778618
9783833831294
9782330027308
9782091636375
9781401687601
9780692351932
9783596513109
9783426511459
9781840226997
9783492304658
9783785576441
9781444754346
9783451064999
9783596195886
9781849754286
9783943328639
9780571290802
9783785724613
9783141002997
9783440111963
9781250012579
9783129491478
9783866660908
9782035873903
9780394847283
9782716314909
9782266227957
9783929993615
9783458359531
9782702440155
9783768836401
9783036956275
9781421558950
9782227486508
9781409535188
9783869977140
9780373658169
9780062110695
9781471113277
9782226248305
9780451414830
9780571283439
9780500241448
9783868274097
9780241957745
9780761177258
9783000418471
9782081285484
9782234073364
9783507732483
9780440246527
9782884806800
9783630873541
9783630874098
9780451414373
9783884142738
9782012030961
9783831723010
9780762449132
9780451239815
9781936297634
9783849006983
9783864401299
9783842512559
9783863864804
9780752898643
9780758267399
9781908800718
9783879829897
9782070654314
9783892911111
9783864970870
9781476745121
9783625136538
9780828314671
9783785575215
9780446539852
9783446241305
9782203030022
9781408821640
9780312605919
9781593082680
9781444704914
9780373180752
9783125289901
9783065201766
9783868837339
9783706625753
9783192054396
9783898799034
9783954640355
9783850339421
9783862448098
9783407629937
9783437587658
9783864452376
9783868837780
9783768853743
9783833846373
9780670078592
9783706625791
9783955843786
9782702438152
9782298062847
9782080701442
9782021121452
9781844087709
9781844087440
9781781852361
9781780891064
9781780226163
9781611739169
9781482791426
9781476751320
9781476704043
9781472212399
9781471135200
9781455526956
9781447221746
9781444816082
9781444732160
9781409130840
9781250042903
9780857531117
9780857208736
9780857051899
9780758259400
9780755388882
9780749957544
9780727896414
9780701187873
9780552170154
9780545524025
9780593063163
9782280367493
9782266270250
9782072723704
9782047355688
9781496715180
9780375970078
9780307385932
9780373207169
9780143420309
9780091943974
9780062024626
9780007464579
9781492354734
9780134190440
9780194798822
9783126050241
9781473213708
9783868593563
9781570619724
9783593504506
9783863865801
9782280314183
9788433963420
9780786496310
9781566568814
9781926588285
9783739219134
9782280307086
9782012044951
9781499170245
9781484711101
9780415524254
9783849300678
9782070651474
9781612386591
9780849921896
9780071819503
9780691152844
9781471125928
9783596031849
9783832801168
9783944125510
9789171496515
9783125627291
9783643132079
9780553447293
9780822359326
9788501044457
9783990251898
9781346602134
9783127326345
9783813506983
9783442158065
9783839815755
9783888979781
9783789165900
9783802586477
9783954513789
9782266277099
9783834224842
9783499217708
9783954512881
9782298069709
9783770174423
9780448479477
9783442489909
9783548376233
9783192054389
9783905945461
9780984782857
9783865227386
9783440145722
9783065201841
9783836958646
9783791034560
9783955714154
9783000485930
9783120113324
9783955714260
9783867935098
9783867744263
9783955713362
9783257242829
9781408842812
9781107579491
9780008105754
9780785831457
9783667101730
9780593077184
9781572818033
9783871592409
9780933917293
9780990711797
9781634930291
9782017007128
9781107502895
9783060228935
9782815306027
9783945999295
9782820805317
9780977609611
9780373756148
9780263262209
9781481405638
9781408845646
9783864902581
9783593503318
9783808540589
9783936489415
9783421039231
9783867402736
9780198705383
9783064509849
9781519763792
9781474888530
9780062377838
9782755615685
9782365838665
9781442227484
9781295767632
9783868942620
9781119002253
9783831028948
9783864902482
9783866262393
9783583121003
9783161540318
9783865438911
9781477302392
9783193052544
9780785833529
9783791349770
9783621282574
9783621282567
9783780048288
9783837131208
9783956010651
9783403235866
9783038008781
9783899539806
9780231170871
9780993238437
9780674725270
9781517268657
9783898767743
9781614291954
9780804845335
9781626543058
9781942223474
9781515351054
9780415835237
9781518647451
9781780928678
9780316266314
9783407627551
9783741700507
9783866309395
9783000496479
9783780048394
9783887350307
9783864452611
9783940775054
9783865438645
9783407365743
9783702015121
9788862084338
9783801725174
9783446445222
9783795759469
9783527709359
9783802406508
9783936807240
9783802404849
9789829150158
9783934958500
9781847941428
9780399175213
9783738626711
9783525453728
9783141008036
9783128286013
9783060652129
9780745650456
9783451001741
9783064512184
9783957130167
9783956868498
9781491921562
9783958450783
9781512200447
9783772475771
9783401240220
9783131124227
9783830482444
9784883197040
9781447275992
9780062356147
9781910752036
9781514218631
9780738741659
9783940768520
9781616556464
9781618214577
9783702015169
9780008124496
9783140535137
9781292057149
9781107610873
9781118740248
9783125142473
9783525570418
9782897052805
9781508798903
9783938255025
9781610166553
9781846148132
9783060147045
9783661820071
9780822358503
9780310444008
9783403235330
9781722693039
9788820366964
9781509809790
9781908714268
9780521188289
9782278080984
9780060898762
9780224100762
9781118663585
9788494355516
9783834434715
9780996153300
9780325074733
9783840017407
9781472808127
9783907625927
9780942018387
9780993218323
9781516810246
9783766172150
9781620920947
9780567583529
9781509801541
9781583949375
9780786688920
9781491916469
9783403235477
9780994793201
9783645604703
9781107479500
9783865439079
9783540778462
9782940159642
9783864902758
9783596370412
9782889512324
9783083617129
9789750504822
9798615947773
9781505044249
9781470638665
9781780890852
9780062318435
9781474935821
9791090724044
9781530049134
9798613844623
9783868514285
9783957985019
9783667101327
9783867023085
9783440139394
9783957985026
9798613844432
9798613817962
9798613844579
9781474904575
9782021182484
9783829312226
9783131299734
9783642376443
9780815726999
9783437583322
9783667100337
9783955130862
9781614278375
9783955714178
9781450879125
9783421047144
9783132034419
9783125289604
9791090278387
9789175032535
9789088104527
9783482662218
9791091413077
9783000481420
9783956130205
9783883160313
9781479845866
9783866592438
9783834333551
9783897904460
9783887784331
9789071359521
9789054924173
9788379433957
9783937015446
9783868175134
9783866464131
9783865323842
9783864559297
9783863801014
9783862796854
9783845740614
9783845722276
9783837507126
9783824440931
9783732231171
9783705888876
9783064558298
9783938711750
9783775739559
9783934310162
9783981317688
9783943808759
9783406678356
9783829311137
9783929825077
9783842101869
9783890078298
9783724520498
9783934310575
9783000498558
9783540162025
9783625133216
9783034011648
9782918721314
9782911686795
9782889230044
9782869382121
9782848684925
9782842637606
9782841861354
9782822602471
9782818017555
9782816135404
9782812910272
9782812605819
9782812307959
9788809804425
9783816791492
9783894172534
9783816931713
9783808007440
9783487311593
9783939900368
9783939900405
9783826056789
9780996851701
9781620552582
9781522838517
9783867365017
9783932337642
9780813570600
9783934310858
9782809812312
9782809505207
9782809504910
9782759019618
9782756033532
9782752907561
9782746966727
9782746962453
9782746961692
9782745962416
9782742433759
9782704812073
9782702154427
9782702144343
9782364742635
9782355932465
9782354610395
9782351841242
9782354141110
9782351685754
9782350213224
9782336006727
9782330022921
9782330017927
9782324004797
9782297032940
9782297032506
9782297031790
9782290072387
9782290069707
9783869800011
9783868931976
9783503165377
9783862449453
9783957580030
9783869803128
9789888381982
9783890078250
9783896885340
9783981601329
9781495159084
9783487138336
9781782389194
9783865992970
9783958390126
9782280280716
9782290054352
9782280286299
9782280278447
9782275041292
9782273011396
9782266243100
9782266235259
9782264060013
9782264058478
9782258102897
9782258104938
9782258090071
9782253169512
9782253166993
9782253162674
9782253156130
9782226249548
9782226247513
9782226245199
9782226242686
9782221127087
9782221109977
9782220065397
9782218965173
9782215115625
9782215115618
9782213678634
9782213677231
9782211212571
9782207114346
9782110094872
9782110094728
9782092546963
9782092540312
9782081299122
9782081287501
9782070138425
9782067188174
9782021071238
9782021032543
9782021021981
9782013938136
9781939418227
9781909840850
9781909838024
9781908682017
9781909066076
9781908152176
9781849904865
9781849671620
9781849054119
9781848573291
9781846248429
9781845274481
9781843914792
9781782441922
9781782110705
9781781975947
9781781854242
9781781720325
9781780339177
9781780040462
9781593083601
9781493590780
9781484198933
9781483932996
9781472321879
9781472324405
9781471128202
9781447240297
9781447240280
9781447232452
9781446902783
9781445366500
9781445118116
9781444754940
9781444742954
9781444189315
9781444188073
9782081385450
9781442446564
9781423185086
9781420131475
9781409345169
9781406261011
9781408186923
9781291236170
9780989288262
9781091990036
9780857758644
9780804124454
9780755357109
9780752265506
9780615782508
9780593068663
9780572044190
9780553522976
9780545310192
9780451417510
9780448467085
9780373180776
9780263907131
9780263902907
9780263230901
9780233003818
9780192735089
9780091951399
9780062199553
9780007936861
9780007934546
9783981428223
9783780048325
9783407257352
9783957480637
9780718087906
9782353257072
9782841388103
9780956468499
9780520286245
9783736990241
9783593503080
9780226805306
9780134177410
9780691625393
9783956920318
9780262528382
9781849951586
9781401248970
9780991602544
9781511522083
9783473316632
9783423348010
9783462045338
9783473316724
9781846056543
9783833828768
9783548285528
9783492301565
9783425734316
9783837124989
9782253164265
9783746629766
9780330344814
9780755362813
9782702438145
9783492268820
9783453280496
9780062262547
9783442379675
9780345527769
9783941714304
9780330453905
9780062304810
9783451306433
9783499267123
9780723294368
9783942865609
9782757849484
9782743636623
9782280359603
9782280348386
9782267029185
9782260024019
9782014005158
9783868838909
9783140225601
9783596854646
9783552062078
9783404173099
9781447205753
9783522503563
9783426281321
9783499268397
9783736302914
9780545200769
9783958351165
9783849024680
9783401509150
9782091719238
9783551583383
9783802588891
9783770478705
9780711235595
9783866687875
9781444012590
9798608941559
9783131656117
9783938922910
9783981669428
9783784125459
9781491950357
9781616554828
9781107481114
9783842101395
9783131294937
9783844035421
9783836807463
9783844511994
9783716822029
9781107443792
9783466310265
9783808571200
9783407753687
9783791034201
9781406363142
9781784460129
9783868941609
9783943528329
9789778515671
9782756065373
9783131656513
9783551791658
9783468804434
9781491946008
9783804597143
9781589781603
9783639790634
9780134136561
9781908707673
9783442204168
9780147517388
9783407810786
9783943116069
9780195596267
9783662465127
9783898799676
9781506005416
9781903378229
9783844668520
9780194566629
9782352490531
9782100721207
9781340833060
9780198747017
9781935182443
9781340429348
9781447220107
9782012039681
9781743316948
9780297867951
9783662462799
9781496310118
9783934310148
9781785212833
9781594650932
9781435158115
9783946268963
9798613700479
9789897523793
9798613826087
9798613968619
9798613745814
9798615996047
9798605690405
9798615586118
9798609554482
9798613956289
9798613595556
9798616030856
9798613749911
9798608636288
9798613754496
9798613743070
9783899528428
9780062367143
9783456855608
9783141008012
9783769135701
9781118714706
9783456855950
9783769262186
9782366241334
9781938740084
9791095507000
9798612442097
9783956315589
9783941524835
9783744830669
9783794531509
9781508579953
9780824839604
9781505049541
9788858308653
9783834944849
9783770437849
9783906027760
9783170257139
9783824811519
9783551728432
9783862313990
9783732336937
9783862443789
9783946386209
9783899555608
9781783299706
9783836237390
9783864421204
9781517671273
9781878348609
9783037345313
9783868285321
9783658050535
9782848052144
9782280368520
9783731825241
9783832797065
9781101875667
9781932828726
9783940524218
9781408840665
9783955615024
9783083623168
9782012039711
9781841624624
9783480231188
9783649612162
9781906427726
9780486492773
9783468221286
9783862653010
9782253167518
9783525776612
9782368770542
9781250057716
9783902607089
9781499271638
9783880205734
9783442753796
9783889813664
9781909471511
9781421530628
9780778316039
9780007586110
9781402291852
9783060827671
9780448479361
9783862800599
9783861904618
9781455529865
9783834216663
9783442381340
9783846499610
9780312643003
9783830362470
9780571299669
9781847563217
9781492354956
9783741807190
9781494738020
9783954510733
9783831723775
9783453676497
9780765370624
9781447208273
9781472201423
9781455521210
9780425258118
9789045022710
9783845800424
9783761822968
9781781090091
9783825244491
9781408839492
9780147509703
9780385378482
9783772526923
9783837745153
9783842008656
9783805250252
9783125185333
9783473524792
9783833227127
9783956742774
9783868832600
9783473369768
9783956490293
9783878000549
9783551650948
9780316080842
9783424200850
9783000430428
9783831728121
9781781257722
9783065201537
9783401703350
9783426513330
9780007492541
9780571324217
9781472218070
9781699884591
9783895614262
9783862336388
9783631655313
9783802592270
9783841902290
9783401068367
9783864700521
9783507027664
9781741048155
9783835410800
9798609414939
9781416509769
9780062252746
9783869710730
9783421046000
9783990184059
9783649615040
9783440135662
9783845821306
9783551764850
9782221127131
9783471350805
9782744317347
9782744317316
9782290120224
9782280377409
9782280366793
9782280366212
9782035916174
9781782436867
9781474888271
9783944296197
9783899159387
9783423260138
9783426511220
9783000429026
9780099555643
9783809430131
9783831723485
9783873903210
9783863865740
9783000410413
9783462045727
9783846600474
9783462049534
9783596811670
9783593398174
9783902447302
9783423280129
9781846687938
9783570553497
9780451464736
9783943774436
9783813505955
9783896399236
9783742301208
9781520946801
9783548613277
9783867022262
9783150202777
9783888978227
9783492301404
9783401067629
9780007521869
9783813507263
9783401709468
9783407749079
9781471116735
9783401501734
9783770478880
9783825238537
9783778775257
9783845108353
9783894254162
9782226248282
9783446242852
9783831729463
9783426788431
9781849837606
9780099559535
9781974711758
9782412030608
9782246857556
9783551250629
9780448479385
9783517088792
9782070650477
9780857523723
9783842006096
9783789396588
9780992616700
9781471128943
9781847087706
9789756400166
9798613963485
9798615695988
9798613871049
9798613844494
9783942880046
9783944544014
9798613950300
9783406646843
9780373777792
9783898799232
9783899018943
9781138850132
9788326482809
9781340833732
9783662459768
9782281196054
9783437229428
9783769252774
9783440149881
9783131422323
9781784396459
9781594651069
9780552166379
9783943417371
9781296494506
9781901784602
9780448464442
9783131657114
9783621282253
9783642552090
9783944628868
9783061510367
9783834825971
9783621279291
9783959346634
9781785287725
9781783555093
9783943245318
9783760799582
9783839214213
9781490930176
9783778258439
9783421049872
9782081285491
9780415719407
9783621282246
9783981768800
9783415054172
9783885427605
9783864901379
9783896708588
9783643129307
9783866685956
9783121041145
9780325074337
9789041145567
9783901257537
9781138989252
9783934170827
9781632155726
9781138844667
9780674598485
9781119065999
9780996200400
9781937434373
9781312941816
9781138928367
9783835940659
9783934371521
9780345526953
9780143124542
9783993001391
9783619044313
9783849005115
9783772440441
9783770478385
9783293206106
9783827195630
9783649611806
9781910444054
9783800183623
9783826694905
9783772457685
9783941435346
9788844043674
9781503933187
9789995975135
9783954512409
9783842100688
9783650401328
9783662436981
9782817603629
9780994604972
9783131309136
9783621279543
9781628600834
9781492100324
9783874076463
9783760784885
9783551300294
9783955580032
9783131285461
9781622316182
9780198713623
9781292092621
9783781520585
9783952324653
9783064511590
9783717523147
9781408527375
9781107687899
9783658061036
9783866681187
9783934647053
9783442342433
9782280344111
9782267029277
9782266267625
9782253087250
9781476748023
9781419717796
9781482299687
9780128018675
9781781851975
9783898453950
9783359023876
9783200040274
9781292093567
9781597076982
9780751551129
9783801204839
9783401601762
9781523294947
9783862787104
9780373180707
9781743313602
9782081308152
9781473619470
9781935940562
9782218972195
9783808597187
9783862860319
9781482591545
9781447231110
9780062082428
9783863658793
9783834825643
9783932522161
9781412856799
9783808532676
9780415742535
9783403074496
9781908172839
9783534267255
9781624427312
9783942515498
9781444916218
9783570380444
9783570380437
9783570380529
9783570380505
9783957521033
9783407365705
9783131143457
9781500254360
9781137321275
9783800182886
9783662473191
9780226263557
9781474212700
9791033101833
9781421415901
9781788305525
9780190247072
9783832732837
9783582319104
9781786890580
9783840150425
9780133868944
9782204103633
9783421040121
9783800649242
9783844519518
9780241415658
9782091780306
9781619543881
9783451323935
9780141371245
9783905848847
9780099588139
9783402130070
9781575424231
9782864772651
9783746237190
9780323265119
9780593070154
9780062291011
9781492176435
9783870735975
9783000443824
9783440136683
9781481456609
9781138023369
9783319214153
9789768260468
9783131383631
9781909487024
9780062107732
9783848702909
9780749958138
9780241961490
9783863650704
9783765515811
9783866412903
9781408831038
9780345537126
9780300190526
9781482609301
9781447207719
9781444757347
9781433679735
9780989972819
9780571297887
9780425255292
9781107470279
9788804635536
9783839812808
9781848548916
9781846972645
9781846557262
9781846145810
9781782124955
9781484192641
9781483952628
9781476716480
9781451672794
9781442451919
9781420111385
9781408815656
9781406344486
9780778316008
9780749954901
9780399162503
9780373777747
9780330445665
9780307265746
9781408846933
9781451185461
9781473201682
9783722501390
9781927584026
9781797487090
9782294744693
9783734706608
9783800736522
9783464612408
9783608949360
9780128021200
9780306821707
9783865686275
9783134843125
9781486273089
9780128019832
9783527412822
9781781593363
9781447990420
9780525578987
9781462520534
9782930146379
9781614277828
9780443067297
9783110302936
9783319130712
9781296707699
9783899938289
9780199689453
9783846206423
9791090597594
9781786013781
9783878605058
9783980785006
9781138967618
9783899555677
9780134431819
9783781219403
9783737555289
9780711232228
9780714868776
9781616496494
9781583478448
9783643134868
9782810604852
9782757855652
9782708245044
9782366582246
9782280345309
9780723271680
9798614155339
9781534713611
9783764505745
9780099599326
9783833847370
9783453280762
9781452125909
9780007558483
9781482252309
9780071448208
9783864902888
9783639856385
9783764505271
9780134141046
9783570310397
9798612710387
9798610274805
9798613975945
9798613987474
9798612806882
9798613999224
9781515098416
9798614007102
9798615713460
9798613668403
9798610274553
9783802599057
9798614030315
9798604840757
9798613642496
9798613628681
9798613962433
9798614041809
9798613997817
9798613668342
9783837133677
9798613782918
9798613930210
9798613596218
9798609926425
9798613914678
9798613634057
9798616082374
9798609920300
9798612806738
9783960540007
9798615615535
9798613833665
9781292096131
9783746632599
9798613634040
9783038008965
9798613867899
9798610275000
9798613904273
9798616073327
9798609255792
9798613923571
9798613917921
9798613903368
9781451646696
9780099492375
9780099492382
9781784755904
9781439102404
9783937745299
9782830915730
9780062413659
9798613846535
9798613947591
9783667102898
9783648079812
9783421039958
9783925902918
9781101965481
9783875487220
9783407365675
9783642046032
9781988245584
9783442173815
9780603572760
9783785556771
9783898833837
9783499627804
9780241954485
9783505131530
9783548374963
9783894495503
9783548374291
9783570551899
9783499620454
9783802935039
9783841062277
9783404168323
9783869365091
9783060334414
9780349139869
9783411745425
9783453702417
9783453310278
9783406645228
9783446243125
9783507030206
9783990332696
9783941641877
9783811233195
9783293004665
9783125984363
9783426513224
9783404168033
9783802590733
9783414823663
9783899017182
9783648038529
9783711000286
9780099579687
9781847621542
9783442480043
9780718159207
9783423347686
9783709305096
9783499257155
9783941206625
9780571289011
9783896674524
9783499627316
9781402799921
9783451341724
9783843430432
9783861122968
9783785747438
9783442381494
9783869132792
9783841421128
9782266208574
9783122165161
9783423740012
9780755380701
9783833225994
9783867898034
9783839214015
9783933091987
9783492405096
9783868510911
9781616203160
9783401701844
9780751551068
9780451415233
9783451310805
9781447250845
9783868824834
9783789151293
9788888155197
9783480230839
9783548374543
9780552779173
9783427875000
9782070650446
9781844088423
9783407857699
9783831022830
9783954511037
9780141394336
9781493642175
9783833834462
9780425267042
9783943061239
9783866742260
9780007512713
9783527709168
9783406646881
9783619242092
9782266242806
9782070146505
9780349124179
9783746629711
9780141339627
9783455502763
9783845102146
9780062072924
9788809788800
9783788619633
9783440133736
9780141343754
9783899159295
9783442747207
9783772473364
9783802590818
9783863551377
9783886279326
9780141337197
9781938922152
9783943767049
9783930038367
9783522183536
9783841422187
9783038006848
9783645602655
9783849914165
9783785586938
9783442486243
9783849025250
9783742302380
9783742300966
9783473554065
9783829728478
9783473554089
9781406372151
9783442714971
9783499217791
9783129231265
9783829729109
9783960960058
9783736302495
9783619441709
9783741522284
9783746633671
9783129231074
9783129273883
9783473326792
9781908800985
9780575105737
9783596197422
9783955212711
9783942983075
9781617732737
9780007497980
9783765461996
9783841062406
9783125560352
9783440156933
9783817418039
9783453317819
9783837775044
9783868828702
9780241980446
9783507782365
9789752477582
9783736303935
9783788626631
9783906238951
9783551317421
9781786572448
9783442222100
9780099594291
9783956497629
9781542047555
9782889216697
9781101904183
9780465094288
9783770729265
9781546421092
9781542048712
9781848499126
9783942057899
9783864583063
9780062407405
9781526360687
9783946990109
9783942446822
9780425256381
9783899537840
9781409135371
9783934863170
9780007519484
9780330332507
9789881595454
9781781166543
9781442421837
9783898998543
9783505129599
9783772512292
9783775156264
9781542731669
9783831031962
9780241283080
9783770494255
9781786573223
9781542045018
9781548430467
9783777429397
9783359013327
9781857336757
9780999439203
9780310349495
9781477819975
9788379981595
9781101991404
9781626568808
9783742400642
9783150193624
9788809855670
9783125628403
9781328710260
9781534302426
9783831031979
9781101981214
9788361012993
9781979198097
9781979200233
9781979199285
9781979198424
9783505140297
9783897358669
9781632292773
9781484787205
9783740732578
9780316414074
9781484781821
9781407182001
9782081416338
9788804684336
9781976427091
9781857338386
9780141378312
9782067217201
9783527506866
9781780289687
9783702657796
9783649613084
9780755362592
9781471133701
9783407820341
9782253173588
9783451327155
9783446241626
9783940855459
9783492267885
9781983451942
9781601069887
9781977756022
9781772290103
9781328740861
9781979921909
9783842244894
9781979197236
9781979196468
9781979195744
9783905800982
9783642410888
9783801726003
9781137467003
9783737575591
9783437274510
9783864253607
9781292110653
9783131323743
9780804848213
9780399562594
9781786574060
9781982075460
9780008248826
9781250122810
9780349008776
9783958692916
9781616208424
9780765389589
9783867542142
9783842512306
9783802586521
9783406613531
9783981496123
9783466370801
9781409532781
9781843229940
9783589018826
9783802588495
9780751550337
9788884577511
9788379279210
9788365781291
9781981685639
9781981429578
9781981312986
9781981293636
9781981218998
9781979074407
9781977823618
9781974644971
9781973762744
9781973762676
9781973731948
9781945492006
9781911445418
9781633755956
9781549760839
9781549642418
9781549527173
9781548385101
9781542710619
9781521274477
9781521250976
9781521153765
9781520714813
9781521110775
9781520504568
9781444935127
9781455571185
9781408866382
9781338151879
9781335721358
9781250102461
9780986179679
9780822235927
9780373757855
9780147512444
9780141379661
9783832037567
9780008211677
9781847496614
9783845834825
9782203017726
9783522303248
9782035873842
9783765584626
9789023476627
9781476744919
9783889975355
9783775154796
9780141393377
9787807122500
9783905801927
9781979020602
9781780042848
9783837132359
9783843606523
9783319228457
9781606064320
9783899936841
9781483118130
9780691611365
9783844104363
9783863551681
9783937285207
9783841902368
9783000428166
9781444777550
9783829724265
9783939233190
9783442313334
9783150190524
9783894254186
9780813166346
9783667101662
9781616559182
9783832732387
9783667100061
9781458405784
9781423451235
9780634060380
9781423451228
9780634060809
9781480338159
9782352121152
9780980232790
9783955532703
9783838050249
9782070655915
9782081314788
9783458175650
9780571290536
9780857867971
9783942831901
9781419706813
9781408840481
9780778314677
9783124434609
9783732291281
9783406653643
9783735770820
9782809506693
9782501100625
9782280310338
9781496169006
9781489572622
9783492303361
9781933212722
9783257242690
9783902784292
9780751551389
9783404207138
9783406656262
9783839812723
9783981286250
9783570402139
9782290069790
9781907411045
9783596189205
9780778314479
9780749958169
9783437262852
9783834624024
9781442493995
9783442204052
9783869172002
9783842706880
9783499216688
9780141346151
9783815799628
9783125619159
9790001193993
9783943697827
9780062081933
9781444761436
9781843594307
9781444760255
9783570223918
9781472347350
9781847084866
9783406637049
9781421518633
9783596854660
9781450857864
9780099577270
9783517089423
9783836230711
9781849907491
9780552170024
9783929228922
9783944296005
9783922989844
9781408819951
9781472208101
9783869971209
9783453545571
9781780330310
9780099582649
9783881178945
9783767008847
9783785748510
9783869413174
9783831904563
9783940538581
9783897983885
9780062282262
9780446571838
9780349403304
9783930627110
9782266227063
9781447227083
9781493598298
9781782270720
9782081293052
9783895612510
9783572080663
9783064501508
9783833309083
9783437567339
9780809334131
9783037517536
9783662468913
9789491431821
9781476796055
9783862457236
9780755327898
9781451698442
9783453200371
9783785747858
9783596904860
9783802588662
9780007536726
9783830716921
9783772462467
9780723273028
9783518424018
9783401702100
9781444754452
9780571299652
9780141035673
9783929330892
9780062276964
9783850269964
9783570101186
9783429035891
9780199680535
9789758131891
9789753225199
9789752932333
9789463347587
9789463342742
9789350853719
9789002264955
9788852228902
9788804675808
9788491372417
9788380835290
9788380083899
9788377916438
9788377441268
9788365624321
9788365624239
9788184656343
9788072355990
9788072355921
9786059670944
9786054525591
9786053609148
9783958281424
9783887214463
9783406709326
9782868191984
9782849904787
9782764025956
9782743640729
9782745981561
9782412022450
9782390142119
9782377610143
9782367470429
9782365010054
9782244801117
9782244106038
9783954510658
9780297870913
9781780670973
9781741799637
9783426653401
9783831323906
9780778314592
9783793422617
9780399165474
9781471135057
9783863142414
9780552166553
9782244106021
9782013951234
9781983453106
9781983452895
9781983452802
9781983452574
9781983452406
9781983452482
9781983452307
9781983452192
9781983452154
9781983452031
9781983451881
9781983451676
9781983451577
9781983415456
9781983403255
9781983403248
9781983403231
9781983402630
9781983402616
9781983402128
9781983402111
9781983402104
9781983401558
9781983401534
9781983401237
9781983401220
9781983401213
9783931921170
9783830412854
9781981461103
9781981460946
9781981460861
9781981460571
9781981459766
9781981459452
9781981459148
9781981457946
9781981413201
9781981413096
9781981412952
9781981412907
9781981412853
9781981412723
9781981412563
9781981412501
9781981412426
9781981408641
9781981408542
9781981408405
9781981407286
9781981407194
9781981407095
9781981407040
9781981406920
9781981386086
9781981385911
9781981385799
9781981348282
9781981347889
9781981316618
9781981313693
9781981295296
9781979816687
9781979200523
9781979198769
9781978263499
9781977750808
9781976765636
9781976562235
9781976542237
9781976458637
9781976433191
9781976400032
9781976388910
9781976226038
9781976186677
9781976156021
9781975772253
9781975746476
9781975679590
9781975672508
9781974066865
9781974259748
9781974043705
9781974066858
9781974043699
9781973374145
9781973309659
9781973255246
9781943330775
9781942658306
9781939356598
9781912076710
9781910851647
9781909991446
9781905346776
9781871173413
9781846974038
9781786280824
9781786172181
9781786172150
9781785065576
9781784941673
9781782503637
9781631522864
9781631216022
9781629991634
9781628323368
9781626343535
9783642330070
9783831020683
9781848092341
9783468114724
9783863620165
9781549925795
9781549913624
9781549911811
9783518423554
9783881002042
9783492268615
9783849007355
9780718159993
9783944321073
9781549799457
9781549679704
9781549795701
9781549573606
9781548973582
9781548793838
9781548530112
9781548520458
9781548520441
9781548520434
9781548520427
9781548520410
9781548520335
9781548508289
9781548506964
9781548404550
9781548015541
9781548020132
9781548014698
9781548011734
9781548013356
9781548006013
9781547290673
9781547268436
9781547268429
9781547268412
9781547268399
9781547268375
9781547268245
9781547265565
9781547264834
9781547264292
9781547263790
9781547262984
9781547259892
9781547071661
9781547049295
9781547037490
9781546812487
9781546649908
9781546559009
9781546521297
9781546521150
9781546521136
9781546521129
9781546521105
9781546521006
9781546520979
9781546520962
9781546520955
9781546520948
9781546473121
9781546473114
9781546473107
9781546473091
9781546472872
9781546472636
9781546472629
9781546472612
9781546472605
9781546472582
9781546471028
9781546413691
9781546407928
9781546406389
9781546405580
9781546394488
9781545594445
9781545316252
9781544715148
9781544276908
9781543292084
9781543186895
9781543186307
9781543106107
9781542046497
9781542852999
9781527100398
9781521962947
9781521477953
9781521428030
9781521324172
9781521160534
9781521328798
9781521156032
9781521153833
9781521136300
9781521033333
9781521001721
9781520881386
9781520791623
9781520731261
9781520725048
9781520710068
9781520635477
9781520511719
9781520510118
9780307947703
9781520208152
9781487413071
9783711000385
9783842006270
9781474868143
9781487413064
9781474740500
9783883160078
9781472940643
9781472940674
9780755397105
9781452151588
9781387219087
9781405932301
9783865689443
9783404168354
9783902647962
9781935654803
9783896625335
9781326907396
9780998766072
9780993131738
9780990324638
9780857466051
9780857465979
9780857465511
9780758284082
9780750289115
9780718089993
9780692973721
9780553521818
9780399584442
9780373757497
9780310348054
9780263929720
9780192749796
9780192747341
9780062499844
9783845902760
9782849903377
9782266252898
9781780056500
9783981591651
9781849905190
9783401703091
9789758142958
9780224091862
9781472322623
9783517089003
9781472105325
9783150109311
9781406351491
9783944321097
9783060334384
9780800788346
9781494835859
9781409376989
9783829728805
9783742302366
9781548712297
9783862656677
9781545081914
9783947506026
9783955591076
9783829728713
9783414824820
9780399590405
9783060348572
9783845822785
9783125488847
9783734559372
9783551655028
9783453604339
9783060213306
9783906949000
9783424631500
9783123004285
9783548613642
9783423761765
9783833861666
9783426658055
9783867721523
9783868828634
9783128082486
9783957360809
9783863743086
9781545049938
9781544055695
9780349142074
9783785586006
9783788637521
9783552058163
9783831765096
9783492404761
9783800182039
9783062066757
9783841322197
9781785656477
9783775006576
9783551556875
9783788622138
9781473674189
9783863556600
9783793423232
9783746633701
9783551650603
9783475546099
9783958540972
9783451069109
9783959101233
9781981433551
9783832198381
9783507782358
9783862788071
9783121040902
9781845879266
9783769820171
9783596175840
9783943562088
9783939928546
9783943883398
9781250028884
9783127442755
9783125289192
9783442715138
9783764170745
9783868204292
9783841504197
9783845819181
9783518467954
9783742303608
9783451064517
9783833234200
9783064512849
9781401271312
9783649625667
9783956497803
9783795712228
9783866871915
9783842036956
9783896675965
9781973403210
9783831033195
9783407823236
9781787130357
9783770479245
9780451414397
9781407114927
9783847905325
9781451672633
9783896034304
9782081309494
9783424350852
9781447221869
9783954002092
9783451303081
9783845502342
9780099546955
9782733822456
9781549959745
9783406715334
9783406702679
9781506705408
9783868739343
9781534302440
9783473436156
9781542048514
9783407747921
9781943684946
9781548551025
9781096610199
9781548184445
9788026856009
9783125629356
9783741522888
9783785725948
9780571321490
9781974578627
9781548168186
9781409156598
9783446256866
9783959720908
9783788639532
9781419727344
9783863571702
9781548250669
9783407742605
9789752477599
9781544182681
9783946641285
9780008240035
9783125629363
9783836956178
9781474919012
9781974398898
9782067224513
9783844527155
9782368773031
9783141211351
9783849028374
9781977944085
9783406714535
9783103972641
9783570164587
9781973791140
9783593505930
9783613035652
9781471101823
9783596855377
9783990220801
9782843046421
9781423137788
9783943528961
9780753828960
9783942446853
9783424152142
9781976427671
9783596297566
9780999657607
9780316125949
9783140345637
9780008218331
9783125484610
9783848742561
9781546434191
9788324582648
9783740800611
9783442314614
9783741521584
9788375547870
9783833235054
9781780080673
9781530543304
9783730605301
9781540461018
9780141981741
9783150204481
9781546524328
9780571327881
9783861539414
9781626390546
9780521809269
9783621282666
9782700570694
9783955820411
9789089645845
9780786965700
9783438043160
9783800183586
9781118999400
9783868942699
9783956391552
9783941485563
9781981217137
9783841904669
9783527713899
9783990012109
9783836959605
9783745048094
9783613508415
9783944751153
9781250078698
9783442159468
9783845805276
9781546407331
9783462049640
9783842520561
9783842520622
9780241313992
9782747076760
9780062388322
9781250160683
9781981635801
9783548290034
9781520389318
9783841331151
9781979875851
9783862788019
9783850028295
9783765515880
9780062090195
9783522303491
9780749013776
9781781853665
9781840226980
9780670922345
9783473404131
9783862788477
9783275019021
9781444902334
9780593069837
9788850246977
9781549738562
9781521079058
9780008218317
9780349006208
9783831032051
9780356505367
9781440348334
9780486817941
9783649623793
9781847494740
9783868276831
9781973183419
9781939311221
9780141376561
9783945907108
9783744894067
9781544115054
9781549678509
9781408878248
9780995721838
9783740801694
9781438009995
9780349005485
9791188195107
9783193095985
9781974685738
9781302903145
9780141385662
9781481498326
9783522505611
9781473646650
9782330078546
9780062285225
9780751552751
9781250027740
9783401504186
9783864071348
9781494751036
9783954001385
9783882210743
9780571236855
9783899038538
9780718177973
9783123004483
9786050946581
9781405271363
9780399558276
9783864891830
9782818042960
9783735915719
9783817418374
9781784943929
9783780662866
9783837140033
9788326730801
9781626923867
9781338034523
9783834225108
9781976373565
9788468792866
9783850847339
9781545061602
9788381171502
9780316553148
9781549783128
9781503943490
9780062694034
9781509865796
9781521324813
9781420144284
9781977731401
9783868719192
9780615828121
9783830342762
9783862787296
9783837120684
9781444007978
9783981576740
9781575629612
9783874635233
9781905583638
9781612613338
9781419724527
9783842923133
9780749579128
9788328706736
9781631214578
9781976417894
9783522184489
9781509836604
9783854853190
9781494328061
9782709643955
9783942223225
9781781930052
9780099268765
9783833827631
9783442173631
9783625129097
9781490960029
9783865415356
9783785576106
9783417286113
9781405285018
9783943390186
9782067218000
9783939256472
9781484774199
9783837310207
9788324037476
9783770492343
9782205076172
9783764151034
9780099592082
9781973513599
9781783298600
9781979997034
9781548318871
9783839221518
9781976310058
9783743162266
9783374050260
9780718080648
9782302063921
9781504046701
9783806234947
9783862272105
9781976443626
9788326730795
9781975834029
9783954625727
9783956392771
9780692944691
9781976333378
9781975779092
9781976574641
9783942929523
9783825370909
9783906829395
9781447236801
9780446583114
9783257241457
9783645651813
9780857860743
9781782430773
9780330461702
9780007492770
9783829724531
9782714450074
9780099585732
9780007486083
9781979815758
9783744849081
9781609453664
9786056722707
9783401240800
9780571301720
9780571330249
9781547227006
9781973762966
9781976089275
9781520596174
9781548889005
9783931195922
9781546714880
9781785657429
9781911586395
9788326730825
9783455001617
9780544582903
9780349134512
9781481478137
9783280035269
9781520576152
9781545318065
9781542452595
9781544617404
9783956393112
9781978232747
9788328326989
9781548892432
9781981287291
9781522041047
9781684050970
9781785653810
9781982085346
9781974258710
9781544219943
9781521033937
9780241278697
9780310760931
9782266272438
9783943390568
9783881171489
9789757161035
9783776628098
9786055563752
9788497595711
9783843413206
9781974088942
9781492657057
9783551163158
9783867742719
9782756041391
9780552569026
9782035866134
9783572081240
9781118412114
9780749575045
9783941363885
9781780892245
9780062233509
9780241963616
9781408831540
9783709306338
9781979008983
9783275020836
9781786072405
9788377760376
9780804849418
9781545041604
9783868276640
9781545335895
9781473654365
9783319149707
9783730602362
9783639789553
9781118619650
9780691625218
9783110437751
9781483344393
9783472085584
9783425146041
9788365479150
9789753482745
9783957342195
9781979787260
9783451360022
9783808528556
9786051864860
9781524741686
9781611803785
9783505140358
9781548593520
9781973146087
9781543284973
9783743177895
9780857638250
9781521117705
9781509855360
9783596316519
9783956864759
9780763694067
9783881909846
9781616147839
9783060332588
9783846043240
9783926341303
9781420129786
9782747039239
9781409380047
9780263904550
9782021003949
9783150188835
9781440561085
9783401067513
9780750969864
9788377760185
9781978481701
9783990357538
9783517096414
9780525510277
9783836546355
9781472126689
9783427006558
9780008196660
9788416657650
9783863981167
9781546422396
9781973809289
9781548999469
9781547197569
9783941683853
9783280056448
9780857636751
9783552063471
9788850247776
9781521124635
9781978362772
9786054810260
9781452168388
9781941920466
9780008276775
9781981555673
9781401273774
9783961410903
9780062684387
9781118515662
9781472112538
9783724518754
9783551766564
9781482558432
9783849005849
9781845879617
9788494704017
9788308063743
9781549773280
9783730703595
9781786578921
9788308063750
9781975601607
9780393354768
9783549074770
9781521296431
9781933477343
9782253068037
9783746249971
9781455566617
9781522024033
9781981816828
9780738219820
9780948092732
9781847808196
9788365796325
9781973533375
9781548987152
9781974367627
9781545371183
9781521505618
9783827194466
9781973182399
9781549887048
9780758277183
9780192734266
9781847629623
9783780049704
9780897936774
9783806227147
9783899691580
9781626925625
9781101988565
9781101973950
9783849026837
9781631063794
9783707913828
9781521959220
9781786574015
9781545102220
9781542803724
9781682308080
9783406548222
9783956544613
9783642545764
9783956544316
9781546624684
9781981603039
9783899202571
9780062277251
9783837122695
9781742200361
9781405256223
9783842711211
9780515153200
9780099585534
9783219115451
9781250053992
9783862014736
9781743311462
9783426508770
9780571304974
9783788626143
9780241278734
9781504046657
9780425279595
9780316438384
9780857638403
9781547149568
9781545434024
9781979824842
9780768444278
9783403102984
9781784881344
9781976403170
9783845821085
9781981162468
9780718186289
9781975851293
9781409162360
9783840070778
9788310125385
9783735916198
9783863890087
9788372721778
9781548202842
9781974263165
9781302903312
9780062107534
9783856363680
9780062213860
9783837121155
9780099520320
9783852861678
9781451671605
9781423167679
9780735678088
9783760798974
9786053329763
9783828308787
9783946012528
9781626924765
9783869138732
9783761632246
9781501178320
9781982097042
9783941888883
9782012037076
9781847156624
9781976457548
9783837138566
9783741502309
9791069900042
9781973783787
9781760632137
9781979582773
9781520393773
9781250134424
9782258133990
9781484746394
9783840017117
9781546646471
9783468234156
9781977641700
9781522053163
9783831031900
9781546836452
9781784753801
9781521774564
9783570308714
9782266233545
9781909397149
9783799504300
9780761375616
9780007933822
9780340997260
9781471129162
9783837096538
9783426519868
9781405934145
9781981429738
9781781397947
9788379945399
9781521533147
9781542500944
9780500293546
9780812996937
9782067229952
9780735220904
9783831033751
9781910139684
9781481482486
9780544938403
9781548617837
9780399176784
9788377761427
9783981952247
9781973762423
9781785861680
9781979811880
9783742400680
9783956392436
9781544111858
9781542046534
9781101990483
9781976309953
9781681193304
9781683222071
9781979730136
9781982023119
9781976275777
9781481465342
9783871410406
9781457309267
9783742400178
9782012800366
9788869655609
9783944708744
9781101998885
9783702474621
9781975946555
9783730814109
9781405285995
9781542541916
9783943086386
9781593277741
9781472229571
9781503943919
9788365847263
9783839221426
9783730604601
9788499518893
9781509873906
9781942503620
9781981311545
9781974416134
9781472234223
9781477848401
9783658052102
9781305271555
9781622034116
9783406672750
9783887212513
9781401251345
9783875150933
9781471112195
9780758238504
9780062019820
9783899655643
9780755398225
9783943304152
9780571338580
9783668370968
9788365341563
9781977768681
9781542539562
9781481472685
9781626924420
9781484799406
9781786570475
9783426281444
9780451479327
9783837137811
9780241289358
9781614291978
9789082133653
9781977584250
9781977584168
9781906442675
9782375540206
9780062367792
9788375547016
9781546798514
9781543285666
9781976337055
9781527001039
9781981581863
9783257510720
9781976312052
9781250117915
9781419724855
9781973226918
9780995536982
9780718186449
9781629101675
9783958231016
9780008148867
9783442482214
9783950416763
9781977650689
9781328767523
9781548322441
9781520828725
9780764219320
9781521252116
9781981262144
9780349143019
9781542330480
9783946312147
9781607457824
9788371679612
9783956302299
9781101966143
9781781256121
9781406373653
9781982032043
9783743176416
9781981181476
9781783439768
9781974363865
9781981362646
9783656718918
9782919186631
9780993175138
9781541232372
9781473210202
9781979099264
9781981916504
9789752892620
9781520619019
9780824956875
9781981560219
9781785861130
9782824205922
9782743628185
9782710125891
9782290021330
9782280307864
9782280306539
9780857831699
9781947997011
9781499806557
9781524103477
9780316217491
9781979339865
9780545535786
9780316310215
9782013941792
9781947243279
9783401603131
9780062568458
9783649612315
9780008220204
9788377589854
9781847496607
9782218980497
9782070659463
9790577082585
9788467593112
9781981849321
9788467594300
9783863970901
9780765382566
9783862646715
9781979019019
9780141378275
9780718097325
9781782953043
9783845505923
9781472351326
9782013983877
9788467593099
9781543240023
9783741273476
9781541306615
9780571332113
9782266265591
9781973125648
9780062234735
9783700765929
9783946165156
9783744894692
9781981218837
9783945757550
9781522034704
9781338058017
9781782503835
9783959122023
9783942509282
9783808590751
9781250003379
9780792312703
9783867301299
9780755391868
9781400322800
9781741799187
9780141042206
9783440135761
9780062409768
9781976405631
9781521404744
9781974379101
9781542826662
9782266265607
9781786960290
9781444919622
9783731824299
9781522085690
9781977659439
9781549847035
9781784872038
9783839815281
9781982047634
9781981860623
9783946100324
9788544801260
9780552163507
9780525427643
9782302055513
9789944889209
9781118873700
9781979812887
9782374080895
9781975959616
9781977515155
9781619639584
9783744897020
9783845501444
9783933291240
9783411725939
9781409566274
9783896034236
9783760798981
9781447233169
9780380808311
9783849006075
9783942081252
9781479435746
9781975732974
9781547211425
9781983449161
9781474937535
9781975816988
9780648154709
9781743793572
9791090757189
9782884527729
9783846401484
9781848992825
9781555977771
9781545080771
9781595148582
9781302902988
9780345547248
9781973587422
9783897545182
9781601259585
9781302902384
9781981538430
9780393243314
9781976437526
9781981656776
9788852228858
9781408873304
9781978029132
9783990620359
9788378795506
9783867664516
9783280034521
9780316240314
9781250033352
9780316413916
9780071830577
9783643504661
9781983462375
9780356500034
9783540669661
9780425251683
9783943004267
9781409114895
9781844089369
9781979956369
9781549745188
9781542465885
9782843047961
9783833198991
9781471407000
9782809913880
9781521583418
9781546864899
9781521372524
9783129494394
9781981953332
9781627796408
9783897107007
9781682450321
9781542541817
9781524710774
9781983461156
9783761564141
9780008212582
9781520473383
9781503943445
9781981231010
9783505133695
9783222134616
9788381230797
9780062563699
9781137530714
9781912102037
9788467593082
9782221215890
9781973181460
9781974241255
9783850264358
9781509852505
9783401509068
9781119076759
9783442176878
9780073403274
9783551251329
9783127330595
9781451194524
9780198758020
9783848724017
9783830478386
9783896250612
9783868838022
9780993161605
9781616463014
9783945572009
9780763660239
9780141348872
9783833198465
9781616952938
9781442478602
9780375869921
9783824917242
9783760791265
9781409128779
9781909178335
9781482646306
9780751550238
9781640010871
9783442480265
9783788620394
9788026859949
9783522505710
9781548550677
9783741522291
9783127330564
9783742303257
9783492310840
9783462050660
9783772477379
9783453471467
9783960960300
9781635336863
9781909881938
9783958435520
9783831764396
9783785588048
9783863743703
9783894254902
9783403235699
9783492281164
9783417264432
9783442485086
9783195395991
9783596036455
9783867311939
9783846401026
9783837139785
9783833737398
9783406707544
9783894114343
9783527713820
9783407761811
9783407761903
9781419719103
9781981647804
9781619024465
9783446241459
9780062068644
9781408327968
9780062075956
9780141332888
9783954511792
9783845802534
9780141196657
9783423142212
9783862788286
9781595146021
9780007925353
9781544809519
9788380155428
9781338163971
9783772527876
9783903034426
9781977895776
9780486809328
9781520739649
9783843413237
9783649623441
9783843607773
9781977848567
9780316340120
9783742402370
9788380151864
9781474918534
9780316470582
9783861935636
9781507204566
9781455568253
9780241277270
9789383145393
9781549883606
9780374282134
9781527212374
9780349406664
9781847496317
9780141977997
9789758525386
9781338118100
9780008132675
9781978383883
9783829767484
9781409153887
9781785901379
9781787130111
9781780979007
9781474603867
9781504046749
9781441323026
9783446244047
9783423253390
9783862788576
9780316176897
9780345540874
9781118488768
9783451063978
9780399166228
9780297869023
9780007491438
9783869521770
9783760799308
9783834480293
9782809712780
9781444914627
9781982017095
9781419723162
9780008212506
9781619709676
9783946726814
9783743163584
9781405287906
9781632364418
9781501125461
9782845927049
9781981628247
9781927715598
9781945644719
9781786518941
9781542959322
9781474935982
9781438076744
9781335216502
9781250117397
9783868144703
9781973954712
9781592702244
9788326824791
9783981654622
9781938849855
9780349142012
9783411811595
9783401064246
9782330026448
9783037630327
9782253173595
9781780876825
9781472111142
9780765342614
9780718156985
9780575107571
9780373002252
9780099537335
9788804632245
9788498728354
9783492269353
9782749917832
9781937707378
9781908122582
9781848452336
9781846972539
9781782111511
9781612184555
9781492188940
9781481954266
9786051731476
9783608501353
9781537587264
9791092613490
9783845815145
9781476744933
9781476718682
9781447242093
9781444756890
9781444723014
9781405265744
9780718193751
9780552164542
9780525952992
9780434022519
9780425252390
9780399161414
9780380798865
9780345542267
9780345528674
9780316218511
9780192735683
9780297856474
9780091944186
9780007491728
9780007448401
9780007327065
9783844514117
9783954411948
9783848721030
9783830412687
9789771452126
9789384227135
9788822608093
9788476359631
9788467753783
9788467753110
9788390138428
9788380622067
9788380571310
9788380571303
9788379154623
9788379154548
9788376725406
9780849396830
9788365743169
9788365499899
9788328042865
9788326825552
9788175994713
9786056260728
9782917504147
9782897582265
9782821207370
9782809821161
9782800170527
9782809460971
9782702912874
9782501119603
9782375040249
9782264068002
9782251447292
9782013960885
9782019639143
9781982021801
9781979281997
9781979278942
9781979246071
9781979000895
9781978499812
9781978493674
9781978410923
9781978410800
9781978410589
9781978410428
9781978410725
9781977895585
9781975983826
9781975694074
9781974413188
9781973732785
9781973336211
9781912513222
9781911481195
9781909991491
9781784288532
9781783122622
9781683314424
9781782494676
9781680105247
9781581696653
9781574072945
9781545436301
9781545426654
9781545426449
9781545356463
9781543216653
9781545338698
9781542799027
9781542366540
9781520722368
9781478970712
9781503724242
9781474926362
9781474739290
9781474851503
9781474739122
9781474739115
9781467516228
9781408859506
9781406373608
9781387287758
9781376189957
9781326924973
9780995958227
9780998970011
9780995958210
9780995958203
9780778781073
9780750982696
9780571333318
9780373522156
9780263930252
9780263930245
9780241298756
9780062410450
9782812430145
9783804730687
9780990733522
9780113314676
9780996568012
9780786684502
9782809912753
9781285869612
9781464735264
9783945133064
9783551250575
9783960800064
9783442221479
9783551795281
9783863741785
9783833859922
9783426520093
9783833904455
9783570311462
9783499217920
9783863135294
9781979644112
9781471164934
9783432101064
9783455002119
9783507111790
9783411734351
9781840227475
9783000518539
9783824805068
9783938396247
9783551653178
9783824803323
9783770194100
9783507326811
9783734854002
9783411747122
9783125984561
9783473406074
9783551717849
9783499290770
9783829729239
9783551717825
9783863744090
9782253071167
9783710900235
9783741603280
9783742301253
9783473326600
9781979644969
9783000556173
9783837138221
9780393609097
9783842030374
9783742304087
9781782325970
9783507431089
9783839893425
9783129231449
9783841905680
9783328101871
9788372723246
9783596298327
9781974133819
9783710328596
9783060674367
9781910218167
9783125488144
9783707420654
9783596521593
9781974551484
9781973571698
9783842036819
9783125355286
9783356012514
9783831033775
9783440152645
9783328101079
9783865916778
9783833854637
9783864454332
9781612437637
9783730604717
9783831730209
9783507431072
9783746633237
9783940258694
9783809438144
9782067224506
9783743179813
9783411725946
9783737341127
9783141240887
9783219117240
9783423095365
9783570311455
9780761189497
9781473621473
9783570174609
9783652006637
9783406706202
9782889217137
9781501179495
9783740602253
9783958456198
9783843451604
9783837140668
9781509830701
9783499270994
9780752266152
9783837137866
9783837125436
9783837138900
9783861160670
9783662539118
9781910218440
9781547179329
9783824812110
9783809437581
9783740601355
9781626924314
9783426789292
9783426789063
9781848726727
9783742402561
9783328100867
9783836959797
9781860969461
9783898837101
9781474921688
9783836959469
9783427367789
9783507018228
9783734323966
9783834435972
9780142420911
9783945678138
9783803236401
9783740735098
9783596032747
9783505141744
9783406710681
9783839815915
9783742402332
9780099510895
9783462048704
9781786715654
9783593506630
9783770183166
9781780781822
9783648109120
9783956496691
9783845106052
9781542423588
9783060415090
9783125487147
9782290076958
9783742301000
9783743162167
9783596297702
9780765392534
9783836710923
9781784704117
9780857365996
9781503954632
9783885063292
9783458362746
9783831765164
9783958831681
9780785835370
9783841064707
9782017035060
9781683786733
9781943684977
9781484747919
9783406706639
9783629113757
9783000371097
9783863558444
9783125360730
9783662538494
9783451072062
9783830334811
9781473661608
9781401274580
9783950387308
9780008236342
9781910218334
9783839221242
9783837140279
9781640320239
9783829730761
9781999751005
9783464247099
9783125294493
9783835330207
9783960540465
9783734100574
9783772477614
9783803236418
9781530172450
9781545565605
9783492500708
9781846741326
9783850847209
9781101939277
9781477822814
9783886277803
9781847493576
9783711720528
9780220215286
9781910218327
9783741501241
9783785755020
9783899335323
9783895653469
9781472570185
9783804728790
9783730701096
9783855160181
9780983364788
9781503943612
9783894254940
9783619142316
9781421580470
9780802127372
9783961570072
9781976727153
9783761563878
9783730605370
9783841323781
9780241980354
9783956392832
9780544736511
9783941409835
9781405932790
9781408868379
9781890774844
9781922181473
9783437416057
9783769261943
9780872432765
9788363678746
9783596036172
9780762462391
9783746034423
9783841905659
9783841064714
9783351036690
9783451713972
9789386538192
9783863556280
9781786850355
9781979716826
9781524767747
9783837517002
9780525429999
9781910218464
9780241975084
9781631409196
9783507018211
9783957611772
9783596298570
9780062347886
9783824808755
9780373801916
9783425161051
9783898839464
9783127357356
9783806234886
9783789397998
9783129273722
9780349003078
9781101987995
9783955502300
9783662538944
9781542356039
9783799514422
9780192749581
9782748523683
9781785041433
9783868430059
9783374049981
9781444782929
9788381060455
9783060836710
9780241294659
9783426675335
9783645605335
9780141374376
9780721713922
9781978044791
9783837140644
9783406710322
9783865069801
9780718186487
9780008172367
9781973400233
9781612185071
9781782326670
9783957611819
9783863557133
9781977939333
9781616957087
9788380082953
9783943292565
9783862656486
9783928777193
9783868036091
9780198369455
9780198369578
9780198369370
9780198369493
9798615739576
9798615916991
9780198369332
9780198369752
9781499807042
9781440348396
9783960890669
9783150194447
9781474604376
9780241283004
9783468489839
9783824812202
9783746633183
9783150194638
9783835330672
9781541697195
9782016265932
9781631408755
9783828939240
9781626925991
9783817417520
9788372296511
9781784293376
9781449489779
9783960960034
9780815730996
9781545252956
9781473655324
9780721713908
9783931103606
9783831032013
9782017020806
9781857338522
9781521274507
9780998480435
9783868430080
9783222135606
9783954629749
9783190010608
9781509809738
9783803132864
9781787130456
9783835416291
9781973320012
9782067218093
9783403199588
9781501161483
9781947855007
9783944911410
9781784755119
9788379150335
9781784162061
9783854395942
9783946726319
9783922201151
9783425163734
9781539879541
9781542379090
9783125151130
9781503943391
9781910218426
9781509832101
9781401273897
9783407472359
9781421594880
9783451713934
9782067216396
9781910258835
9781782948629
9783836959322
9781549897696
9781549815638
9780356507569
9788026862079
9781409598749
9783764531713
9783839815434
9781503943650
9782035933942
9783959815093
9781780723044
9783423145961
9781542046985
9781407178677
9781973182832
9780062843494
9783944911427
9783865692542
9781250105608
9783869742939
9781979646086
9781524767723
9781780289151
9783836959582
9783642396885
9783437416064
9780393254075
9781784398026
9781486300129
9783960519102
9781545433751
9781349671045
9783319239668
9783131103444
9781455770052
9781979646109
9781101994276
9781549573484
9783867236706
9783404609246
9781681775685
9780241970423
9783959814959
9783710900129
9783150111079
9782812503955
9783257021530
9786052394229
9783451349942
9783440149300
9783453419698
9783453419704
9783453419711
9789526533339
9782746972926
9780571290086
9783957342119
9781405285490
9781979667012
9788026860709
9783956392696
9780091959647
9783862776696
9781979799317
9783741522093
9783551789495
9781474916226
9790501991181
9781847496478
9782067218147
9783941409866
9783940175526
9781979833868
9781496500397
9781472201218
9783774113725
9781910218433
9780544932043
9781981156726
9781786068125
9783956392184
9783956391903
9781471166662
9781635560237
9781785781933
9783771647032
9783150204504
9781407180762
9783850847773
9782012046191
9781786491985
9781910218365
9781474933803
9783867516495
9783125486126
9781785298479
9781979646093
9783834637550
9781521517338
9781474606486
9782090317862
9781979444712
9783959581110
9781400067909
9781973790167
9782070603602
9783941409859
9781471165665
9783425136530
9781681775142
9783775157957
9781544814629
9781784756130
9781407178653
9783141003024
9781478971160
9781421596464
9780062353788
9780062389473
9780241314005
9781843488873
9781524767686
9780515155914
9781786632739
9781910561713
9781973230076
9783942094733
9783707421026
9783837138160
9781780679754
9781782113560
9783961400225
9783785587249
9783849029173
9780008226107
9783956497063
9781521007587
9783941409880
9781421589626
9781978430051
9788376724843
9783707421002
9781101938348
9783867407373
9783849675479
9788868363871
9781910218310
9783473490639
9781974282456
9781978033795
9782758540830
9782067219106
9781509844333
9781926935287
9783453318588
9783868816549
9783451377242
9781784290764
9783761631768
9783841905390
9783943451344
9783125180154
9783861910879
9781444929614
9780316470766
9783869092270
9783834017284
9783415061095
9788831548489
9783818600228
9782067217157
9781979645089
9788380151895
9780465097906
9781973228554
9783866360327
9782067218192
9781548837914
9781472937971
9781910218495
9783943390339
9783785725931
9782340006768
9780521858236
9781932735987
9780415836364
9780910355285
9781107085459
9781784531737
9788467041897
9781474747080
9783898836876
9783837518474
9781682613702
9783849680329
9780198369394
9781981314690
9780310337348
9783903113169
9781979644068
9781520346175
9783426216156
9781101939734
9781979645140
9783903175013
9781786716071
9781509860203
9781407182285
9783850841245
9782017020899
9783468522178
9780198369554
9781782948834
9788392298533
9781520306551
9783742700322
9783775157643
9781443453813
9780241283707
9783868430370
9783863371135
9781520448268
9780241318157
9783789133404
9783868512397
9781421591568
9783830376583
9780198369318
9788026861119
9780198369790
9781524715762
9781544132815
9783426515907
9781781724200
9781501116421
9783943814453
9780544944435
9783838418810
9780198369530
9781101997154
9782090317589
9780198369677
9781471159558
9780860376422
9783946571827
9781978047242
9782090317602
9781977659477
9780062380951
9780062362179
9783473436729
9783742303868
9781684221745
9781101939062
9783791500393
9788449328893
9783574247408
9783540591474
9783846032749
9783531145020
9782844130495
9782752909640
9782747045469
9782745961839
9782359001815
9782290074831
9782280280532
9782266240697
9782266238199
9782266218573
9782246801085
9781521808894
9783959671552
9783785753729
9780091956950
9780008251451
9780399555534
9783743190368
9781101939949
9781548505684
9781520936246
9780807033340
9780323299565
9780691166278
9782215116271
9782203063815
9782081297845
9782081285163
9782070453214
9782013940795
9782013201056
9781908759993
9781906817909
9781849163071
9781849569897
9781848956704
9781848873469
9781848775510
9781848452626
9781848093140
9791095976042
9783839221006
9780425256428
9783864974328
9781101984093
9781405287760
9791091978668
9781847445087
9781846556937
9781846274992
9781846141393
9781846059971
9781845026394
9781844862153
9781844089314
9781843229025
9781782640042
9781782270102
9781782112501
9781782063216
9781781977477
9781781854105
9781780891378
9780399583933
9781545387061
9781780554334
9781441324313
9781683831686
9781780891248
9781780871189
9781624162657
9781780878546
9781622660148
9781619693364
9781611130126
9781593081928
9781591845607
9781591845287
9781492878896
9781492790600
9781492262213
9781484105399
9781483931234
9781482673210
9783730703205
9781979165341
9783404175475
9780721713816
9781847492968
9780008173883
9780224100748
9783831033478
9781465462664
9781620103814
9781101938362
9780857638731
9781989387979
9783963220937
9783848011582
9783961112128
9781910218457
9781847157850
9781848497146
9780515159554
9781305101913
9783742700636
9783896562555
9783946896074
9783570403563
9780399555206
9783737333481
9783401240794
9781549732119
9781473217973
9781521996980
9781784872656
9781545541951
9781521761007
9783401707730
9783833859854
9782240043740
9783219117356
9781482580761
9781482536430
9781476729718
9781481933407
9781472322357
9781472219411
9781472209696
9781472201164
9781472105431
9781472105387
9781471357794
9781471333972
9781471329494
9781471325809
9781471304033
9781471318146
9783943390537
9783746632384
9781782325659
9781542045964
9783492311168
9781471301155
9781471133718
9781471117657
9781471127014
9781471117534
9781471116360
9781458765970
9781455527564
9781451695915
9781451649772
9781447257011
9781447252641
9781447250814
9781447225300
9781447223672
9781447221739
9783129258651
9783000377464
9783036959566
9783431039955
9781441324092
9783772483172
9783499217852
9783831032600
9783848517879
9783737340557
9783551066350
9783404174898
9783789107719
9783625180241
9783404609222
9783125360716
9781471166204
9780545935203
9783833235177
9781979487450
9781911163404
9783550081897
9783770729098
9783440149409
9783866863934
9783941679986
9783740802455
9783428147465
9783980952118
9781976414657
9783707900064
9781943735204
9781474917940
9783772442674
9780310757504
9781776091553
9783744802635
9783864607622
9781981246120
9783785756027
9780241282779
9781612185354
9783446445437
9783864451850
9783431039986
9781534300491
9780062311573
9781455598663
9783770494644
9781521228418
9783743148864
9783946896067
9783903113367
9781521980910
9783961113682
9783956393082
9781907025556
9783619442836
9781474924948
9781506702650
9780192744272
9781471168536
9781501134135
9789023470007
9783772442629
9783956392856
9781626343214
9783406714702
9783745036961
9780147510181
9783745062397
9781542046565
9783570311837
9780008250461
9782758540861
9780571324774
9783744835435
9783429043957
9789044634747
9781250171474
9780571314706
9781447221661
9781447210351
9781445846743
9781445828305
9781445121918
9781444814446
9781444789508
9781444776461
9781444760170
9781444759587
9781444758566
9781444755244
9781444754537
9781444743494
9781444742640
9781444732153
9781549517051
9780995480117
9783960470267
9783897962712
9783899657647
9781785355738
9781405288385
9781546631347
9781782946496
9781548722975
9781401268008
9783000582509
9783865740342
9781975850807
9781520319001
9780425290330
9780062333476
9781542048316
9781783708109
9780141376721
9781847808073
9781520954738
9781785301483
9781973875031
9781548771638
9781546882435
9783688101344
9781786574077
9789892080734
9781375693974
9781640320796
9781770686441
9783828955776
9781911238386
9781509809905
9781408862995
9781909208407
9781419721281
9788380978591
9781635761597
9781447290391
9781520954707
9791094876077
9781520954776
9781741175295
9783957162526
9782817704999
9783849029326
9780857638724
9781545567630
9783830936664
9781521104606
9781419725883
9781973348948
9780717179534
9783864451188
9783864457012
9783864451539
9783864455735
9783864452383
9780434023288
9788378780281
9788365458902
9783960000563
9783744801911
9782815915120
9782410009354
9782368121191
9781981396900
9781979087360
9781979613187
9781977852090
9781977823854
9781977507709
9781443410489
9781442467736
9781439172537
9781435136687
9781426313448
9781420117097
9781410456939
9781409150336
9781409146001
9781409144571
9781409124368
9781409122425
9781408837450
9781408824405
9781408330227
9781407243405
9781973880295
9781784873059
9781549984112
9781548621193
9781548450786
9781547282227
9781546306443
9781546355632
9781545595664
9781545581513
9781545303047
9781544821320
9781544767703
9781543294385
9781543239171
9781543216936
9781543020922
9781542593519
9781542583855
9781542532464
9781521980842
9781521457467
9781520611327
9781509829200
9780998134222
9781472242426
9780241277485
9780763694463
9783946027133
9783731827740
9783731010876
9781547108725
9781548228545
9781546840848
9783745045260
9783731010937
9783906872087
9783731010951
9783374044153
9781544268576
9781521746509
9781520306261
9780192749567
9783799511919
9783863143251
9781405916585
9781405267250
9781250042347
9781250025388
9781250018373
9781107020474
9780957131262
9780857663283
9780857560766
9780857520111
9780857387783
9780857383211
9780857207432
9780857051202
9783744899673
9783506771759
9781974180042
9781782946892
9781549734113
9781548869786
9781548741501
9781546819806
9781546906643
9781546585503
9781474892551
9781484798447
9791021029538
9791029605987
9798614044824
9780807545508
9780803739697
9780786032617
9780786031146
9780778314394
9780770432270
9780758266354
9780755396818
9780755392674
9780755388271
9780753191002
9780752890135
9780751551457
9780751551372
9780751550825
9780751550689
9791034801350
9782919402267
9782708409460
9783319202549
9780751550610
9780751549706
9780751549447
9780751547023
9780749959494
9780749959173
9780749956370
9780747581697
9780727899842
9780727882875
9780723273264
9780718199814
9780701188252
9780670785858
9780670026517
9780670015436
9780615933597
9780600625285
9780593069707
9780593067567
9780575132085
9780575129450
9780575105362
9780571297894
9780545535830
9780545515726
9780446571777
9780425269862
9780425250754
9780399164149
9780399164736
9783727408915
9780199382286
9783132400429
9789812876294
9780124115965
9783319183947
9783423715386
9780415842938
9791093106427
9780552167932
9791090685697
9781970001129
9783830467076
9783442479788
9783833834530
9783791512433
9783866479487
9783596854851
9783596194551
9783785571842
9791023508451
9791095618010
9780141346816
9783060334421
9783890297736
9783462045895
9783060243587
9781908695222
9783120113430
9783863123741
9783442313471
9783426508084
9783833227004
9783127337662
9783839214671
9783150187890
9783811233218
9789973580856
9789758725908
9789750804045
9789044748383
9788899823061
9788899135713
9788899076214
9788899006105
9788898301805
9788894897067
9788894897005
9788894822229
9788885582132
9788885582040
9791096537037
9788869861291
9788865915530
9788867125869
9788377917138
9788861129443
9788376217871
9788376217321
9788376216836
9788375467710
9788365875211
9788365875198
9788365875181
9788365624635
9788365624581
9788327246622
9788320556698
9788320556674
9788320556391
9788087426128
9788075450180
9788073535858
9786054380282
9786023947492
9786054380237
9786023947416
9786023758487
9783958763685
9783940207869
9783938969557
9783937434759
9783861966777
9783746016030
9783746000336
9783744871020
9783744842099
9783741884504
9783700320531
9783038690290
9783038311430
9782897142551
9782878682199
9782878682120
9782875462640
9782852447851
9782815922753
9782812920493
9782812503726
9782811220334
9782810007516
9782759820962
9782758007944
9782749930909
9782751409042
9782749537245
9782749153643
9782747073059
9782747071475
9782745990938
9782743641306
9782742446490
9782742446568
9782742436125
9782737375064
9783499627958
9783804419971
9782737375002
9781451621389
9780141349176
9783411871513
9780751550221
9783453357655
9783842009059
9780300194159
9783492304108
9782889210312
9782737374517
9782737373596
9782390260233
9782374472492
9782374471792
9782371270954
9782371090521
9782368340912
9782368121245
9782367405391
9782366721362
9782366721317
9782366721126
9782360754779
9782360570829
9782359851847
9782359851830
9782359851816
9782352893394
9782344021675
9782344019047
9782340020078
9782317017872
9782263152764
9782246812586
9782098827561
9782092574522
9782017022015
9782070603978
9782017019909
9783865743695
9782012799653
9781981974191
9781983032967
9781981838097
9781981766888
9781981563296
9781979903660
9781979896832
9781979790413
9781979090872
9781979022446
9781977973467
9781977747501
9781977743404
9781977722980
9781977500441
9781977682697
9781976748561
9781976535956
9781976571626
9781976505195
9781976503764
9781976467103
9781976405662
9781976382017
9781976277108
9781976245077
9781976189609
9781975992163
9781975992583
9781975952754
9780702052163
9781975950606
9781975950118
9781975900434
9781975900069
9781975899356
9781975851637
9781975850005
9781975727352
9781975726928
9781975726690
9781975707453
9781975676179
9781975648350
9781975634230
9781975612900
9781974682416
9781974654062
9781974682188
9781974653584
9781974650590
9781974651849
9781974595662
9781974595303
9781974593934
9781974593163
9781974592630
9781974536696
9781974588848
9781974485024
9781974484539
9781974484317
9781974483105
9783804431225
9783499259951
9783442744602
9783954510986
9783898798259
9783141150063
9783596856183
9783954511105
9783507047471
9783864930157
9783789123375
9783770481231
9783833834332
9783548611723
9780552566070
9783881323840
9781974446667
9781974340422
9781974339983
9781974326303
9781974317455
9781974293315
9781974293865
9781974316915
9781974292806
9781974288922
9781974281503
9781974181438
9781974234103
9781974181070
9781974145447
9781974064410
9781974013388
9781974012480
9781973949527
9781973948735
9781973927129
9781973914211
9781973889632
9781973888567
9781973888253
9781973885047
9781973884323
9781973884293
9781973884200
9781973884088
9781973878445
9781973877837
9781973877608
9781973877578
9781973877554
9781973877547
9781973871842
9781973866244
9781973863694
9781973863823
9781973863663
9781973863359
9781973862857
9781973859901
9781973850571
9781973840350
9783709118450
9789400776951
9783406664175
9781501395352
9783525101377
9783437584855
9783462047264
9783942882767
9780007562343
9783319176222
9780198757313
9781587144615
9781973840251
9781973788454
9781973798415
9781973751137
9781973751045
9781973739401
9781973592419
9781973389743
9781973265887
9781973174202
9781912213009
9781909991545
9781847307644
9781843653271
9781784981501
9781784286712
9781784285852
9781783708901
9781782571056
9781780274782
9781770687219
9781770686809
9781770686793
9781770686571
9781770686557
9781770686533
9781770686397
9781770686496
9781770686328
9783866681781
9788360215999
9780141340050
9783548745954
9783866686021
9783864700941
9783829724418
9780141198750
9783954511723
9783451062223
9781847084231
9780062227201
9783873879515
9783898798228
9783868260434
9781732881808
9781726303453
9781718049604
9781628323559
9781684012640
9781620404997
9781554861842
9781591936954
9781549950469
9781553417507
9781549950193
9781549939044
9781549898983
9781549761225
9781549507236
9781549502620
9781548963859
9781548963651
9781548932213
9781548931919
9781548899370
9781548898939
9781548898649
9781548898281
9781548897949
9781548870768
9781548870300
9781548851606
9781548816315
9781548836665
9781548836474
9781548804497
9781548803414
9781548801670
9781548742171
9781548741822
9781548720643
9781548717674
9781548691325
9781548690502
9781548690168
9781548552152
9781548516901
9781548516147
9781548484873
9781548487836
9781548483807
9781548483487
9781548482497
9781548482091
9781548435035
9781548434540
9781548434403
9781548434199
9781548421847
9781548412302
9781548374129
9781548351670
9781548329952
9781548329662
9781548329341
9781548329006
9781548311940
9781548311797
9781548311643
9781548246150
9781548184643
9781548184865
9781548184261
9781548168100
9781548166571
9781548166199
9781548127879
9781548105716
9781548101787
9781548102524
9781548101428
9781548033583
9781548026929
9781548026639
9781548026400
9781548006648
9781547285822
9781547262113
9781547223886
9781547151806
9781547151387
9781547137084
9781547136339
9781547135929
9781547134120
9781547111138
9781547110339
9781547108787
9781547107810
9781547107711
9781547073573
9781547107575
9781547073214
9781547056910
9781547056378
9781547055791
9781547016129
9781547016075
9781547015467
9781547014781
9781547013814
9781547013388
9781546978268
9781546978176
9781546974116
9781546971221
9781546970705
9781546934332
9781546933533
9781546932963
9781546931126
9781546929314
9781546909064
9781546908852
9781546905158
9781546881759
9781546821830
9781546818076
9781546817161
9781546816478
9781546797999
9781409582649
9781546633938
9781546755487
9781546633884
9781546630845
9781546607472
9780857072931
9780007507092
9783772463242
9781546585954
9783570157114
9780007413591
9783150190746
9783839214329
9781447223474
9783897777507
9783548611297
9781848315921
9783842005310
9781546585077
9781546584759
9781546584469
9781546583769
9781546567356
9781546561576
9781546560784
9781546560326
9781546545644
9781546545484
9781546545347
9781546545279
9781546543015
9781546542728
9781546542407
9781546522720
9781546436164
9781546435914
9781546435624
9781546435334
9781546435143
9781546434696
9781546434870
9781546434504
9781546434009
9781546358510
9781546357391
9781546339571
9781545488355
9781545304839
9781545287996
9781545195017
9781545124895
9781545115312
9781545115077
9781545082966
9781544981420
9781544938387
9781544938257
9781544937984
9781544937724
9781544934792
9781544924878
9781544873015
9781544858883
9781544822174
9781544716589
9781544673479
9781544651255
9781544640600
9781544622538
9781544280578
9781544268545
9783528125806
9781544268538
9781544268521
9781544238258
9781543294033
9781544185859
9781543243802
9781543242324
9781543185263
9781543108583
9781542958844
9781542941938
9781542919364
9781542709408
9781542598033
9781542584432
9781542582414
9781542499286
9781540729996
9781537790282
9781537591865
9781534501089
9781533543677
9781521894668
9781521887585
9781521860069
9781521799185
9781521736302
9781521584569
9781521584545
9781521584514
9781521584477
9781521584460
9781521407516
9781521359129
9781521272909
9781521232026
9781521047064
9781521033227
9781521023174
9781520954820
9781520954806
9781520954752
9781520954745
9781520954646
9781520954639
9781520954592
9781520954561
9781520954530
9781520954493
9781520954516
9781520954479
9781520950839
9781520926292
9781520919386
9781520692937
9781520773872
9781520632575
9781520619620
9781520611044
9781520609744
9781520606149
9781520579450
9781520545271
9781520446592
9781520402635
9781492654940
9781487413040
9781487412944
9781487412906
9781483470382
9781474732796
9781454923633
9781452142661
9781438009797
9783517089041
9783426510636
9782330022600
9783941456938
9781591164418
9783123107313
9783551312778
9781409177722
9781408895962
9780747812395
9781408880791
9781849907613
9780718177362
9782889213085
9780575096325
9781408870167
9781387226498
9780062223470
9783596191000
9781329805453
9781365913938
9781326887629
9780999008010
9781250058430
9780998983011
9780998476100
9780998193342
9780995516267
9780995457911
9780995453777
9780984874194
9780979896620
9780974125312
9780918505545
9780857639271
9780745977157
9780716698722
9780716698661
9780716697954
9780716696353
9780716696148
9780716694236
9780571331642
9780544715332
9780309456876
9780241975497
9780062488534
9780062496904
9780008179434
9783414824875
9781408178898
9780330339957
9783492055802
9783499266645
9783866479494
9781409551539
9783746629681
9783789123429
9780571298501
9783898453981
9780330511032
9781444761948
9783125739178
9783833858246
9783741603273
9781782325703
9783843451581
9783813506754
9780062682826
9783446254435
9783464311462
9783946739784
9783775154215
9783834225320
9781781126950
9781542752190
9783861936138
9780062431899
9786052063217
9780451533814
9783961730278
9783959910866
9780753473702
9780143129592
9780241277447
9784056300208
9783455001990
9780062672339
9781626925427
9780316431989
9783849502386
9781421506180
9780670919918
9780552158626
9783894798086
9780091943134
9781484998045
9783831024261
9783453534360
9783943795752
9783257242751
9781548200596
9783744802994
9783945267042
9780922273225
9780241297261
9783864582844
9780062326126
9781426326776
9781472820488
9780999068106
9781473636200
9780198749981
9781481465663
9781784872397
9781521007365
9780997146264
9783257214574
9783401709451
9781974215027
9781508232209
9781974211715
9783945983294
9780718186272
9781401268688
9781449482947
9781975929329
9781847157904
9782012040847
9781509820467
9781978441743
9781510715752
9781978434929
9781250102591
9781579657659
9781785585029
9781501182006
9783791382777
9781979584715
9783956912412
9781849539692
9783940308931
9780141985879
9783798609372
9780316473903
9783507484344
9781444777512
9780425251898
9781408830369
9783065201513
9781580054843
9783835541412
9783867404600
9783548285221
9783892013600
9781683830382
9780062470782
9781542327510
9780714543833
9780824916572
9781785780738
9781542327626
9781250103802
9781945863011
9780425288924
9781534404533
9780993595202
9781786574312
9780062573056
9783906050263
9781626923683
9781501167652
9783862294824
9781472139177
9781626925397
9782330075835
9781524701758
9782344016190
9781409165507
9781546323792
9786055523015
9781474608053
9781433554728
9781545300770
9783745044935
9781101990803
9781973844631
9781545314357
9780425277270
9781976409424
9781496711816
9780571307708
9780399552533
9780241303788
9780241279854
9788778840479
9783499258527
9783789145087
9783802588587
9783518464861
9783596166480
9783577200462
9783518423974
9783817478408
9789171497550
9780007444113
9782075090667
9781981749065
9781981672059
9781981042487
9781979957762
9781978158740
9781977620361
9781975859169
9781974123117
9781973957348
9781973885887
9781973855897
9781973853954
9781973844570
9781973843931
9781973792185
9781973219378
9781847496379
9781783707126
9781631581274
9781549608148
9781548894207
9781547133611
9781546812180
9781545361511
9781544078472
9781543158083
9781542654371
9781542635332
9781542580861
9781522028901
9781520623801
9781520411538
9781501155178
9781496711755
9781473640337
9781443449595
9781250130358
9781101966839
9780812996470
9780764143472
9780762748457
9780739073568
9780732288594
9780714856513
9780557449453
9780500287095
9780440422396
9780385344210
9780340979853
9780321643889
9780312374983
9780307750877
9780307750853
9780141399799
9780099522874
9780062017994
9780007362851
9780007321940
9780007324613
9783833193729
9783865497475
9783942422178
9780194247641
9781605293028
9783000306020
9783939685173
9783190054466
9783190929801
9781849280693
9781440506475
9783874493710
9783866902022
9783852185682
9783797311740
9783761557624
9782758519836
9780801072192
9783939542537
9783928412100
9783640715374
9783852722443
9783406579172
9783141711172
9782352501336
9781906959197
9781604860894
9781554077106
9780719074493
9780385343725
9780312611446
9780307455413
9780142415900
9780061558429
9790232002064
9783440124994
9782757806524
9782710330974
9782290009895
9782021002218
9781856268745
9783936896480
9783466308477
9783190095926
9783190744770
9783466308705
9780865477513
9783834606884
9783935937733
9783907029800
9782752905109
9788476358023
9783834606990
9780141035888
9783422067127
9781841591681
9783890605647
9781578989843
9788862181426
9783940381040
9783897679153
9783141244441
9788804602170
9783897678941
9781594484353
9783932235290
9780141047812
9783125369009
9783899932669
9780571244621
9783869291628
9783869360508
9780099534372
9783898453004
9783150186398
9781846572562
9780811218511
9783942366038
9783869730219
9781421536279
9783038005278
9783981317633
9788499085500
9783356014143
9783593391694
9783933497680
9781408141014
9780141331522
9783769007558
9780141193076
9781935493105
9783868007459
9783127568202
9783939833314
9783060647491
9783899012927
9781612154985
9783190054640
9783507107786
9783525776452
9783937355702
9783640722464
9783942334006
9781570758881
9781847611444
9783869840413
9783125369023
9783833817182
9781439134016
9783868691498
9783275017355
9783440121641
9783637004979
9781586174330
9781846039973
9780956528315
9783442171606
9781986876704
9781846039263
9783883961460
9783723514085
9783801721855
9781401224202
9780755339082
9780425237748
9783899221336
9783468349300
9781849385084
9783898127264
9783893976751
9783895162886
9783833722875
9781444103090
9783832793807
9783645650588
9783795420291
9788499088648
9783360019943
9783411737529
9783769007565
9781607962380
9783358021408
9783195995948
9783882645156
9783930378791
9780804769143
9783990031742
9781849386715
9780307587428
9783527706457
9783768832236
9783645600613
9781906435578
9783834420695
9781565892491
9781421530840
9783839190999
9788435018654
9783937355696
9783839175101
9782246762218
9783837614077
9783834007681
9783709103456
9782872991969
9788499081663
9783795759971
9783170213340
9783640680689
9780273725596
9789587370522
9781421528793
9781421528786
9783850688086
9783517086583
9783404616305
9783143619018
9783440122068
9781402760006
9780739062753
9781456321208
9781600595899
9780520260719
9780982307502
9783862050093
9783403045427
9781421528519
9783125178755
9783320022365
9783899553154
9783853713181
9781421521886
9783868691290
9783442391851
9780571534418
9783407364739
9783442338597
9781453753088
9783897747258
9783150202029
9783507044371
9783836087179
9781578988822
9788842093367
9783440114469
9783772456350
9783941555600
9783800542987
9783451709685
9783492052962
9780340994764
9788484437031
9783821860961
9781421524078
9783833132704
9783899553130
9783867370462
9783867770859
9783922477822
9781936070695
9783936778007
9783895390449
9780573640469
9783833160332
9783406609381
9783896502902
9782812134791
9781602707030
9780719521539
9781554074907
9783804415720
9783939399414
9780752227375
9782070632824
9783170215009
9783100922205
9781439177785
9780194247184
9782756023441
9783631594544
9783865062925
9781409515449
9783826658891
9783884233689
9782227482289
9783862010219
9780194248204
9781450553322
9788484452911
9783940737632
9783831017027
9782203034877
9782729863272
9783941323025
9783518461280
9783869180205
9783518422106
9780451229724
9781846344978
9783708903460
9790006539680
9780500288368
9781889140438
9782081223509
9781409525271
9782070362738
9780751545623
9781847171931
9783491401624
9781609421625
9781906502621
9780711231382
9781405336840
9783902647320
9783865607362
9782874242120
9788363860110
9783761818411
9788467034554
9780755331130
9780193369320
9781423433088
9780374251468
9783518224397
9783827329646
9780984551316
9782266188234
9782290009840
9780062501974
9783800637225
9783865301444
9780760337950
9780573613050
9783468281259
9783737330961
9782917855195
9783293100176
9783981088502
9789380028262
9788853009098
9783170207288
9780007154104
9783871346798
9783865433824
9783833932045
9781408803899
9781425189273
9781906502584
9783440123829
9781590173442
9781602201101
9783869291437
9781932676044
9783932235597
9780735823051
9780299236748
9782723470827
9782953072341
9783940964106
9783640735525
9783938575192
9788467034615
9783866835818
9789090230252
9788499085531
9783446235571
9783834420428
9783873369269
9780061967764
9780521123006
9788483832356
9783852186450
9781846271663
9788888493602
9781592858248
9783940812421
9781453832387
9781423491729
9783833158766
9781423495284
9783779919544
9783905871135
9783865219770
9781936659074
9780714856230
9783640705795
9788497776103
9783423248242
9781849027410
9781444100129
9783896103260
9783856163518
9783894057725
9782205059052
9781418533335
9783899191417
9781421528267
9788497938259
9781554534883
9783866806771
9783865218612
9783854852629
9780230717244
9788435018814
9783460320895
9783772520877
9781845135850
9781848841741
9783869290621
9780143116486
9783764530525
9781890159788
9781400202072
9788499088884
9783940964113
9780486473307
9788374958288
9780193366961
9783942166034
9781897178874
9789731725673
9781607962335
9780142415443
9788361182559
9783858694164
9783868691641
9783885063391
9780573690860
9782714310279
9780340977033
9783895682018
9783869290546
9783850002851
9781847090836
9783815751749
9783451301605
9783866162358
9783451710131
9788467495508
9780881929492
9788854015364
9788499280165
9780822223993
9783942157438
9783941787117
9783768832342
9783936738667
9783940209689
9783868056693
9783837103960
9780954788766
9780143068570
9781591431169
9781592405503
9783505126192
9783886809677
9783869300450
9783642143526
9783525320112
9788467034578
9788497931427
9788497131261
9780571535699
9783869841618
9783170210066
9783827008978
9783701176977
9783640622856
9783832794200
9788498678727
9788827220603
9782764317143
9781616081218
9788499085524
9783803007322
9783940731524
9780984187720
9780751544954
9783170208322
9783940213525
9788087256404
9783708403854
9780194793537
9780752455969
9783446236776
9780199566082
9782012302105
9781854115119
9783795602147
9781596434028
9780762760534
9788434310421
9780573610707
9783640667000
9780143203940
9783869360737
9781848375253
9781608320608
9780867169829
9788461400560
9780132479042
9783525451243
9782889080458
9781589880535
9780571534814
9783941404045
9788497596763
9788492452415
9783990010112
9780141029719
9781845505097
9780785310518
9783942396080
9781842320860
9783486591583
9781846942891
9780307268938
9783808574522
9783868732825
9781846039171
9788408095811
9780825882128
9788497776370
9783980740142
9788483835920
9783064200005
9783937135045
9783836696715
9780670012541
9780979579493
9788415140269
9783789162961
9783775725743
9780316040105
9780984251537
9783940253194
9783466507214
9783422070226
9783832193461
9782718608334
9782278064137
9781934031315
9783869160566
9783871346811
9780425235409
9788807721779
9783869520414
9783866158108
9783551520036
9781607050056
9788477115786
9788492412648
9781439172933
9780691144696
9780262013826
9780811869980
9783497021536
9781936659067
9780307592668
9783899058260
9790707006474
9788435018500
9789754733495
9788427130876
9780741422965
9788483466308
9783839156117
9790006539062
9781906838133
9783869290669
9781604860580
9780823229987
9783701720682
9783884233542
9780470554722
9781602592117
9780099514626
9783902432056
9781847740120
9780739067338
9780982473986
9783727452987
9788807822179
9781441856821
9781905744671
9782211200264
9789049103439
9783869291857
9783938430347
9788483462805
9783446235809
9780823423040
9781450598170
9783868691634
9783804418059
9790001168175
9783060320134
9788850701148
9780955024818
9781439181591
9788496778603
9781601781000
9781726024174
9783442752386
9783800637416
9780956656902
9783836692519
9783835305373
9788499280288
9783491913158
9781408807491
9783808006627
9781569757789
9783865219954
9783941830059
9781906659707
9783828914896
9783867441438
9781405184519
9783456848518
9781416984504
9783823365600
9781408805992
9781906768416
9782130569534
9781936659012
9781590173398
9781592642786
9781905775873
9788499080970
9788499085685
9783905945041
9781439600658
9781444336429
9783170215955
9788415140061
9782915842579
9780310293392
9780194768917
9782749211831
9780615361819
9782226207531
9783939988052
9781602399921
9788804599036
9783938469347
9781456401375
9788497403511
9783934473775
9788467703979
9781849750417
9783837208207
9781421532059
9783868620153
9789380028286
9781556593222
9783937367231
9781559393430
9780801072581
9781934159248
9788484452874
9783823366102
9783423123952
9780596804176
9783193019110
9782351426395
9783862060115
9783064551770
9783866322646
9783465040927
9780521168601
9783642105401
9783980630177
9780310326199
9781401228187
9783507223226
9781421532387
9781602858275
9783795767334
9783401264493
9781407111858
9783532624173
9781883376031
9783406603563
9783170212961
9789380028224
9780312607913
9780571269228
9780738721804
9781935550020
9780764143168
9781445251738
9783765449383
9780986600401
9781416599036
9783942094078
9783770192236
9783407794161
9783874078689
9788875485337
9781450570800
9783815724132
9788391746967
9780470601570
9783060009190
9783122708016
9783497021659
9780992853402
9782080712561
9789546512055
9783867380508
9781577318972
9781934137291
9781439183366
9780230552678
9780956401076
9788321346632
9783869290485
9783283011468
9781576584927
9780718155186
9783570139899
9783643108265
9782742794997
9783527324842
9783839154267
9783060817825
9783894057381
9783939611615
9781441118332
9788886968652
9783941750234
9781606232835
9785170671755
9780521565882
9783831719709
9780804770743
9783834922076
9788860405098
9780739073827
9780194247306
9780981961521
9780141192208
9781844676392
9783775144957
9783507046412
9783356013528
9780143116455
9783834921444
9783867520850
9783867176682
9781593155827
9781439169476
9781416596097
9781402237928
9781401218607
9780749954437
9780575085466
9781743104040
9780451227737
9788879268455
9788876419324
9788861762138
9788854118218
9788850222605
9788827221181
9788820343286
9782759504145
9788820343033
9788817166676
9788817039062
9788809041103
9788809745612
9788807822230
9788806201753
9788804599142
9788498724141
9788420664231
9783940249432
9783936084740
9783898431736
9783897678972
9783839155851
9782330000158
9782290030783
9783832293406
9783746625775
9783214005023
9782915243246
9782846665353
9782811202620
9782742792368
9782352944409
9782298032918
9782266206655
9782251800127
9782234064829
9781936594191
9781935807018
9783492267007
9783827055385
9781935785927
9781935785866
9781935785385
9781935785316
9783789395840
9781935611349
9781935597124
9781935562030
9781926801063
9781907727023
9781897093535
9781849387712
9781848871755
9781846863769
9781846433870
9781846433849
9781844676118
9781616647858
9781617200540
9781615890026
9781611291087
9781609420659
9781609420307
9781609420086
9781606840603
9781607962441
9781604599930
9781604443110
9781603863964
9781603863247
9781597495530
9781595474308
9781578988877
9781557420497
9781554076147
9781453887851
9781453876923
9781453857656
9781453683910
9781453722787
9781453200599
9781452896304
9781451599961
9781451018226
9781444471694
9781444455298
9781444454451
9781444426236
9781444426298
9781444431445
9781444426205
9781444425826
9781444425796
9781444425789
9781444422696
9781444421019
9781444420661
9781444408287
9781444400328
9781441888051
9781441878380
9781441878366
9781441878335
9781441878311
9781441878274
9781441876867
9781441866998
9781441862730
9781441862693
9781441856944
9781441856883
9781441856852
9781441856838
9781441856760
9781441856739
9781441856562
9781441856500
9781441856487
9781441856418
9781441856401
9781441841896
9781441841889
9781441841865
9781441841827
9781441841810
9781441841780
9781441808424
9781441808417
9781441808370
9781441808363
9781441808325
9781441808196
9781439195956
9781439156339
9781429045605
9781410424723
9781410420879
9781407619422
9781402773464
9781401228576
9781177670210
9781168153753
9781162918853
9781153736107
9781153660624
9780984502202
9780982488171
9780981763484
9780896087934
9780887849640
9780861715824
9780812485646
9780812422085
9780802119360
9780765323477
9780753182734
9783589051540
9783936896527
9783446235885
9783126231534
9783866460652
9783843409360
9783772515378
9783837089356
9783868585605
9783866078963
9783125239357
9780978902254
9781433936029
9781584691303
9783778774359
9783898996105
9783936896541
9783190195947
9783768897167
9783791029863
9783124300287
9781606901250
9780307352088
9783833819223
9781421538143
9781907486104
9788360229293
9783800167883
9783876300948
9783952350423
9783785567456
9781846039560
9783473552825
9783779909712
9783518421444
9780316126793
9788129114952
9783882553840
9783866157651
9783522436496
9781407592329
9781456413286
9783937973890
9780312381875
9783706624633
9780500251737
9783507368071
9781446155547
9783810701022
9783865392251
9781409514312
9783981353907
9781416556329
9781091867901
9783507232020
9788888493527
9783804415492
9783839195536
9781453817247
9783866322561
9780307389930
9788360280768
9781934105108
9788360280294
9781450515009
9788853009784
9783205785705
9782869504233
9782330006464
9782302023314
9781578989973
9783831017515
9780061708770
9783862010202
9783415045095
9783205784074
9781551523644
9782290039977
9782021078732
9783940025838
9781416596646
9781846110269
9783895949869
9781453641545
9783794191758
9782845472198
9783868691405
9780007244287
9781401220174
9781451514643
9783497021819
9783821860985
9780375830792
9780759530379
9783817482672
9782844143907
9780897935548
9783935607506
9781793856494
9783942634014
9782841421886
9783885064671
9780740792007
9783170215658
9783527505791
9783642013188
9782266254700
9780739070369
9783936708691
9783941248632
9781898481379
9780615409757
9783800638093
9783803150462
9783866323513
9783034010030
9780521639927
9783613031432
9780230243804
9783839161708
9782800148434
9780764953743
9780739075463
9783868055979
9781450559966
9780099532057
9780300168952
9788466793162
9783772525032
9780231411578
9780521740098
9781903854907
9781602201095
9783839141557
9788842546238
9780764204975
9783899744835
9781590599099
9788856614244
9783275017478
9783902541116
9781850222316
9782021032512
9788874900534
9783939337799
9783866024663
9783701177424
9781847672896
9783805208802
9783868281460
9788895302607
9780007349791
9781453830543
9788843301317
9783640535217
9781849015547
9781441409782
9782302012271
9782841813087
9780692009277
9781844008759
9781479321582
9783835406872
9783707316476
9782915762204
9783934735118
9783060653805
9783898139748
9781570764684
9788496726819
9781861897718
9781406326109
9781596353350
9781589794153
9788810714089
9780307272089
9788792549006
9781611040647
9781600618642
9788865270127
9780007310920
9781849750530
9788831706728
9783897679184
9780557863617
9790043014980
9782218944253
9783507430020
9788323507857
9781406882667
9789889894245
9783868713077
9781456357580
9781594744969
9783765450020
9781450513579
9781433939570
9782889080274
9780141193045
9783356013856
9789021549248
9781848540538
9782302010420
9781936144129
9782818000106
9781905434169
9789756793787
9780451231604
9780061989148
9783442546831
9782035862761
9780061749742
9783426291696
9781931475464
9781594773327
9781456316952
9781401227210
9780515149210
9780141013794
9780061917110
9782757827956
9782756103730
9782729874858
9782205070392
9782070645473
9780451237644
9788895720456
9788865590201
9788865590041
9788862280921
9788818026917
9788806204846
9788408092728
9788375064827
9786055575366
9783843061285
9783828935273
9782286067717
9782253088943
9782246772415
9782232123221
9782070423798
9782035849762
9781936594672
9781936594313
9781936594184
9781936041688
9781936594160
9781935554240
9781865005669
9781849161107
9781848871953
9781659725377
9781617201004
9781615667840
9781607101031
9781606864197
9781605892504
9781605891132
9781604508079
9781600378645
9781586173685
9781492879343
9781491281772
9781468182521
9781463513214
9781456386696
9781456364397
9781456364212
9781453760840
9781453741306
9781453695456
9781453669976
9781452898476
9781451596120
9781451582543
9781451554731
9781451531947
9781451531763
9781451531121
9781451511819
9781450582353
9781450563192
9781450533010
9781450517331
9781450517171
9781450516334
9781450512930
9781450512862
9781449997380
9781449552756
9781444708042
9781444713305
9781442416666
9781441411952
9781440477034
9781595146380
9781440074080
9781434410146
9781434409836
9781433226724
9781421520162
9781416983347
9781410425133
9781408800164
9781406895223
9781406894837
9781406868913
9781406867053
9781402218033
9781169226579
9781401223236
9781165717699
9781152044647
9781149552384
9781108024716
9780982825105
9780956642615
9780892392315
9780811218122
9780749954710
9780747592273
9780553808018
9780552774604
9780547263380
9780385736695
9780356500102
9780345505125
9780307476357
9780307388728
9780231150446
9780205537365
9780224091008
9780194247108
9780142416433
9780099540861
9780091929497
9780061698767
9780007414000
9780007249312
9783869017877
9783861509165
9783768832625
9783707909760
9783841100078
9783141141870
9781409514275
9783861453208
9783832195403
9780759530652
9783898065856
9783871739132
9783837830033
9783836215367
9783482586231
9789029573603
9788874900480
9788492731077
9783940596024
9783899509694
9783897068360
9783851325881
9783829124010
9783811496323
9783589236985
9783570100240
9782228905084
9781934968918
9782355923838
9782302026957
9781849380225
9781845903930
9781742200903
9781575423593
9781453816295
9781453616246
9780714857794
9780615370002
9780521541466
9780230710399
9780262514026
9780321647450
9780099546863
9782302023048
9782253161592
9780007319695
9783804430341
9783503116164
9780062024046
9782012018488
9780736920414
9781607744979
9781444176766
9780060746780
9782013930376
9783796615764
9782743628192
9781421540535
9780615399935
9780552162852
9781845284039
9790014015596
9790006467143
9781852248871
9780874253993
9782211208000
9790231307900
9783866474772
9780470599273
9783464200698
9780345505347
9783499626654
9783414822604
9781442402324
9782352501381
9783896804747
9783525014172
9783737360395
9783100629449
9783831904259
9783000316104
9783869570761
9783442266845
9780736928663
9783941099593
9783869570754
9783896577900
9783835406438
9781401227241
9783890605548
9783837810202
9783791722726
9783898795654
9783702012571
9783899012637
9783940188267
9781847081735
9783442219285
9780143105978
9783828926530
9781408220023
9781408410325
9782810611843
9783060148165
9780224090414
9783455501520
9783868691009
9780143106005
9783940864901
9783442171705
9782359540154
9783842100053
9783430300421
9783866591424
9782211200646
9783862010011
9782211200592
9780825637438
9783937883342
9783866161757
9782840583875
9780007267057
9788836806140
9783867731119
9790001172059
9781616960001
9782070628025
9780061702303
9783831137824
9780500515013
9783866807129
9783869570785
9781553411062
9782353450329
9781453755082
9780984115525
9783895391491
9789163867217
9783868691344
9783826043246
9782266213059
9781851776061
9780470613030
9783894493226
9780470688373
9783800637591
9783866732599
9783446424777
9783940193124
9781402241376
9783460250161
9783772451980
9780757315411
9783772523007
9783893856312
9783446243767
9783464204832
9781841262963
9783037310540
9783939511977
9783941004191
9781907498329
9781840915488
9783865962874
9783833220562
9783868702477
9783850027236
9780521645928
9780745641461
9783937863153
9781406867534
9783525701263
9783596183531
9781593072988
9781897252833
9783842708563
9783980462099
9783868692044
9783777617985
9781452023687
9783525701188
9783702233785
9780764196621
9780199583140
9783867740746
9783869312828
9783868691177
9783037680551
9780340920350
9781433503641
9781401223021
9783861531791
9783828306912
9781444334869
9781553411246
9780979595561
9781453830703
9780575090996
9783867810401
9783100631022
9783895391774
9782360570102
9783795424619
9781847398390
9781568989761
9781600106286
9783440121368
9781408204818
9783125420205
9783842343580
9783839168882
9781406867077
9783868800890
9783423138611
9782915879995
9781578989706
9780745651644
9783800159345
9783783180091
9783440124338
9783854526612
9783640645916
9780521146814
9783835407404
9783486592184
9783802974205
9780679314332
9780230577619
9783140482004
9783941731080
9783867642446
9783940864963
9781907162053
9781856696913
9782809439465
9780865479180
9782748901320
9783570907375
9783902351746
9783429032791
9783834001719
9783942057059
9783830361831
9780425234365
9780141033631
9781416553359
9780194717427
9783852189949
9781595824929
9783784119816
9783893345663
9783060823659
9783815754528
9780809524020
9781906863111
9788120341661
9783896349767
9780986492631
9781442408623
9783939511656
9783861893936
9780099548126
9783440119075
9781844082995
9783060111770
9783896821942
9781429634168
9783852519234
9783950284546
9781931636933
9781609111663
9781849160797
9782090383362
9781400077571
9783862660001
9780061719257
9783868041194
9781554534302
9783769112825
9781590513989
9780071289122
9780521091138
9784344016095
9781852405373
9783869570792
9780762439584
9783060323593
9788499351360
9783866783225
9783427401735
9783411707485
9780199767441
9780306818691
9783060317066
9789751030610
9781434417138
9783832295936
9780545176910
9783060823734
9783991000198
9781849562454
9782211200097
9780752898582
9782278061952
9780761159193
9781451623468
9781553411239
9781555953553
9783938795200
9781841591711
9788360652763
9780800797171
9780425234662
9783834007926
9780007277384
9782738224705
9780571235537
9783642054693
9783899525342
9781847088505
9783898996020
9783534601288
9783402010402
9781905654772
9780061452550
9783789123313
9780141393476
9781606711552
9783809433286
9782266214452
9780670886241
9783570011164
9783518464717
9780723286400
9781402256219
9788878518711
9788865080221
9788842916703
9788807735028
9788375362015
9788360313404
9783861214120
9783640771202
9786140101326
9782871428046
9782848683294
9782846665919
9782742793143
9782742792191
9782742787951
9782226195135
9782200244460
9782070356454
9782070630370
9782070342419
9782070309931
9782012252424
9781936594092
9781936041695
9781936041305
9781936041329
9781936041114
9781935785361
9781932890501
9781891396489
9781847171665
9781844167678
9781841498744
9781617200519
9781616401856
9781616142230
9781609421038
9781615341764
9781595477217
9781595474872
9781594630736
9781593696665
9781586488079
9781578989386
9781554686728
9781456361709
9781456314873
9781453698693
9781451592399
9781450593267
9781444709841
9781441755063
9781441408242
9781439169018
9781434764812
9781427210494
9781416563105
9781410431394
9781409909866
9781406896220
9781406895766
9781406868142
9781146235679
9781163821534
9780983074113
9780956373397
9780900785818
9780857204103
9780830752362
9780794526474
9780762439874
9780752453590
9780735822795
9780714857015
9780670021895
9780552160483
9780470976111
9780385907453
9780385669511
9780375856242
9780374399511
9780312656546
9780312557300
9780312533779
9780312532888
9780307358110
9780307269836
9780300166668
9780263879032
9780151013661
9780263212730
9780061849343
9780061561221
9780061470882
9783981378702
9783825234171
9783060823697
9783406611506
9783938684184
9780691147802
9783798604308
9783838831695
9783839127421
9781409522157
9789626342879
9783952363300
9783891584880
9783941411197
9783868523379
9783837614619
9783833156250
9783836216937
9783826043970
9783451303715
9783406607424
9783000320484
9782758522522
9781553411475
9780745648040
9789089440785
9783942238021
9783941717039
9783897941564
9783897775862
9783866682085
9783865301307
9780552570527
9783837207248
9783818194178
9783815798836
9783800641499
9783640741731
9783613306622
9783037710128
9782253129639
9781935550037
9781571206619
9781409520436
9781553412380
9780785141211
9780822217800
9780785127796
9780736081672
9780470974490
9780465019007
9780393068337
9780071748124
9780199548057
9781594630750
9790044081431
9780136065869
9790044081448
9783640328987
9782915807523
9782747027595
9782012375666
9782047328187
9780330526623
9783503126187
9780007302833
9783935197571
9783941923362
9783931862473
9783507413344
9783451325106
9783842000018
9783927372658
9783772467202
9780007354610
9783809425076
9783527409877
9783862660049
9783589018581
9783451330865
9783442102242
9783827009012
9783862440108
9783778773833
9780393071764
9783451062469
9783775152433
9783873877436
9783941499539
9783868057492
9783760768243
9783442156559
9783981111538
9781439182512
9783865915214
9781592536276
9783803033338
9783942394048
9780615330037
9783875031485
9783765568695
9781841263038
9783613031425
9783868034448
9783421037657
9783833220777
9780345514035
9783791350226
9783613032262
9783442171576
9783794527571
9783775150385
9783890648217
9788881175765
9783770434336
9783426508718
9783473324903
9783831014620
9783890648200
9783765514661
9780674035157
9783836805797
9783351041052
9783897678989
9788881175826
9788881176700
9783869540160
9783896788399
9780470633168
9783810508799
9783894494858
9783867160704
9789756736982
9783791344829
9783865433541
9780914881537
9783867198134
9781605538259
9783937108230
9783451001185
9783613028876
9783868271560
9781588342676
9781421536729
9788853605214
9780982885642
9783426873731
9783862543342
9783766718266
9780811872201
9781600581588
9780980455298
9783874402774
9781430231622
9783060654918
9783990220030
9783772467233
9783760731964
9783865915382
9783613506428
9780316007627
9789350290071
9783939787341
9783411864652
9782246769118
9781616643331
9781602858114
9781602821453
9781439192450
9781439133071
9781410432940
9781410430649
9781410430656
9780764208140
9780727869449
9780525951384
9780307264947
9780151015221
9780061987526
9780061945731
9783981342635
9788498482126
9783800095285
9783037804346
9783842326439
9788882222390
9788878874831
9788881175871
9788864090726
9788861882379
9788836616947
9788851114701
9788836613670
9788811679691
9790043044352
9788493761011
9788375562835
9787802512443
9784062847261
9783939027058
9783937467795
9783927389380
9783899012736
9783898406444
9783898406420
9783896266514
9783869620091
9783854763260
9783782757409
9783761814505
9782917486160
9782913574977
9782913308305
9782906274822
9782865532223
9782849212004
9782849095737
9782812900655
9782848841168
9782810700394
9782812145926
9782758802419
9782756317014
9782756315713
9782756018508
9782729118815
9782728913695
9782359000153
9782356520357
9782355085529
9782354080907
9782353650644
9782352166610
9782297014427
9782296130623
9782212126181
9782100546015
9782081230132
9782035854865
9781936294022
9781935986058
9781935507246
9789963523436
9781845401887
9781903071274
9781934727218
9781844744800
9781844548972
9781615640010
9781609133078
9781609040024
9781607012344
9781606086599
9781604910803
9781604188172
9781602608917
9781602552906
9781600852527
9781600785030
9781600783746
9781596299801
9781598265538
9781592579907
9781592578689
9781591810957
9781591027713
9781590203910
9781590787564
9781589235618
9781586175085
9781585428328
9781583671955
9781583408834
9781456487027
9781456444235
9782747047463
9781453891513
9781456361945
9781453888469
9781453793459
9781453611739
9781452895468
9781452810881
9781452854014
9781452849942
9781451609066
9781451592757
9781451579765
9781450230780
9781451552614
9781446518076
9781445268989
9781445245126
9781439133705
9781434222992
9781429231237
9781423100140
9781410430878
9781410428653
9781410427090
9781410423818
9781402768477
9781401341268
9781174953668
9781168612465
9781165533237
9781148418025
9780984495207
9781295620289
9780982885604
9780982800904
9780982885628
9780982621141
9780982621134
9780982097427
9780981994963
9780980060379
9780972370677
9780802853653
9780778766322
9780766033795
9780761457992
9780761343585
9780749694333
9780737749700
9780635076410
9780557627042
9780547214108
9780521167703
9780470525128
9780328622726
9780393076493
9780313375941
9780310330684
9780307379191
9780307272751
9780253354914
9780071740821
9780071736503
9780061991714
9780061470561
9780060755157
9780060744298
9780043087985
9780043087947
9783833221521
9780670013104
9780753826126
9783551682604
9783896033550
9781905775835
9782916878812
9783426873977
9783925499913
9783499104589
9788860883629
9783815755587
9783480226177
9783940758088
9783724310297
9783936188547
9783981200447
9783896154491
9783834812100
9783737360555
9783888976872
9783570199817
9783896576644
9783570551301
9783833725609
9783766175632
9780744011968
9783941087798
9783808004289
9783190754274
9783892916673
9783931406011
9783120065661
9781408236956
9783861351771
9783621276665
9783770433407
9783125398900
9789720049520
9783458720157
9780141194103
9780811218818
9783939795049
9782841614387
9783769807219
9780061713019
9783895321191
9782752905093
9783464574584
9783120065654
9783898995863
9783940069719
9783451010217
9783000299773
9783932235238
9783596184088
9783941796089
9783834606877
9780470548684
9783834008138
9783939121831
9783899781359
9783885423874
9783037970461
9783834331830
9783940004840
9782035868398
9780061789083
9783129258255
9783940577023
9783866322318
9783879990528
9783702012595
9782871432326
9783939322115
9783909067022
9783779921738
9783451062810
9781847247766
9783896654991
9783127344318
9783781517684
9780470613504
9786056372070
9780785143888
9783937797229
9781444103915
9783800167951
9783842318922
9783485013208
9783941435056
9783540228875
9783894368005
9783140462693
9783850005241
9783936286007
9783936018998
9783800637959
9783170184596
9783767009332
9783865686343
9783811840980
9783737361088
9783940864918
9783938698372
9780465020737
9783940503947
9783593391427
9780141048314
9783125148086
9783867756341
9783866323285
9783942722063
9783451340024
9781907519253
9780300166354
9783890930299
9783486591156
9783867281355
9783932235375
9783936896510
9783806222500
9783869590080
9783520218018
9780194248198
9789973580245
9781616080082
9783936896473
9783868542271
9782843377358
9783824804030
9783794127764
9783869317786
9783800167531
9783125617360
9783832193263
9782758004677
9783492258647
9783936018974
9783456848686
9783473324002
9783939004165
9783893533367
9783941973053
9783833725531
9783060111800
9783456848006
9783861276784
9783783161557
9780809016488
9783640676194
9783534102563
9783839120491
9783125344778
9783060111404
9783936018981
9783932513985
9781401924201
9783455401646
9783836215862
9780007344710
9783899012590
9783940004888
9783925100253
9783868320107
9783834208361
9783833820472
9783608946581
9783193695949
9783570551394
9781933330891
9780615356006
9783941531284
9783190218240
9783779920786
9783885066828
9783825234522
9783442219056
9783525253182
9780500288955
9781905207336
9783831322985
9783899014143
9790204224753
9783868046038
9783868130027
9783803111272
9783899221442
9783834606587
9783190295944
9781405120180
9783850685467
9781408256008
9783825233372
9783866992276
9783868690552
9781847725882
9783836215909
9783125615762
9783275017294
9783936184082
9783867176538
9783873877610
9783866323636
9782070629435
9783451303876
9782081231252
9783897586475
9788804598893
9783448101232
9780451230669
9780634099847
9783833903809
9783000319990
9783065206242
9783886039593
9783899781335
9783406607295
9783868691610
9783931902414
9783582035004
9783868822052
9783125740044
9782353556786
9782226218438
9782253128748
9780828024235
9783940505224
9780723263401
9783824112890
9783937285276
9783894876494
9782505009481
9783498057817
9783472075127
9788488944603
9783899643862
9783861335566
9783829124041
9783865216991
9783150201930
9783625129172
9783939870326
9783795903053
9783492258333
9783928412117
9783837503821
9783451322846
9783836948470
9783937914824
9781848878341
9780986451416
9783938808788
9783643107053
9783981231335
9783407793195
9784871878678
9783765594489
9783466369065
9783842335783
9783800340941
9782757814796
9780006378037
9783981294415
9783833821028
9783530506457
9783878472551
9783497021543
9783791722771
9783868691443
9783868691450
9783518125205
9783866870390
9780982261934
9783842342996
9783480400522
9783934402935
9783775726269
9783442338719
9780691150475
9783866710726
9783941758810
9783437281013
9783570551219
9783932609794
9783802582646
9783150107522
9783808523551
9783896705198
9782811208493
9783939435266
9783815795200
9783815792551
9783832950613
9781589795471
9782747049580
9782353261253
9783589051663
9783737360081
9781784151461
9780701185855
9783193295941
9783800167210
9780785148166
9788895177731
9783527706693
9781847398239
9783795759391
9781856696494
9783941248908
9783894275396
9783258600239
9783937270029
9780571251674
9783314017469
9780785214250
9782360810062
9783570199077
9783893856190
9780771021879
9789754702095
9781907498374
9783868690996
9780547487045
9783411040292
9781848855168
9783894254421
9783596193424
9783954414130
9783954413553
9783740805272
9783942748001
9783866329539
9783760751580
9781573244664
9783835406742
9781606993521
9783938065525
9783765514593
9780123814722
9783836216425
9783940698568
9781852248581
9780007263684
9783060111817
9780451228741
9781401229368
9780199534708
9783037310564
9783608946468
9780470666333
9783803520128
9780632063772
9788804607847
9790043052449
9783770160877
9780785143130
9780865479166
9781577319344
9783593388502
9781580088046
9781608995684
9781401229351
9783928554749
9783866902008
9783556024201
9780983137306
9783701731633
9783466345281
9783838108056
9783427041597
9783406612053
9783219114317
9783936376258
9783834926227
9783942085083
9780553819397
9780955731358
9783522182072
9790006521562
9780802451545
9783525670125
9782207109496
9780747597162
9783850334563
9783486590944
9783785318003
9780984115501
9783836215343
9780547330792
9780781404198
9780802717764
9783170213159
9789753894012
9783824806492
9783254084163
9783637011106
9783453167377
9783766718037
9783125274969
9780954599645
9783868691160
9781163049990
9781453258323
9783534230372
9790014041083
9783827423689
9783613713871
9781907355110
9781421534862
9780789210531
9783981190502
9780465020140
9781163041680
9780486241807
9783942334136
9781555975623
9783831718931
9780470574751
9783453596436
9783941719064
9781439133965
9783837614251
9781591797500
9780977344604
9781408812785
9781421521459
9783981338522
9783190419142
9783593392493
9780470614181
9780375429736
9782353891375
9781616380953
9781889323213
9783551072108
9783257241082
9788804600381
9781554512461
9781416557074
9780007328765
9781401228989
9783772505713
9781447261643
9783940818508
9781844844425
9789380494074
9781554075935
9781846534584
9788817044608
9790043020097
9783941363045
9783815796153
9782753511248
9783897057609
9781888262186
9783640556441
9783570100431
9783150107683
9780747807728
9781846534577
9780470643990
9780007324514
9780768432008
9780761157380
9780330518222
9790577086675
9783486592375
9781594712289
9783442301300
9783868583243
9780007349814
9783161499289
9783893532988
9783423346443
9783835307902
9780749952808
9780762758807
9781163048672
9780767931915
9783793421900
9780810995925
9781936383382
9783780608604
9783134448122
9783884729960
9781163031452
9783894017248
9780740791680
9781569701638
9780691139944
9780470563588
9783534601349
9788408095064
9783794152490
9783702230531
9783851659320
9781856696234
9783374026210
9783832794132
9783936366341
9781844674183
9788862562188
9781598451986
9783791722498
9781847081421
9783766133731
9780330451390
9783795752156
9780320087363
9790230330060
9780199547937
9781907030734
9788850701223
9783940163219
9780557318858
9783473414574
9783427402855
9780099540946
9781163057223
9783404606313
9780764207808
9783878604013
9781421528243
9783817490646
9783936708660
9783850334518
9780738725888
9780141189932
9781849383516
9783725208838
9784871877015
9782729861360
9783142941776
9781569478660
9783835406384
9783896674241
9781163039274
9781414335940
9780060747503
9782714446527
9782759502332
9782916788180
9780747807230
9781845505141
9781421520254
9780137051519
9781849410908
9780061718946
9780615361222
9780557430895
9780486233413
9780761353966
9781846942860
9790043004448
9783060018994
9781933435343
9781406856385
9780385736114
9780007334841
9783867771733
9783835306141
9783898369473
9783934784208
9783125148239
9780312560232
9780425232378
9780719067891
9780553591736
9783832959289
9783765540981
9783830510345
9783453675988
9781846033827
9783782905053
9782818500910
9783871016363
9783942374002
9783869318882
9783835307797
9780765360076
9783821857183
9780345518132
9781444102000
9783891585214
9782355780516
9781590599662
9781401924621
9780141041339
9780745330402
9781607188667
9783898127011
9782081235373
9788360445044
9783842334311
9780061774065
9782729854935
9780521369565
9788853010148
9781404189409
9781405196802
9780099490524
9783850005258
9783855814794
9783837614503
9781433807923
9783836805322
9783831013623
9781894770552
9780618574926
9782221107553
9783902517944
9780470684115
9782205063134
9780446552387
9780415872911
9781421520179
9783942139090
9780764215490
9780486477237
9783896762344
9780812696752
9783034604246
9783034604215
9782818500187
9783125289130
9786051062419
9780375864582
9780470494370
9780143105138
9783629014719
9781593597825
9781583229255
9781844258635
9781898481409
9781423483878
9781847692948
9780071713634
9780312571351
9782359100952
9783534235292
9780802865564
9781934206409
9788838925009
9781842433355
9782080301178
9780979575013
9783922477839
9783936758634
9783037680353
9783980945639
9783470539652
9781844159352
9788121914765
9780521140812
9780738719825
9780199126668
9780739071984
9783778213193
9781609420376
9780571534791
9780525951605
9781933952680
9781402772184
9781906868338
9783926440280
9782070629800
9781433669286
9780141328553
9788497785891
9780470539798
9783867199100
9780061715921
9788426373748
9782756015040
9781894778886
9781906148218
9789626348833
9783866683471
9789197547079
9783930550685
9781906122256
9783836215565
9780141041742
9780099541066
9781421535685
9781932350234
9780880106344
9783839157688
9782501065498
9781594773198
9789380070353
9783403038610
9781423488286
9782070631124
9782081244849
9780739062470
9780060885830
9790043070900
9780345523181
9780807085837
9783898415156
9780521138574
9783897856714
9781163002124
9783631608937
9780425236307
9780465018956
9780571534784
9783495483985
9781846231698
9783037341384
9782729861582
9780521143790
9783640613229
9781848660410
9782711622825
9781905791729
9783402128121
9781843225652
9783865665010
9783827245359
9781416525677
9783642167171
9781439157848
9783503126934
9783896561800
9780979777752
9783440124406
9788437626376
9781847677686
9781844091737
9781608320318
9781608190102
9781602821781
9781598805796
9781456413330
9781451567489
9780061926082
9783838900582
9782717858525
9783125380004
9781770097582
9780765355034
9780936070469
9783770020331
9783981556490
9787505623569
9781421530703
9781423484424
9781935149187
9783902114877
9789895561056
9783936897807
9780521533812
9780860249221
9781878663160
9781849343329
9783446417120
9782906972667
9782756505770
9781421523453
9782750905491
9781934968352
9780521789721
9783258076072
9784805310892
9782234071773
9780451417909
9781841359120
9781409129134
9780857806031
9780727881977
9780263892079
9780345521040
9783140224109
9783956011955
9783593396828
9780141185064
9780199693016
9780953132324
9781615238668
9790043006633
9789675395543
9789137135298
9789023453338
9788825021639
9788804578314
9788492643080
9788466642477
9788374375153
9787544249157
9783942199056
9783867412094
9783852722214
9783839850459
9783836679787
9783836685276
9783640658015
9782884748506
9782879671703
9782863646526
9782845781092
9782840119784
9782709633215
9782361240097
9782246157731
9782130575771
9782081243477
9781907954030
9781907436390
9781907355875
9781907355851
9781907355226
9781849028233
9781848492783
9781847441966
9781770650220
9781607620778
9781605126074
9781605125947
9781603863407
9781602858244
9781598597424
9781542426060
9781456314866
9781456325312
9781453794777
9781453812952
9781453651025
9781452827681
9781452835396
9781452835716
9781452808383
9781451611281
9781451550351
9781450251433
9781449565701
9781442407909
9781442401693
9781438594750
9781435894532
9781433511851
9781420939248
9781416588252
9781416569916
9781409991502
9781408812198
9781406868500
9781406858082
9781406857917
9781406857856
9781406857825
9781406857757
9781406855838
9781406855289
9781402218040
9781400168774
9781163063019
9781163056165
9781160144322
9781147901849
9781149322000
9780984160822
9780956473448
9780948390937
9780834125421
9780805092141
9780785145851
9780785143116
9780765325365
9780756661984
9780755319657
9780751542547
9780691142845
9780606170871
9780606151566
9780545166645
9780525951728
9780446559447
9780425231005
9780374254001
9780385614436
9780323065702
9780312551025
9780312334161
9780307739926
9780307358424
9780224071789
9780195638462
9780205688098
9780143117360
9780061774072
9780007363667
9780007240142
9780001173699
9780001171794
9783761553954
9783866862906
9783882645149
9783406600111
9783451316197
9783939306108
9781446189863
9788499280615
9783902729231
9783779918899
9783763911356
9783426663707
9782912601902
9782090381276
9780470721445
9780001154063
9783942129299
9783941200173
9783930564064
9783874483247
9783865963352
9790043000716
9790043039761
9783856164454
9783852722450
9783828824393
9783836694407
9783763936915
9783761424681
9783706549523
9783648008157
9783640690862
9783639227352
9783593392691
9783593391519
9783486596618
9783125148246
9783121044092
9783060322589
9783037782040
9782070131822
9781849027762
9781607082941
9781605440026
9781601252241
9781602821583
9781448655908
9781440503269
9781423495208
9780956028433
9780785140221
9780521533676
9780714845067
9780486477701
9780470630259
9780307881939
9781936216116
9782211096386
9789757105046
9790006466184
9790201804224
9780860373247
9780739054482
9790230323178
9781423111467
9780830755202
9783737364058
9783926914514
9782367040431
9780575082489
9783579067674
9781421536286
9788426137975
9781439133330
9783834606044
9781582702605
9783866329959
9781848566194
9783891891889
9783940743602
9783834606099
9783125399044
9783523805048
9780742560918
9781556439063
9783937346601
9780345520647
9782754801140
9783897941663
9783795755485
9781849385527
9783952359624
9783774304376
9783859901575
9781844168231
9781846034992
9781453584743
9780977788439
9781423103004
9781844676170
9783640715817
9783832955762
9780895551542
9783842306646
9783981095180
9781452850696
9783839850008
9783551620149
9781603425339
9788853008350
9780743297448
9781857885521
9781602397927
9783486596656
9783879207534
9782723476935
9780762759453
9780470547632
9780316073271
9783886039739
9783980866064
9783833818646
9783890946535
9783411708246
9781845950972
9783842343757
9781591280811
9783131266873
9783981251142
9783416033114
9783897406414
9783821858470
9781921643064
9781907859083
9780982032077
9781420939255
9783938916124
9782702515075
9783640601219
9781901091403
9783518270196
9783897356290
9783769254044
9783833932038
9783835404410
9780141023694
9780739055618
9783981367324
9783932513923
9781600377037
9780691148564
9782800148328
9783824114290
9780340951156
9783868585483
9782711743513
9780521759946
9783531163024
9780199583195
9788420664439
9780521096133
9780307461476
9780470768815
9782011175250
9783886198252
9783862456000
9783637010635
9783869760346
9781558616127
9783507866782
9781401928704
9783860374405
9780061965814
9789059362857
9783869030760
9781414316833
9781847972262
9780262515085
9783839156537
9782354800819
9780470618271
9781935567165
9783789283239
9783826044113
9780802414281
9780007349166
9788433973795
9780141331027
9781444706031
9781595551030
9783589238224
9783762702863
9781845284138
9783786728139
9783828825581
9781416989400
9781400078561
9780061998966
9782203324046
9781844086559
9781408102848
9781580080439
9780876391068
9781606830079
9780545227384
9783000321498
9783060242825
9783938763292
9781935259060
9781905444410
9781416540304
9781905559206
9781905444380
9780521732680
9781615816675
9783613713994
9790014021375
9780786668717
9781439102794
9783518421604
9781935233060
9781444103977
9781616381479
9782212546712
9783527706310
9788492724130
9781845135522
9780674010048
9780061284465
9780956507402
9788020423085
9788874663231
9780531137857
9781416591108
9782070348091
9783802537028
9783902497697
9780826429179
9782706707698
9783205785231
9781610622615
9781452089959
9781163018729
9781451521603
9781441190284
9783839153079
9783839850329
9783811497870
9780756405946
9786070704567
9783766339621
9783425153216
9781921361524
9781842234761
9781616142490
9781586487805
9781444700329
9781405509251
9781405248563
9780756406172
9780451231451
9780312303754
9789532680256
9788859810049
9788851413262
9788820411718
9786054639687
9783981066845
9783942229937
9783835304819
9783838900681
9783640591015
9782813201386
9782812301766
9782754017763
9782745943422
9782234063563
9781936594481
9781935785675
9781935785484
9782953933550
9781935785026
9781849920445
9782919402113
9781848501942
9782841968244
9782753024175
9782749133577
9781741663723
9781617201042
9781616645199
9781616645137
9781616644307
9781616402471
9781616080358
9781608192328
9781608190584
9781606019504
9781605434322
9781605126197
9781605126180
9781605126159
9781605125893
9781604599657
9781604441703
9781603863957
9781603863094
9781591843290
9781578989683
9781578989485
9781554688210
9781456450557
9781453857588
9781453805244
9781453781036
9781453772546
9781453701201
9781453640401
9781450592529
9781416994305
9781416986065
9781410433596
9781409101048
9781408457900
9781406868999
9781406857160
9781405801362
9781163009147
9781146426992
9781140490807
9780982905050
9780825438813
9780813129853
9780778312864
9780755344093
9780752897417
9780749940690
9780749008048
9780739327357
9780739066003
9780723265467
9780593060254
9780571251810
9780521311793
9780545374095
9780385665841
9780375965692
9780375956522
9780373210121
9780312531560
9780307399182
9780285638686
9780143172093
9780091931568
9780061792083
9783935263757
9783990033050
9783898501989
9783867642439
9783898706742
9783867361101
9783120065364
9781849383851
9782746964433
9782747043052
9782715925373
9782733823316
9782501082105
9782368770061
9782354512125
9781409507864
9781411434363
9788392677031
9783791344133
9783707318425
9783000327179
9781906733506
9781856076685
9781446142509
9780802720665
9780763776466
9780739069530
9780691144894
9780573114403
9780470608258
9780439453370
9782013942003
9781922159793
9781416589440
9781620298107
9781314249972
9781153488983
9780099529729
9780316220170
9780745320809
9790200225525
9780199568758
9781906863050
9781905586226
9788437613437
9783551769947
9783837745139
9780415493406
9781444176889
9783596901814
9781409500452
9780007312528
9790043086437
9790043087670
9790043011835
9790043071907
9790043029830
9790043074557
9790043084686
9790043075448
9790043078692
9790043069256
9790043081043
9790043087267
9790043082316
9790043078906
9790043082804
9790043081203
9790043084792
9790043065111
9781857334944
9790230363884
9790230388856
9789962008033
9789944889193
9789944291279
9789881774279
9789871581481
9789801241874
9789758733194
9789757530961
9790230351546
9789757105985
9789752698116
9790230361743
9790230361750
9790230362184
9790230362207
9790230362719
9789752307452
9789609841870
9789586954853
9789586954716
9789490665012
9789350250891
9789163863561
9789085482604
9789081563017
9789048705306
9789044325430
9789048705290
9789026175329
9789026138362
9789006633122
9789006632873
9789006632620
9789001500375
9789001500368
9788890514968
9788889473146
9788889845349
9788888880600
9788889969946
9788888435398
9788884661876
9788881636204
9788881587612
9788881587490
9788877681997
9788877594785
9788877582850
9788874772094
9788874663255
9788874663248
9788874663187
9788874663224
9788874663170
9788874663163
9788874663156
9788874663149
9788874663125
9788874663101
9788874333318
9788873813439
9788873561439
9788873125938
9788873125662
9788873125457
9788873125365
9788873125341
9788873125297
9788865770016
9788863980394
9788863920741
9788863800401
9788863310863
9788861891449
9788861891234
9788862291095
9788861581098
9788861235410
9781741791594
9788856612479
9788856611762
9788856611748
9788855801362
9788851720964
9788850217267
9788850222414
9788848124980
9788847726291
9788834425800
9788834425770
9788834425763
9788834425701
9788834425718
9788820049379
9788817040297
9788813291969
9788801046045
9788499510026
9788499300597
9788499280158
9788499087665
9788498652970
9788499130873
9788498477429
9788497915663
9788497841368
9788497841351
9788497371346
9788497815710
9788497618342
9788497045230
9788495948618
9788493809171
9788493785604
9788493752453
9788493696139
9788492849796
9788492849956
9788492795260
9788492696307
9788489672598
9788486870072
9788484437192
9788484784067
9788484285724
9788484125655
9788484125648
9788483237564
9788483236840
9788482884363
9788481366037
9788481272208
9788480165426
9788480774123
9788478735587
9788478394494
9788474323108
9788471548900
9788468472003
9788468102726
9788467901580
9788467901566
9788467901375
9788467900682
9788467901122
9788467900668
9788467900460
9788467702033
9788467707588
9788467579741
9788466811453
9788466613064
9788448067670
9788433023308
9788432313219
9788433022820
9788430788361
9788429317145
9788429315714
9788429315394
9788429312652
9788423342327
9788427036697
9788415016021
9788392222965
9788392032588
9788376490205
9788376484396
9788375875447
9788375431735
9788374091473
9788373774902
9788373774353
9788373774421
9788373774179
9788373773974
9788373774087
9788371677045
9788361599968
9788364449086
9788361511076
9788361511052
9788361455196
9788361059592
9788360740446
9788360740415
9788323507574
9788320818970
9788320818956
9788320038675
9788320043433
9788320040371
9788178061870
9788087053492
9788074020780
9788074020742
9788074020568
9788074020445
9788073981051
9788073873561
9788072944071
9788072922031
9788072774159
9788072687589
9788072687138
9787811184877
9788020422293
9787807557777
9787807475361
9787807457527
9787807434849
9787807296683
9787806756348
9787806758809
9787805508436
9783932908637
9783842312432
9783190254040
9783707413076
9781796725087
9783954131174
9783464205402
9781426307041
9781449389550
9783823706328
9783899745320
9783596853892
9788420664163
9780857080776
9783939570745
9783170209909
9783891891926
9783730220016
9783896674289
9783938764268
9783170212107
9781556439056
9780785144724
9783941099128
9783429030636
9783441004301
9781593272777
9783440115299
9783429032647
9781848320628
9780765324641
9781444103939
9783830923480
9783737360456
9788499401423
9783862301591
9788497131247
9783865276186
9783766142870
9783866079816
9783582056245
9783802114809
9783933569448
9783727453830
9783827245649
9783780207081
9783899745924
9780719078583
9783861535843
9780151014187
9781907159527
9781405208062
9780547339108
9780470551745
9781906011413
9782759508877
9782714451491
9782266211611
9782211211659
9780702033711
9783897970632
9783406612015
9788499084978
9780575081956
9781888365931
9783938065587
9788467900248
9788478735020
9780521676342
9782070635009
9783446234192
9780804839822
9780307275424
9788484784531
9783866720459
9786055623401
9783866161627
9780393051483
9783781703421
9780571231614
9781401229306
9788427716896
9783937350202
9783765568688
9783928432450
9780193372634
9780829432954
9781596682399
9781433808845
9780575086548
9780897476010
9781405359870
9783842330559
9788478735006
9788478735013
9780486475851
9788804598886
9783783134148
9780307459503
9783551791818
9781603782760
9783851298857
9780193365896
9783896787019
9783934410886
9788420664217
9783894742041
9783589016471
9783629022479
9783866282919
9783830198772
9780312946395
9780809524037
9781108020084
9781590308325
9788804603689
9781601423412
9781445600246
9781408132821
9780743482509
9789380028200
9780393333718
9781848853133
9783981247732
9783705885905
9788850329502
9782266199773
9783902300539
9783100725134
9783061500641
9781435894549
9783830438151
9783829717496
9781841495385
9781426206832
9783839183069
9782848981321
9783728132703
9783453017276
9781906593483
9783897736511
9788426137760
9780071739030
9783897843769
9783939465744
9781409218586
9781562867041
9783866411852
9780451228208
9788497937429
9788817038829
9781451624267
9781453624517
9780762758623
9782707321077
9783000315992
9780061924323
9780205823482
9781604504460
9783037810071
9788497003339
9780802458810
9782753013353
9781842320976
9781590173466
9788492705078
9788424633462
9781844744381
9781453800379
9783808573204
9781439158692
9783981368451
9780801068386
9781445722108
9788420674100
9783938275757
9782723474719
9780007357369
9781450512510
9780810989603
9783639286991
9781873913345
9783867414784
9781450401685
9783456847979
9783942150163
9780061762758
9789944227773
9783942064019
9781145122901
9780618737383
9781608320349
9783534234998
9781602801646
9781600851483
9781452016368
9780811868907
9782302009523
9781855942134
9781906817442
9780321747433
9781848710917
9783865286765
9780440243687
9780230106611
9781903436776
9788372780836
9788496697843
9783942549011
9788499082523
9781442412538
9783642145063
9780515148060
9788483835593
9783896786814
9783534232994
9781595143426
9781456306564
9781439194003
9780452296725
9780141195421
9780071701723
9782210989733
9782280813426
9782211095303
9780199568727
9789634081050
9788817061773
9788817165341
9788817046275
9788817039659
9788811365396
9788809751996
9788809746787
9788497936101
9788497616867
9788497403504
9788497082150
9788495359391
9788484285489
9788483835548
9788492403479
9788467035162
9788461441815
9788420676821
9788461421947
9783534229963
9782709630894
9782360750221
9782298036350
9781935149064
9781849011099
9781848542488
9781847562289
9781843547853
9781742374635
9781617200885
9781615342082
9781615341894
9781613826140
9781607461654
9781605126005
9781605047072
9781605125848
9781604599480
9781604441369
9781603862905
9781603810555
9781602857711
9781602857568
9781601780836
9781598597189
9781594391989
9781594134029
9781593155971
9781578989898
9781578989379
9781578989232
9781567924299
9781554688128
9781567692020
9781456325695
9781453734803
9781453731833
9781453698938
9781453699799
9781453642399
9781451591057
9781451018028
9781445788685
9781442304741
9781441105721
9781441843760
9781440055645
9781439187180
9781438536361
9781423617112
9781421531915
9781416963806
9781410431790
9781410431592
9781410424471
9781410424105
9781410423290
9781410422323
9781410420855
9781409119920
9781409117490
9781407614939
9781406867367
9781406857139
9781406855012
9781405353724
9781165661589
9781162594668
9781148055541
9781162566559
9781147847543
9781145149571
9780892767526
9780890515730
9780857200778
9780765326485
9780761360346
9780749955151
9780739377871
9780646545103
9780575093836
9780547424835
9780545206877
9780451231192
9780441018574
9780385531788
9780345505484
9780340992456
9780312676421
9780312621049
9780312607739
9780312578084
9780312570170
9780312380892
9780307590701
9780307475787
9780306818868
9780195395044
9780199754151
9780143504139
9780143105930
9780061702310
9780007415687
9780007339594
9783829716628
9783939373803
9788483464618
9784878923777
9783777621104
9783482595929
9783200019256
9783831408191
9780199732029
9788807900051
9783937219417
9783869160887
9783772467165
9790201890142
9781846038471
9781416610748
9780740793745
9789057681356
9783906786377
9783902273956
9783869301921
9783839192658
9783837412147
9783786728153
9783640566464
9783619116805
9783580637613
9783359025016
9781933027982
9781906558178
9781904063360
9781846112362
9781879794597
9781840029505
9781603782487
9781445277271
9781421529066
9781408269336
9781408269329
9781402221118
9780986749407
9780415584821
9780955203688
9782070651832
9782280285285
9783570158760
9782244404615
9783902784094
9780425242407
9780061240447
9782290006917
9782889002108
9780960385881
9782070146574
9782070658015
9783492274005
9783401700090
9783934268715
9780316014755
9781245296397
9780380797103
9790043066996
9790043063476
9790043056768
9783868830644
9783475529481
9783829726108
9783517086170
9783707411669
9783705878990
9782940349609
9783981175288
9783127568301
9790043015499
9783464205464
9783411714643
9783939431510
9781440309052
9783990031643
9780596805821
9780470610695
9783579059273
9783931989583
9783190044771
9780756671419
9783830436973
9783827424907
9783897406377
9783868840032
9780936070490
9783766175755
9783940698377
9783442219087
9783897678668
9783932235252
9780521317498
9781451628142
9783525404324
9788853604323
9781606233382
9783275017348
9783922442493
9783193574930
9780486477220
9783939556176
9783867320733
9783761558140
9783940864666
9788497131063
9783810522924
9790201809359
9783842354036
9783896786760
9783426874646
9783411861583
9783407627261
9783884728932
9790001158442
9780310329312
9785928721329
9781849383455
9783897679368
9781416994435
9780578065533
9783896103253
9783060204663
9790043018124
9781400031740
9783938540244
9783137319030
9783795759759
9783789184659
9781844085941
9783800074488
9783064551879
9783862680757
9783839186817
9783867400138
9783925505942
9780230243842
9780521159487
9783930637454
9783778004210
9781606901854
9783766613912
9781421533629
9790043069133
9781584798538
9783922477907
9781607061663
9783868471137
9783772467271
9783832957315
9780470553732
9780470688670
9781574326758
9780061945397
9783746231563
9780871406590
9781936383160
9783940188120
9783551791634
9783836523226
9780199738700
9780573617782
9783942270014
9781420939279
9783451325540
9780956184641
9783868620214
9783836805414
9781453631461
9783866322226
9780979014185
9780759531123
9783507526938
9780194752046
9780375828850
9782296130531
9790043014379
9780615404622
9783060108343
9783891047460
9780865621992
9783793050735
9788804598909
9783887695019
9783937897394
9781932664492
9780061566219
9783527504565
9789043134156
9780823085538
9780739055601
9783642164903
9781603425438
9783593391755
9783890946290
9783764399726
9783613032132
9780573697364
9788122204803
9780557831326
9783941559189
9780193372269
9780192827630
9780914025245
9788817043687
9783932691690
9781408231197
9783827420916
9783640650460
9781932018257
9781441144782
9783442391868
9783834006998
9780553820072
9783127403053
9781609421175
9780007247400
9783522200790
9783527505579
9780312611392
9783429010423
9783854763253
9780573619724
9781844257294
9783468349171
9785978104196
9780393928617
9781444900729
9783929317640
9783768831994
9788862123976
9780316102230
9781593634315
9780307475350
9783060814442
9781606521564
9781591142430
9783897932531
9783503126071
9782353610266
9780955377969
9790201801254
9783938060469
9781409118558
9780785145899
9780573698804
9788497776431
9780142416662
9783774304727
9783937603353
9783764503369
9783314017346
9781577316213
9783124562029
9780375834691
9783866157972
9780785826118
9781840029536
9783839129791
9783939191070
9780297860907
9783941239500
9783828934986
9781616647599
9781907558061
9790043047612
9781416584391
9783194515901
9783193515902
9781433668562
9783867362443
9780470543580
9783830342151
9781554077564
9783640635665
9780194732901
9783805814508
9782723474702
9780199589869
9783468280511
9783815743393
9783522436557
9783980942782
9788862291125
9782251200026
9783860996096
9780206491116
9780099532170
9783707408768
9783837104479
9780874409505
9780765325259
9780099542254
9788434864061
9783425721170
9783496014171
9781553413820
9782226255631
9782035896933
9781843651536
9780198069317
9783895783678
9783869537818
9781401927042
9781595550255
9783890648224
9783120457305
9780425236284
9786056162329
9781421528878
9783643501509
9783125244054
9780316077378
9782350301426
9783507110090
9780982949962
9780865622043
9780557480104
9780521137218
9788842094821
9781848842038
9780470742372
9780521377676
9783060647606
9781855861114
9782800147161
9780857380531
9783197129587
9780593064436
9780099522690
9783649602392
9783867605687
9783194429666
9781409521969
9780500238691
9781841495828
9781609420765
9781603201223
9781452893198
9781406867114
9780756989996
9780713997040
9780061555152
9781328581600
9789380828145
9789023455110
9788865080306
9788854122086
9788854118911
9788845424762
9788499081861
9788498720839
9788498672428
9788420674155
9788498383300
9783940332202
9783868585889
9783866109759
9783719028565
9783570501306
9782743621308
9782914704649
9782205066838
9781936127214
9781936041220
9781936041626
9781935785804
9781935785194
9781935774013
9781905802395
9781907727405
9781849164122
9781849027908
9781846110207
9781844847853
9781844675975
9781742339641
9781616643386
9781615238712
9781612030180
9781609420482
9781605126135
9781605125978
9781605125916
9781604598599
9781604508482
9781603290777
9781602857254
9781596981492
9781578988778
9781554683116
9781456342531
9781453857540
9781453735213
9781453855454
9781451523911
9781451531343
9781453711729
9781450523080
9781445508009
9781444473957
9781444473285
9781444473254
9781444473155
9781444471717
9781444431421
9781444430387
9781444415445
9781444408492
9781444407587
9781444400625
9781443404617
9781441856319
9781440075087
9781438594316
9781438537719
9781438534626
9781423495673
9781423383673
9781423360995
9781423125266
9781420937718
9781410425706
9781410423252
9781406857993
9781406855562
9781400316434
9781171055389
9781167686351
9781167007286
9781154447811
9781147831849
9780984251544
9780982555040
9780838910184
9780785231035
9780765327277
9780763648541
9780755347759
9780739073964
9780738721255
9780606146173
9780606143950
9780600621669
9780573698415
9780573698132
9780573692628
9780573691720
9780573681134
9780573609398
9780552160254
9780547335926
9780545132053
9780521124430
9780465019175
9780415480420
9780385342797
9780375865350
9780340978276
9780297860464
9780205024520
9780199545902
9780061804007
9780060889968
9780060728403
9782700540727
9783886341085
9783709303030
9783468266287
9783866474727
9783523803044
9783831718849
9783060325153
9780230613881
9783939689591
9783842335509
9783834923899
9783833927270
9783716516294
9783708906232
9780821385418
9780811707497
9780573662867
9780573613975
9780399252389
9780061964428
9788853605023
9783868732719
9783815799109
9783812512046
9783803007230
9783640730001
9783190354269
9782262032333
9782870971185
9781907685439
9781861897756
9781854115232
9781845022891
9781553416845
9781553418122
9781553412922
9780778753872
9780747807698
9780745330471
9780711229716
9780573619250
9780573697821
9780521147378
9783142918297
9783830438618
9783131297723
9783867175524
9783890196824
9783899012743
9783730220047
9783127319637
9783527706419
9783981281231
9783589229369
9783125617339
9783894275457
9783570136225
9788864671635
9783141000375
9783817118601
9783424200423
9783127577525
9783940396143
9780330518376
9783518295441
9783990457269
9783868057669
9783772486265
9783866591530
9783458193364
9783882216936
9783781517653
9783866321762
9783440123683
9783866591493
9783938176214
9783871014536
9783803500014
9783936188530
9783038005056
9783777620893
9783941796041
9780345503428
9783868583533
9783940698537
9783784350851
9783930715183
9780446545921
9780307717153
9783930550678
9781846687136
9780603570605
9781932419566
9783702506346
9783905955002
9781607061205
9780573614248
9781849381093
9782894362587
9782267021769
9783407991089
9783455306941
9783037341230
9781847563545
9780307750945
9782753511361
9782754804073
9783890196855
9781453627600
9783866591486
9781439133347
9781453617229
9783440124253
9783866591479
9781848501904
9789609456036
9780194643764
9781851687459
9783551781246
9783837504095
9780415581158
9788864671673
9781423482925
9780871162953
9780739063682
9783811497771
9781451589818
9781841593302
9783940529596
9781402768507
9783219114591
9783861894636
9783831320097
9781408106372
9780709091158
9783869317373
9780500204023
9783981301410
9781562240011
9783865414038
9783826812064
9781450597845
9782723470445
9783786728191
9782723470735
9783417207491
9780226514697
9788845155161
9783850262026
9781841622859
9788890104664
9783905825244
9780547386379
9783765449765
9783000301957
9780521467186
9783939817550
9780500515136
9781897572238
9781445776583
9781453659182
9781408124185
9783830474081
9783941796096
9781931859950
9783952352168
9781932419320
9788882660130
9781905686261
9781742372914
9781453831120
9783940864505
9780801013720
9781905716821
9781597315036
9783898619592
9783990180044
9781426205156
9780674057227
9780007349159
9781450706360
9783427050292
9783942238007
9780061728990
9781574242553
9783784350929
9783937090467
9781846943669
9783868590487
9783801106294
9783899013146
9783827246639
9782743621391
9780470543948
9783767909144
9783942120005
9783507400146
9781607061021
9781556439193
9788497131056
9782915227413
9783898646697
9780802443830
9781849387699
9781603208369
9781609133092
9781842173879
9780226771540
9783941641099
9780547251271
9788854404496
9783799508711
9783708905594
9781844086610
9780312602574
9780071633055
9780465002016
9783127568509
9780060881306
9783893533336
9782804118921
9780385666039
9789753894678
9789491156007
9781849387576
9781907380051
9780061432682
9783837075489
9781586174132
9781162830766
9781554536412
9780194248211
9788426373854
9783766169471
9780762756971
9780500288443
9780281061983
9780745323169
9783125774681
9783540959335
9781420938425
9783642103858
9781402767623
9780061774089
9788845155154
9781905716807
9783938470411
9781574092929
9780575086241
9780470481509
9780061945694
9780141192093
9781611295641
9783150191866
9783406590269
9789757569299
9788860736697
9788423342730
9788420406107
9788375542530
9783940818522
9783831904068
9783640757107
9783534235025
9782913366275
9781936594498
9781936041268
9781907727696
9781906388751
9781904027867
9781849350105
9781849162647
9781849160889
9781849027014
9781846288449
9781846041891
9781844847914
9781612030074
9781611040654
9781611040623
9781605126036
9781605125930
9781605125886
9781605125879
9781605125862
9781605125824
9781604596960
9781604508277
9781604443448
9781602839533
9781586488321
9781573661577
9781456405724
9781456317546
9781456307318
9781453759738
9781452873923
9781451599039
9781451596458
9781451517972
9781451558838
9781451508222
9781451505511
9781451500653
9781442300118
9781441847881
9781441413277
9781438594712
9781438593944
9781438594613
9781438535395
9781434766373
9781434428035
9781420935073
9781420938661
9781414339771
9781410427656
9781410427632
9781410426581
9781410425164
9781410423603
9781410422712
9781407647807
9781407617213
9781407622811
9781406855449
9781402765506
9781165181230
9781144631121
9780982463598
9780984238156
9780941599849
9780870294464
9780863157264
9780814413784
9780812221183
9780806532462
9780805862478
9780800794958
9780800788094
9780786020416
9780763646332
9780762438549
9780756662097
9780755355327
9780752457277
9780752456775
9780751543834
9780749952679
9780749942960
9780743299985
9780670074051
9780547241876
9780525951780
9780470875148
9780470548226
9780451231208
9780399534263
9780385662703
9780375967290
9780345505101
9780340918777
9780312383114
9780307475824
9780307475701
9780263213317
9780198329961
9780195388664
9780194643771
9780142428511
9780142428504
9780007240777
9783527505036
9783808543153
9783196718515
9781844258970
9783836805827
9781580115049
9781409225096
9780615347776
9789992375792
9783941547087
9783928766968
9783937233611
9783899745917
9783832940256
9781596986206
9781595584991
9781594773839
9781590203002
9781483941936
9781456401870
9781451574074
9780521001618
9780142416891
9780071742207
9780007371112
9783921805497
9782354860707
9781240682898
9781848952010
9782917256091
9783522302463
9781250051943
9780955836725
9790043088899
9781441123244
9781626873087
9781625275431
9783861961314
9783842704862
9782810504169
9782324002588
9790043077527
9790043074045
9790043074786
9789974822825
9789944822725
9790230352758
9790230362597
9790230364409
9783257239478
9790201809533
9789944315364
9789870594963
9789814276924
9789766108397
9789755336480
9789750174353
9789747008678
9789609456067
9789657450291
9789609456050
9789526734996
9789526734989
9789460650437
9789380154664
9789287169471
9789197895422
9789079887835
9789059723962
9788897090069
9789023455455
9788897085072
9788896999066
9788896303054
9788896303047
9788896303030
9788895902555
9788895902432
9788895902425
9788895902357
9788895649368
9788895649351
9788895649344
9788895649320
9788895649337
9788895649313
9788895649306
9788895649290
9788895649269
9788895443362
9788895443355
9788895208800
9788895049854
9788893080040
9788890462818
9788890361821
9788890094484
9788889613870
9788889142615
9788889325926
9788888929583
9788888929514
9788888929521
9788888028620
9788887778786
9788887778670
9788887376692
9788884661944
9788884573377
9788884539892
9788880936367
9788880685081
9788880684916
9788880684862
9788880399353
9788879069519
9788879069502
9788879068451
9788879068413
9788879068390
9788879068352
9788879068314
9788879068307
9788879068291
9788879040891
9788878873117
9788878460386
9788875271770
9788875217624
9788874759057
9781481818292
9788874759033
9788874303298
9788874026319
9788873941439
9788873125976
9788873074212
9788872736593
9788872736555
9788871231105
9788871231082
9788871231075
9788871003092
9788869654725
9788864710839
9788864710686
9788864710631
9788864710624
9788864531786
9788864420417
9788864420370
9788863220865
9788862980999
9788863220858
9788862611756
9788862581363
9788862581271
9788862581264
9788862581257
9788861889705
9788861755086
9788861755079
9788861451735
9783939685418
9788861242227
9788861241992
9788861241985
9788861238084
9788861238039
9788861235793
9788860817815
9788861142374
9788860615749
9788860221384
9788858000892
9788857301464
9788856612486
9788853005823
9788851407742
9780141039763
9788850703845
9788850700233
9788850329434
9788850329175
9788850222698
9788850222674
9788850222025
9788850221486
9788850221288
9788850219933
9788848311816
9788845264917
9788845264337
9788845155932
9788844030124
9788842092261
9788842091912
9788841859964
9788841859957
9788841220979
9788836552634
9788836551545
9788836549146
9788835026440
9788831537575
9788825026528
9788822048233
9788820984281
9788820715816
9788818027488
9788817045797
9788810808412
9788810510902
9788810108857
9788809755635
9788809755550
9788809755239
9788809752894
9783831721719
9788809747517
9788809745704
9788807722066
9788807018213
9788806392635
9788806202057
9788804601142
9788801044324
9788799176748
9788792549099
9788598078939
9788577420650
9788575425299
9788499301747
9788499280219
9788499280622
9788499151427
9788499088471
9788498940725
9788498940374
9788498452211
9788498421835
9788498160741
9788497888899
9788496822931
9788495994929
9788495994936
9788495951625
9788495948373
9788495897749
9788495114143
9788493746629
9788493125912
9788492924134
9788492799268
9788484725619
9788492521685
9788484725169
9788484608370
9788483832578
9788483430583
9788483087756
9788479716370
9788477748359
9788467901528
9788467706789
9788467706109
9788467706093
9788467541090
9788466812160
9788466812481
9788466812085
9788447921263
9788466812061
9788441617612
9788437075402
9788437626956
9788436261400
9788434309913
9788431698737
9788427130968
9788425344046
9788420739649
9788415002482
9788388554629
9788376990309
9788375860399
9788375760538
9788375611120
9788375451641
9788374374194
9788372784230
9788372674555
9788362195985
9788362170012
9788361732945
9788361574200
9788361574248
9788361529859
9788361538103
9788361194903
9783406508929
9783466308514
9781603781756
9783579068381
9783898795036
9781401229047
9783899013269
9783868265286
9783593392196
9783038005148
9783867731164
9783730220054
9783730220092
9783898452854
9783730220061
9780061771224
9783715206073
9783867281256
9780141335391
9783034606769
9781849161572
9783730220078
9783730220085
9781597111409
9781451554618
9783893856107
9783525630204
9783875031454
9781846143151
9780007354627
9783530506235
9780470615140
9783893856152
9780984292608
9780985690403
9783839181096
9783861335665
9783440116258
9781903458914
9783895751509
9783403061533
9780007354719
9783446421806
9783868844870
9783940077998
9783406541520
9783941363090
9781452858463
9781852846152
9783804213005
9780007354597
9783766166708
9783035030471
9783451323157
9783855353750
9781843548164
9783596183203
9783942271073
9783869120256
9783941239494
9783829711913
9780446558402
9781844095254
9780385523943
9783905752212
9783941555570
9783934029378
9781849384353
9783827054210
9783902694195
9781453785423
9789735026929
9783867320672
9783867741033
9783941021037
9781846056734
9783060201761
9783866077867
9783868930306
9783446414679
9780141044699
9783868034417
9783442219124
9783861451853
9781849162623
9782706115875
9783835405820
9782723467780
9782923717357
9783940767462
9783940544148
9781452877716
9783518295571
9781852845544
9780312429379
9781849384124
9780715336243
9783613031524
9780521170246
9781575629711
9783937200743
9783893345489
9780141049175
9780310726067
9780573692550
9782081233522
9781423440260
9783869760285
9783869104652
9783110226942
9780099530428
9783124300645
9783939204008
9783940698254
9783258075471
9781847675606
9781844141661
9780739066010
9783835565203
9782355990496
9783778256206
9783937467863
9783895022999
9783792001509
9781423405788
9783527505418
9783874634618
9783854453321
9781554076345
9783708906560
9783861213802
9783938065594
9783868830576
9783407858887
9780762760718
9780387287942
9788887207675
9783446240582
9781453781920
9781453773390
9781453765623
9783780010711
9783869440156
9783351033149
9781406322187
9783839192863
9783814801780
9783936521160
9780753519813
9789759059071
9780981987033
9781605536712
9780794828752
9780793526499
9782754020190
9780393339468
9783838202204
9783194094239
9788857206660
9783440114926
9780764216183
9781445269030
9783037341278
9788809752900
9781452826509
9782917642467
9783126760317
9781855842359
9783777429311
9783867426626
9780007354658
9783876203102
9781782198987
9780462099743
9783897932425
9783505125584
9781569765302
9783839163986
9781590308301
9783141244533
9780062007292
9783448090642
9780141193205
9783899781120
9780717144174
9782203026162
9781408800768
9788838925108
9788872215104
9781449593575
9781450247658
9783865750204
9780415565097
9782294708022
9781852845827
9783831750092
9780762434329
9784770031204
9783866901667
9789089440778
9780762441495
9781401925345
9783440121849
9780099535799
9780762752638
9783120065739
9780810989412
9780141048932
9781453683897
9788850712786
9780521316958
9781590307328
9781450575089
9780615404820
9781456335953
9783940544087
9781450542067
9783852722153
9781591797845
9781906011338
9781846741913
9780375429743
9781848540415
9781845135423
9780932887412
9788420405322
9780956608802
9783800331581
9781451597073
9781584233374
9788362610587
9781583672129
9783425728186
9783060324002
9788882666484
9780431068275
9780263890549
9783896769527
9781599219820
9783939557418
9780330517874
9781847971401
9781846554131
9783940865113
9783885621126
9780811868211
9783866322172
9781726214803
9781456516680
9780752455730
9783422070097
9788888285900
9780231151382
9782723470438
9780470539590
9783854912941
9788861242067
9780099553229
9781934255278
9783839174005
9788432248214
9780890247518
9781409279723
9781449982904
9781440506123
9783834435156
9780273731962
9781845135102
9780281062171
9781874646921
9781848843868
9788020423290
9781874250807
9788821567377
9783834006813
9788862160667
9781930485259
9783764399085
9783941444256
9783195329798
9781453623282
9783878580515
9783851759471
9781481125420
9782800146461
9782356140289
9780936390185
9781605501673
9783937514970
9783772083532
9783642104572
9780470452547
9783867185929
9783708906317
9786070703430
9781844744749
9781400043637
9780307743459
9783283011635
9781850659921
9781847081179
9781608201235
9780785134350
9780434016907
9780800719876
9780800719883
9783836214377
9781451668186
9781409129974
9781451648966
9781416514985
9780553275858
9780399573897
9783864717161
9783981441055
9783941320994
9782732455389
9782351561294
9782253167006
9782253066071
9781781973998
9781476735207
9781433370021
9781314927962
9780295991726
9783772458316
9780007463893
9788865300459
9788864100180
9788864100074
9788861459434
9788499500324
9788466642941
9783940666307
9782848683348
9782756019369
9782266204163
9782203035034
9781936594337
9781936594047
9781935554097
9781933515984
9781907523489
9781907446214
9781907523441
9781849028455
9781848683662
9781848420274
9781845979591
9781845842284
9781844168910
9781841596068
9781616142063
9781604596922
9781603863933
9781604442786
9781491037553
9781479338948
9781456450953
9781456348687
9781453887417
9781453886809
9781453764206
9781453724521
9781453701898
9781453631164
9781453622544
9781453622209
9781453612729
9781453610619
9781453610350
9781452883137
9781452883816
9781452883007
9781452875262
9781452848778
9781452808147
9781452804804
9781452802862
9781452803012
9781452801261
9781451599206
9781451597394
9781451596212
9781451595994
9781451595963
9781451582574
9781451554243
9781451530261
9781448816019
9781443101851
9781444110623
9781441886835
9781441859693
9781440058974
9781439197257
9781438595412
9781438594767
9781410431561
9781410422538
9781408801093
9781407652849
9781407652009
9781407650227
9781407646282
9781407646237
9781407634128
9781407633626
9781407628134
9781407624938
9781407618944
9781407619415
9781407618708
9781407616438
9781407609430
9781407608150
9781407607825
9781407607122
9781407456713
9780983108900
9780983008507
9780836195170
9780778303411
9780765367549
9780763644376
9780758234674
9780762754311
9780749940102
9780593062944
9780545254175
9780375866586
9780374307981
9780330519663
9780307710307
9780273728672
9780199585045
9780143174097
9780141029825
9780099551140
9780099550877
9780061724657
9780007276097
9781409520528
9780573610127
9783642129971
9781900623216
9780521697743
9783927069985
9783124300492
9783791350905
9781846078835
9781846039935
9781605293332
9781568815848
9780890095706
9780470372265
9780312595128
9789639916623
9788498866865
9788497131193
9788467540284
9783929607598
9783865022479
9783837615043
9783861970002
9783060206346
9782067150034
9781856696968
9781849410465
9781846041501
9781846079009
9781616381578
9781592536214
9781408218808
9781402771576
9780982094709
9780857080424
9780863157684
9780810989696
9780805447125
9780801072383
9780785144151
9780749461423
9780521612821
9780091933302
9780060565312
9789753201353
9781849418096
9781438965949
9781450710701
9780312565350
9780955945359
9783865913883
9781444107791
9780793525904
9782953968415
9783129271339
9780828025836
9780749954321
9783854918745
9783932130243
9783609623238
9783980954716
9783981381313
9790203433712
9783437440748
9783869740324
9783834607164
9783862310210
9783640617401
9781438070193
9783125292246
9783940188335
9781411434905
9783868506273
9781890580049
9780521556736
9782350789323
9783487084930
9786054215324
9781852248628
9781416573173
9783940621252
9783937200729
9789021437989
9789025747961
9783640621439
9781451578171
9781434407474
9781456306120
9783899057270
9783640746675
9783640689330
9781590201626
9788854504349
9783640634422
9780747807926
9780751539943
9780978631390
9780198329008
9781935774365
9781935774402
9781935774235
9781606865231
9781560277798
9781453755631
9781453683941
9781453637135
9781452819716
9781451565393
9781451565324
9781450597883
9781450597319
9781450595117
9781450588126
9781450587785
9781449592943
9781439189696
9781420934793
9781408805879
9780764205576
9780578054162
9781453782927
9783881808552
9781906002275
9783921262610
9783867362467
9781907152368
9789659145553
9790231102628
9790043058540
9790043071952
9789659145522
9789659145515
9789659145546
9789460338793
9789059610798
9789059610781
9789055947478
9789047515234
9789047515074
9789047515050
9789023924876
9789023924524
9789023457763
9789023012795
9788880399322
9788875635350
9788860616739
9788579620171
9788857302195
9788499133201
9788497845175
9788476841785
9788473567053
9788433973948
9786054336159
9786056025372
9783981097436
9783905929027
9783899505122
9783897747371
9783866837478
9783838201719
9783640645893
9783640619832
9783640605200
9783640601943
9783640576364
9783640574025
9783640567898
9783640511372
9783000305788
9782953405828
9782952567688
9782940432035
9782918320043
9782916120164
9782915626636
9782870035115
9782846187428
9782846186612
9782845037663
9782841725038
9782841614721
9782818901687
9782818900475
9782809415742
9782756015743
9782723471541
9782756005805
9782710121374
9782360390328
9782353252435
9782353252220
9782353252107
9782353252176
9782353252091
9782350788425
9782350788289
9782296117662
9782263052200
9782130585404
9781936343065
9781935786054
9781935774617
9781935774464
9781935774204
9781935597070
9781934620915
9781933750286
9781907702051
9781907536090
9781907294679
9781906512507
9781848375420
9781842432211
9781770830219
9781615324811
9781615324729
9781615324620
9781615323517
9781615323500
9781615323470
9781608980093
9781604783001
9781608443468
9781608443819
9781602151208
9781602151130
9781599552903
9781597252973
9781596525993
9781596525924
9781596089679
9781591027560
9781578603527
9781557426925
9781554531998
9781461054399
9781461050933
9781456477806
9781456463984
9781456353162
9781453881095
9781453880463
9781453840900
9781453815328
9781453803073
9781453790106
9781453784983
9781453783979
9781453755662
9781453750773
9781453728048
9781453652145
9781453640388
9781453627013
9781453624852
9781452886008
9781452880389
9781452828466
9781452812199
9781451599794
9781451595246
9781451589849
9781451589832
9781451573305
9781451573299
9781451540468
9781451519259
9781450595032
9781450592406
9781450552035
9781450544672
9781450536172
9781450531351
9781450215404
9781449593155
9781449593148
9781449593100
9781449593094
9781449593070
9781449593063
9781449593049
9781449592981
9781449592974
9781449592967
9781449592899
9781449097998
9781449592806
9781449055981
9781448818419
9781448804320
9781448804306
9781448804245
9781444473384
9781441593566
9781441440327
9781441404466
9781440506581
9781440506376
9781440503221
9781440416248
9781435896765
9781435895287
9781435895263
9781435895256
9781435895249
9781435895225
9781435895218
9781435895164
9781435895072
9781435885202
9781435885028
9781435884908
9781435884830
9781435884809
9781434402400
9781433937606
9781430326007
9781429234283
9781413310993
9781406216592
9781406216578
9781406216561
9781404863668
9781404860575
9781291700015
9781173113421
9781148159157
9780984563012
9780984320707
9780983097303
9780982682814
9780982669075
9780982555019
9780979045813
9780979711534
9780978865733
9780977477722
9780956588500
9780956483560
9780853863441
9780829751253
9780806141602
9780805089356
9780752458076
9780802454942
9780740793622
9780670021512
9780615338262
9780557225743
9780520263765
9780373876105
9780313357329
9780224090063
9780345530547
9780195390476
9780142414064
9780061673030
9780071312554
9783426291054
9781602399402
9783525611074
9783060202058
9780470563632
9783899525335
9783937743271
9783932235580
9783936168563
9783938656099
9780691142074
9783525253212
9783120455707
9783941538528
9783858694201
9781884313820
9783920456171
9780615426198
9780982993804
9783722807706
9783898964098
9787561926222
9783941815094
9781861086761
9780747807933
9782810001132
9783613031463
9783942048323
9783867771627
9783898094023
9781770078765
9789722521208
9783781517622
9790204228805
9783801722760
9783064502277
9788497784894
9783723513668
9783417263237
9783888976810
9780764142420
9783898010498
9783875691283
9783899745702
9781566955270
9780878085231
9783936496314
9788493670672
9781849027663
9781429045117
9783866161634
9783940796677
9781594773761
9781590172872
9783940796691
9783981162677
9788392866602
9783834804662
9783937649412
9783531167763
9781846039515
9781420934878
9783702012618
9788860632357
9783850688345
9783941815131
9783839119907
9783868920314
9780593062814
9788872833841
9783060313969
9782090352580
9783570101759
9781848842960
9783867810227
9780897934909
9782221116104
9781607062516
9783839195420
9780816660964
9781414339658
9783593391564
9780794830557
9783932957628
9783423506113
9781844091751
9781905744596
9783772467196
9783781517349
9781845135348
9788420302577
9783811496491
9781416935056
9783842336797
9781851033980
9780955705052
9780091932268
9783894113902
9783937649290
9783825176846
9783703514654
9783453434479
9782804161088
9782742787708
9781441303578
9780061375934
9783437583315
9781846097294
9783866835801
9783150187845
9783897775848
9783793050674
9783896503138
9781450212625
9781848684713
9780470524749
9781554692064
9783293204751
9783937881324
9782070695676
9783839163610
9783765452932
9781844168675
9781594773945
9780300037708
9781936517091
9783351033170
9783767007277
9788484436706
9781933715896
9783421036674
9781848843455
9781592700950
9783407340481
9780691137759
9780740793509
9783836705530
9782205060263
9781847920713
9780745327945
9780764818837
9780739070017
9781453687819
9783834422156
9783865609090
9781849180566
9780486473062
9783938783702
9781604862003
9783830438823
9781905140275
9783770547258
9783871016967
9783940138064
9783518125953
9781606791431
9788895687445
9783765085772
9783131422828
9780982633908
9789757354734
9782203022447
9783941839274
9781584350927
9783527705122
9783981037142
9783850002004
9783761427996
9783765517549
9781427817976
9783875485707
9780071638296
9783924391409
9783446235724
9783789131820
9782206015514
9783839182949
9780300167160
9788804601739
9781426936852
9781593762780
9783842328433
9781426714306
9783867198547
9780778328179
9781897349816
9780876590799
9780756406318
9783482595226
9781840029956
9783725206865
9781847671318
9783866322486
9781933909035
9783897747340
9780801013430
9781846112348
9783120100461
9783037680209
9781439258767
9783275017560
9784770031198
9783121044122
9783868692273
9783507841956
9783706548946
9790203410423
9780061452345
9781841591704
9783482527173
9783830924142
9783866761230
9780486477558
9783942672009
9782851817303
9783867521734
9783865520104
9782916141534
9783867071673
9788831707282
9783060320103
9780897476096
9781855842373
9788466812573
9783939722151
9783868020304
9783060013364
9780140455632
9783942411233
9780137056323
9782700504651
9783899505986
9781553655558
9781590202951
9781453632727
9780091932275
9780061732348
9781770500150
9783839183250
9780753827345
9781414331799
9788860737885
9781580422635
9780745328713
9780194790451
9781595824837
9781849081498
9783836805421
9783522182355
9788360229323
9782723473330
9780307460264
9781591843016
9788853605139
9783836805445
9781603863827
9780767931786
9780470542620
9780007269440
9780415474627
9781847561138
9780765366955
9789774430930
9789707707719
9788817042321
9788806202118
9788806200060
9788804604136
9788484894582
9788483235799
9790043056584
9788467482973
9788466125635
9788420669090
9783886274550
9783869060293
9783867521277
9783867412704
9783833725760
9783314017858
9782747032117
9782709635271
9782203035010
9782070421329
9782070127696
9781936167081
9781935597261
9781932859720
9781928565598
9781907986161
9781907960031
9781907519086
9781905654840
9781894898966
9781889186771
9781849821087
9781848492141
9781848376120
9781847378668
9781847064387
9781845454654
9781840595529
9781617561580
9781617201028
9781613826782
9781612030081
9781609420253
9781602857520
9781598597332
9781595824936
9781586174262
9781582463155
9781578989737
9781493658855
9781551118956
9781453869253
9781453865811
9781453838471
9781453833131
9781453798164
9781453781388
9781453762240
9781453752753
9781453737071
9781453716304
9781453697160
9781453697252
9781452890166
9781452847238
9781452841953
9781451623420
9781451582048
9781451516906
9781451504569
9781451003437
9781450532594
9781441780904
9781440072369
9781439195840
9781438573717
9781438573144
9781438536682
9781438535609
9781435127029
9781434700544
9781423368878
9781420938128
9781416989424
9781409992103
9781407655895
9781408478134
9781407654782
9781407654188
9781407654164
9781407651651
9781407651507
9781407650081
9781407647944
9781407645261
9781407645186
9781407645131
9781407645117
9781407643885
9781407643700
9781407642932
9781407642246
9781407635002
9781407635323
9781407633824
9781407632209
9781407631127
9781407627137
9781407630250
9781407626963
9781407626802
9781407626420
9781407625416
9781407625263
9781407624358
9781407624747
9781407623917
9781407622057
9781407622644
9781407621814
9781407621357
9781407618609
9781407614748
9781407614038
9781407612355
9781407611433
9781407609621
9781407610320
9781407608440
9781407607436
9781407606897
9781401916848
9781400067671
9781162952840
9781162768397
9781147245462
9781116265620
9780984419609
9780979647529
9780976697299
9780976697282
9780800733896
9780800733025
9780785826057
9780771043376
9780763643744
9780751539851
9780752817620
9780749928933
9780733624278
9780615336268
9780606147873
9780593066959
9780552776578
9780547316727
9780520255623
9780547248042
9780451230560
9780425237731
9780312617158
9781847249869
9780307453273
9780307389626
9780307269621
9780241950227
9780231143745
9780132159890
9780061992681
9783437280016
9783839130940
9783411741113
9783374028078
9781423493211
9783894368326
9783836805513
9783887783426
9783708403908
9783702230678
9781849380898
9781409521372
9789186131357
9783866863125
9783842332577
9783839128848
9783839001028
9783830113089
9783556022962
9781884702150
9780762760961
9780521148504
9786082127705
9783893084142
9783871016196
9783869221403
9783868585902
9782081254138
9782070635672
9790006538720
9783862372171
9783866683761
9783839125854
9783839116739
9783836087124
9783833725982
9783760753010
9783406607257
9781898185062
9781439109441
9780863157356
9780856408533
9780813126012
9780765313829
9780310941781
9780099532026
9783125476288
9783939566427
9781784702298
9781841496931
9780755349357
9780470388389
9780330511742
9780141326023
9782745971814
9781908152404
9780810989740
9780857231192
9781602601475
9780575083837
9781848311152
9781841932194
9788496646384
9782211207607
9780448479118
9783955616502
9781402763953
9781414334868
9783837209150
9783894034115
9780739076491
9783589247011
9783895614613
9781935166306
9780674055742
9783855350698
9783140281003
9781841593272
9781906733308
9782226215659
9783873877351
9783869315775
9783593391038
9780738213880
9783927734296
9783125148567
9783940395030
9783866079908
9783933060334
9783458720140
9790004183557
9781847612366
9781846908934
9780899333212
9783438082626
9783940105257
9783980993654
9783473551958
9781453815199
9783411714742
9782351180488
9783896561848
9780573630231
9783440122211
9783785318089
9783869470832
9782846703079
9783802408212
9783827419620
9784805311226
9783791350240
9783785805732
9783938100592
9783867233477
9783895556524
9783257240627
9783899083620
9783896674067
9783570199428
9783936508611
9783464607824
9783437440724
9783640645497
9780759530935
9783642048364
9783737335881
9783540326724
9783791350769
9783312004669
9780752455945
9783723513644
9780345516367
9783895556814
9783899083514
9782070435944
9783890605586
9783934014213
9781592333912
9783905586169
9783786728061
9781554076383
9781442405967
9780330372220
9783796527036
9781599620800
9783800730292
9781537127651
9783492259057
9783896707642
9788853007285
9783941236127
9783938834411
9783170213630
9780470466018
9783882216165
9783890602547
9783789184642
9780316038447
9783125731028
9783193215789
9783038003458
9783033039216
9783944887296
9783499621444
9783864454356
9783931294113
9780262514880
9781932907698
9783941555532
9783795759964
9780061936456
9783491962699
9783640693009
9780745647210
9783899082678
9783613032125
9783706624732
9781906833305
9783125149663
9780785149163
9783785743362
9781430229469
9783869210483
9783834289643
9788375056372
9782290027585
9782266221474
9780739070970
9783125148550
9780739070987
9783866322370
9783831016952
9780007204946
9790043066330
9780573619694
9783940086884
9783940396167
9780802717733
9783126760324
9783834812216
9783486590029
9782100541133
9783813503869
9783940953094
9783941960046
9780007325214
9783930953486
9780226770918
9783808581551
9780226771090
9780226771106
9781570672385
9783531172415
9783125149595
9783453280014
9783942223027
9783761558027
9783257802702
9783928554688
9783765514517
9783869318554
9780194247276
9783640631827
9780593065303
9783060322756
9783834901576
9783640691746
9780470599112
9783826658884
9781423495802
9780785305187
9781570039416
9783902756497
9783596181797
9783936322422
9783625122227
9783790004304
9783640652358
9783923976751
9781849920438
9783831026081
9782253160397
9782012383197
9790043034315
9783264101539
9783640763382
9780804760829
9782203019980
9783640721986
9783640552467
9783640524549
9781848311626
9781600245855
9781858945347
9783942339797
9783193529596
9783642053719
9782800147758
9788467539707
9781848870772
9782752905000
9783830293422
9783941363076
9783825284473
9783293100183
9783940691187
9780861715749
9781608780969
9781456465629
9783865608321
9783437410628
9783765473197
9782853002066
9783417263176
9781423444879
9781847971852
9783831323173
9783868702521
9783640683499
9783570306789
9783931263959
9781408114421
9783981351323
9781578989829
9783832197667
9780316051644
9783923696994
9781844086238
9783446414617
9780739069547
9780060936228
9780764208447
9783941312241
9783940442727
9783866161832
9783706549424
9783866862999
9782700504798
9781590789490
9783981386806
9789751030542
9783865435958
9783876203515
9780002008570
9780573695025
9786058936973
9783781517196
9783867175661
9790201898506
9782848015422
9783442739042
9783791722795
9781846943720
9783779907152
9780785135401
9783839167328
9783837615470
9783640751082
9783640633364
9783830713425
9783865281302
9788424633516
9788424629519
9782070695126
9783551750471
9781934206430
9783000311710
9783837010909
9780194247665
9783854910343
9783640638123
9783831321308
9783867021043
9780744012057
9783640610464
9780700234899
9783865203809
9783933119353
9783874634809
9783129260333
9781416554837
9780099529743
9780061920622
9783589051656
9781898481362
9783929886306
9782749304397
9783784605630
9783899156157
9782940402342
9783280054017
9781408231180
9780001172029
9781926778112
9780473174583
9783170195219
9783869316239
9780825417993
9783850000642
9783259008294
9788466777636
9781844769490
9780739073889
9782723470179
9783941279551
9780634016738
9788821563546
9783828821392
9783518422045
9783772523441
9781849384858
9783866078956
9780670011605
9783830311560
9783839156308
9781934964149
9783640615582
9786054054381
9781582702339
9781847172174
9783990050637
9780573689178
9783440123720
9783942129770
9783867642606
9782356412188
9780446534925
9780826427861
9783832193324
9783640749508
9783640684823
9781931760324
9781933032641
9788882667122
9780825412035
9783830436966
9780300166286
9783866751354
9781536882841
9783640582778
9780897935555
9783218008167
9782906090972
9783642128394
9781449084059
9780199591640
9781592293292
9783941279643
9780014072484
9783839138731
9782205063080
9783534601202
9783894253738
9782081220355
9781615798292
9782700504774
9781844552450
9783834401342
9788815137821
9783941236189
9783865607980
9783850261951
9788850221707
9781430305255
9783940908063
9783482512148
9783850334242
9783000329548
9783629022509
9780061886577
9783888976780
9783942175029
9783125731011
9783899535624
9788424633530
9780452296008
9783522182225
9781897178836
9781421532400
9781974492619
9782749305172
9780752883991
9783856164355
9781609420697
9783640544974
9788484435877
9783941462236
9780521465915
9783939828310
9782845901483
9783905513516
9781607062677
9781592858491
9780747599777
9783868732665
9783190019151
9781433807886
9781851687435
9781594484858
9783126231572
9780715339152
9783865609076
9783437422379
9780500515020
9783466345472
9783415044999
9783981344509
9783060649396
9780811875349
9783893341603
9783492291958
9783899037005
9783850005210
9783869570723
9783941973060
9782011557988
9783426283066
9781840595482
9783125617520
9780801448713
9783764924980
9783899012361
9780007398553
9781770492349
9780330518383
9780194597388
9783938157794
9783929338584
9780756668839
9780557612314
9783941531345
9780984223916
9781857094404
9780715638644
9780385529945
9781590306741
9780199543335
9783941004146
9783801721718
9780691142654
9783795745073
9780709092162
9780199575268
9783190099047
9780915117192
9780300756937
9783525452028
9783928089517
9781452868561
9780691145860
9783898764896
9783931095802
9783701715633
9781449927936
9783531176697
9783507469747
9783899012408
9788883622199
9781408115527
9783897941588
9783838832388
9781593272074
9783643900494
9783640593194
9781576841815
9789607914163
9780071267687
9790012199533
9781163011171
9781163011195
9780231150538
9783981023213
9781906948108
9783406607240
9783885069768
9783941637023
9781450537971
9783861104742
9783866451377
9781617740930
9780521547871
9781453258309
9783897024298
9780231135955
9783859326446
9788184935950
9780521743013
9780199567249
9780060089085
9783894384326
9783791370231
9781904881216
9781412718264
9781450804066
9783866591592
9783170210981
9788863111675
9781578989324
9780199297221
9781604190311
9780719568992
9783894057749
9783700211334
9783882073935
9781847444035
9782873885212
9780521147651
9780307469076
9781453671771
9788771140163
9781607660026
9783941118355
9788401337550
9780764334252
9783938698365
9780899974910
9781450712972
9780719569722
9781877462597
9783942048118
9782841115112
9781846553547
9781163016909
9781163072967
9781935216216
9781421523460
9789043134071
9782818501009
9780486474533
9780224089579
9783406603426
9780307741226
9780800794811
9781163062555
9780954396121
9781163054055
9780745962313
9780545138772
9781616080716
9780838935941
9781591202684
9790043003595
9781423472674
9781857094848
9781846943898
9780759530874
9780691145891
9789524983600
9780765326058
9781163000649
9783866184800
9781433314292
9781849027281
9781846041860
9781576603598
9783981206234
9783639072686
9780373651405
9780521796279
9781905492169
9783129291320
9784533013584
9780691135625
9781169829640
9783869360959
9783775152266
9781921372742
9781907122033
9783868812114
9780521683463
9783942339353
9781599219455
9780800733216
9781435460911
9788878460416
9788860615503
9788830420373
9788466793155
9788361421313
9788189999247
9784062162999
9783834922021
9783708306834
9782737350597
9782350788760
9782221114018
9781936709007
9781935814009
9781907727191
9781907256684
9781897093634
9781897093597
9781851687756
9781849026741
9781848311923
9781615990078
9781611040029
9781605126067
9781605125985
9781605126050
9781605125923
9780736924030
9781599906690
9781591148944
9781597266369
9781590586044
9781586173951
9781557837202
9781551683539
9781460965238
9781454622864
9781453893425
9781453638453
9781452874395
9781451013948
9781450594424
9781450545099
9781450267878
9781449990732
9781445507828
9781442305038
9781441878038
9781441740090
9781440486296
9781440098819
9781419961199
9781414335902
9781410423788
9781410428233
9781410422002
9781409979050
9781409935568
9781408816929
9781408808863
9781407655314
9781407653648
9781407651682
9781407645230
9781407644684
9781407644653
9781407644271
9781407641607
9781407640990
9781407640853
9781407634685
9781407628141
9781407630663
9781407627359
9781407626840
9781407625256
9781407622378
9781407622224
9781407621449
9781407619279
9781407616780
9781407617848
9781407615172
9781407611976
9781407609447
9781407608983
9781407608822
9781407607931
9781407607559
9781400169412
9781166174774
9781173105853
9781163638057
9781163066461
9781147844603
9780970807557
9780834124950
9780802144591
9780758238450
9780752454047
9780692978115
9780691147116
9780470505823
9780375966699
9780330518888
9780321751386
9780312625061
9780307475763
9780300164282
9780263235548
9780263211863
9780230711389
9780195165210
9780194645027
9780141048819
9780061859298
9780061133978
9780007353545
9783791029238
9783440124079
9783709101377
9783942179027
9783582047878
9783779922810
9783802975097
9783645650106
9783898796156
9783902494443
9781568988849
9780785820093
9783939623212
9783939375852
9783926621856
9783507407947
9790006539802
9783374028085
9783503124510
9782205056624
9781602552869
9781495013003
9781477467374
9780759531147
9780545117159
9780470972519
9780470596326
9780199563128
9783356018318
9788447371686
9783866481886
9782210989757
9782211219105
9783788625542
9782746976511
9780615928302
9783764170226
9781472210678
9783943787351
9783958023017
9780571298938
9782864246732
9783826422317
9783714302639
9783440143247
9783944731124
9783766363107
9790014009984
9790577082974
9780061983863
9790006533510
9790060120244
9783522182904
9780874254884
9780874256093
9781907411090
9788377586259
9788328009615
9787100106597
9783956451683
9783950385663
9783944836157
9783944045061
9783943569063
9783906120195
9783862334001
9783789350832
9783038270010
9783038080053
9783000461606
9782501096638
9782370560001
9782302037205
9782278079438
9782266229906
9781603201421
9781505439816
9781505299205
9781500522162
9781495389863
9781455523924
9781293470909
9781250043573
9780996444477
9780874254211
9780670024636
9780414031708
9780316227247
9780224097956
9790010357201
9780099554141
9783831018062
9783945372340
9790043010531
9790043075998
9783955401368
9781500635824
9783868835007
9783629110831
9789992409657
9789953879710
9789944254236
9789953879017
9789944188319
9789944109963
9789892402635
9789881932112
9790231102598
9783894275006
9790230364751
9783735761828
9783760009865
9782070458387
9782013982009
9781935070078
9781781999950
9782218957024
9781501020261
9783896736703
9789771423874
9789759962555
9789759934071
9789759934057
9789759934040
9789759056810
9789759019624
9789757734536
9789757734376
9789756709887
9789756278475
9789755991238
9789754347166
9789752306547
9789700758725
9789639183643
9783868719055
9783842100435
9783865743657
9789606655715
9789588294537
9789584516701
9789524984331
9789562012829
9789524984096
9789524983945
9789380154466
9789380154398
9789380028255
9789350290118
9789291391561
9789197918800
9789079142057
9789077179048
9789056913038
9783379201285
9789056623289
9789044727630
9789037475623
9789023458487
9789021803623
9789002215148
9788896991060
9788896665046
9788896561072
9788889772492
9788888910864
9788889613986
9788887307917
9788884515599
9788882845964
9788881178032
9788880573661
9788877992703
9788876418938
9788874663194
9788874026166
9788857500850
9788856600155
9781500101107
9783981213096
9788850221356
9788850220854
9788850220748
9788850219452
9788850200672
9788841862377
9788841862070
9788831706117
9788831538824
9788817039055
9788811679608
9788811666196
9788811368786
9788811363507
9788808162625
9788804600541
9788799214778
9788771140385
9788499270357
9788499210476
9788499210216
9788499134444
9788498730814
9788498682267
9788498426342
9788498423754
9788498421781
9788497765985
9782753008243
9782745963543
9781408237175
9783981347159
9783837104547
9781935618256
9780767920827
9780984470006
9783894368432
9781444910940
9783932855160
9781590308066
9783886612475
9783839190265
9781935166337
9780956188618
9783792000656
9783860996331
9783064502451
9783869101651
9781586488130
9783942085014
9783837011685
9788853010384
9783867830355
9780739069745
9783770433391
9783935197960
9783502194682
9780618494170
9781423480433
9788478087211
9780470584774
9790215202979
9783925524615
9780415779203
9780701181130
9782818500712
9780375838989
9783828989870
9783935719650
9783456848952
9783033022713
9783940069832
9783834331700
9781421529202
9780143106081
9786059828499
9781594773495
9783830332459
9780232528473
9783942208246
9783772462825
9783715206035
9781849385602
9790043048374
9782842713935
9781849084000
9781596382015
9780830833504
9780307459497
9783936000849
9781408812815
9780194237802
9783800074754
9788120340503
9781855323469
9783170205666
9780307460738
9783150187111
9781854378811
9783830332329
9781414315911
9780061452055
9783831717408
9783551517289
9783762702887
9788872833711
9780192755643
9781857095005
9783800543311
9783466308811
9780307357274
9780071289276
9783205783794
9782081246911
9783507045279
9783895393945
9783831711789
9783470596310
9783446421882
9783360021038
9789756329702
9783940525048
9780043075265
9783886173167
9780980930283
9783643109484
9783869330372
9783897475991
9783868007152
9783827329264
9788420674292
9780199543687
9782211200745
9783791722719
9783531174631
9781409138419
9783866806481
9780123749215
9781905806393
9783831722402
9783906347790
9783527505234
9780231151573
9780538751346
9783854581598
9780521795388
9788484703648
9781440084027
9783446416550
9783936200034
9781846035135
9783892514138
9783794152315
9781849027335
9783981396713
9783866807006
9782211203647
9781444901641
9783934333420
9781770460324
9781844848171
9782914817684
9781440503191
9785699433162
9780071637992
9783865607652
9783853786529
9781440208249
9783060008698
9788845251702
9783920034423
9783941800007
9783941236233
9783170208384
9783839181768
9780981448985
9782203035898
9780330510516
9783797312389
9782718608150
9780571253418
9783642138096
9780615345512
9781843546139
9781439191996
9780099534471
9789461957733
9780981759746
9781558616622
9780465009497
9780071749206
9783839132128
9783781517806
9780470344040
9780674045545
9781848853607
9789089896124
9783981470833
9783980780650
9783956830709
9783950368314
9783956330223
9783945195390
9783944821139
9783943168686
9783941725300
9783931951955
9783925680335
9783905744439
9783902900227
9783869292649
9783866870956
9783865816771
9783854097327
9783738603163
9783737502887
9783735799883
9783735791405
9783625139263
9783455381443
9783083350149
9783000454400
9783000289972
9782818926161
9782747051507
9782729890889
9782353290680
9782330027414
9783943760835
9783873364370
9783837212600
9783837212327
9782822600606
9782110098184
9782215141754
9782092549605
9782081329898
9782070661367
9781771481670
9781502901149
9781502773791
9781500851248
9781500419189
9781499696042
9781494962937
9781476714356
9780987585301
9780500573723
9782253166917
9782012035997
9781780041148
9781934463604
9781482727371
9781444189100
9783896804167
9783491401679
9783941493483
9783834919052
9781147523669
9781292000008
9780793837991
9780764820472
9783868710106
9781111054137
9780575084483
9780061997778
9783642050770
9783637008755
9781905744602
9780760339046
9780307463494
9780060724863
9781421537245
9780330507660
9781846042379
9783847694595
9781601425973
9783934637740
9789963524693
9782012043435
9781502901002
9783724519669
9783000453540
9788860615893
9788499083230
9788498382907
9783833413001
9783629110541
9783570224533
9783460267398
9783869845210
9782754058346
9780070457225
9785699390397
9783860579107
9782818500934
9782226217387
9782081238404
9782211200257
9781935785330
9781861712974
9781846881114
9781844486144
9781841498218
9781617040207
9781615239504
9781605126043
9781605126029
9781605125831
9781602859401
9781602856851
9781598530858
9781591280590
9781590203552
9781590173497
9781453834275
9781453200148
9781452871806
9781451554458
9781450769600
9781450563826
9781450222006
9781440089077
9781440077821
9781438537467
9781433226083
9781428291935
9781416550822
9781410430854
9781410425157
9781410425263
9781407649054
9781407625461
9781407625386
9781407623443
9781407620497
9781407620695
9781407611877
9781407609546
9781406857832
9781402778933
9781400169894
9781400166817
9781172225958
9781166567309
9781400166732
9780982000908
9780920256626
9780830834556
9780823423453
9780805091212
9780801476846
9780763648626
9780749909420
9780739377703
9780749909369
9780615351896
9780520267138
9780486473109
9780470496510
9780425237182
9780385670296
9780385517928
9780373527694
9780316041232
9780307455161
9780310718192
9780307357892
9780231701044
9780198329985
9780198329909
9780198329862
9780136109822
9780076581757
9780062066459
9780062064875
9780062002532
9780061960598
9780061773952
9780007341184
9780007141760
9783765514630
9781576875490
9781408800829
9783868491647
9783941902558
9783831015580
9783788813406
9783938358702
9783932916472
9783899446043
9783852722085
9783833725555
9783808533970
9783000321887
9780194247061
9782818500958
9780194129572
9789810867775
9789752697928
9783839166697
9783832940294
9781453666715
9781412976503
9780521763264
9780521171342
9781409383000
9780007345328
9780736426381
9780431082592
9781444110548
9780451412782
9789264200999
9788880722267
9788484898498
9788408127307
9783943043655
9783981660500
9783902901408
9783899749564
9783862161812
9783766721242
9783519024729
9783503154333
9782918413394
9782848019758
9782757845806
9782757307649
9780758238559
9780061671340
9790204705481
9781627840347
9781505542844
9781499315608
9780857209542
9780854129270
9788374375405
9783981693935
9787301170106
9783954526505
9783867664684
9787301170151
9790043057413
9783551740724
9781530525676
9790043073499
9783312006328
9790043076483
9790043052845
9790043086031
9790043039235
9780751543346
9780147513731
9790043051602
9790043056621
9790043059707
9783857874512
9789944717557
9789898389800
9789896970123
9789896890674
9789812617590
9789812617460
9789812458384
9789812457141
9790230351317
9789788373391
9789780865849
9789759161477
9789757200727
9789750711343
9789706274304
9789639183636
9789501127249
9789501127218
9789460333484
9789380592251
9789380494005
9789380154381
9789079761449
9789088501319
9789059326552
9789058218148
9789055947195
9789056913205
9789044126365
9789044113785
9789043020510
9789030646358
9789001805777
9789001804992
9788962370782
9788896742266
9788896105368
9788895604060
9788882666408
9788895009070
9788881587872
9788877946935
9788878741799
9788873941538
9788873715962
9788873074656
9788865060032
9788863310658
9788862760409
9788862124522
9788862291002
9788861757684
9788861235830
9788860737922
9788860616395
9788857302522
9788856605730
9788851407445
9788854123403
9788850700516
9788850221790
9788850329762
9788847014176
9788834715949
9788811693338
9788817038560
9788806201609
9788806200756
9788804599203
9788790199371
9788804599029
9788499490144
9788499211183
9788499151045
9788499210698
9788499151021
9788499151014
9788499133164
9788499131948
9788498750577
9788498741391
9788498741407
9788498741384
9788498652536
9788498422139
9788498255539
9788498053975
9788497838412
9788497006149
9788496976511
9788496775688
9788496675520
9788496646551
9788496646476
9788495345837
9788495311542
9788495311535
9788493510282
9788492880072
9788492813315
9788492560400
9788492617463
9788483430590
9788483533161
9788480562973
9788479718053
9788478844579
9788478087419
9788478087129
9788478086900
9788471484574
9788471484550
9788471484536
9788471484512
9788467901573
9788467540659
9788467540628
9788466812603
9788466217248
9788461385997
9788447921355
9788447920136
9788447920105
9788434228177
9788430562091
9788430566761
9788429318760
9788428536950
9788426373816
9788421684245
9788421683736
9788420664194
9788415089087
9788408090984
9788408091042
9788408090946
9788408090892
9788408090847
9788408090793
9788408090175
9788392935711
9788389933515
9788377160404
9788375562354
9788375064353
9788375062991
9788374375818
9783839145890
9783852722238
9783940503954
9783902114860
9783938071830
9780956606600
9781564990631
9781591202608
9783763943883
9783762703860
9780465019779
9783828823013
9783980480956
9781423429616
9783808569764
9783835582484
9780393338966
9783705882904
9783795707118
9789046902332
9782813200853
9781906387785
9783778259504
9783941758520
9782873174422
9782809650969
9782756055411
9782747050296
9782710126485
9782700248364
9782278059393
9782244407371
9782234070998
9782211217248
9782013944090
9782011622938
9782012385528
9781590307298
9783936973525
9783060241675
9781505457810
9783836521628
9783882215342
9783868690576
9788895178813
9781293478875
9780764142925
9783942187015
9780974399089
9781590308851
9783412205997
9780071477420
9781565232365
9780470654491
9781616382155
9783453701472
9789750805882
9780984486304
9781848682627
9783866450929
9783942257466
9783865685407
9783746626574
9780557564088
9780854872169
9781603781251
9780778733478
9788467540956
9781426926167
9788170587743
9783871544330
9781601423191
9781590307700
9783866078482
9780452296671
9782811103231
9783937973876
9781445415598
9783466368938
9781569476529
9783862530014
9783440125458
9783869740447
9782866426033
9780061855887
9788884194541
9783127005622
9781408218327
9783869313535
9781859837825
9781405208147
9780545147132
9783833725623
9783466368792
9784861520730
9783530506082
9783897679429
9780521646079
9780061778179
9783060241682
9780745330426
9780199581917
9780137060887
9780521156011
9782923163628
9783421038272
9783950270150
9788493776725
9783470598727
9780982258514
9788843055852
9781416586296
9781590213506
9783868714388
9788845265976
9780936878294
9783800158942
9780470599129
9781609576875
9783868410327
9781906784218
9780756406271
9780486477039
9781841498430
9781453865347
9781554078042
9780195373059
9780547392639
9781439039618
9783981299120
9780739073209
9783896397379
9780812696837
9781605093512
9780375859847
9783882215465
9788841862186
9781880756171
9781450543651
9788426137999
9783842331976
9788843052677
9783141921656
9783990250211
9782800144696
9783937744056
9780310285465
9780573110672
9780040416900
9781408127728
9781904271611
9780867197396
9780982048023
9781846034596
9780525951889
9780982626900
9782841975310
9781592405534
9783462046779
9783866329522
9783060325313
9780811705264
9788496981881
9783406566448
9781939130648
9780745953793
9781505479522
9783897574397
9781604599541
9781456358969
9789076161150
9780393075960
9783869229690
9781847393708
9781609421489
9780375863400
9789068685626
9781590585733
9783812512848
9783861361510
9781935814184
9781627980081
9783888976933
9780263902280
9783827245366
9783794173129
9780380807345
9782266219686
9791028000004
9783990386095
9783981672541
9783981552270
9783908142607
9783864850622
9782842183493
9782841867226
9782840646273
9782351555811
9782343030722
9782280308052
9782297039789
9782204102124
9782067197220
9782035878977
9781908152022
9781782490913
9781500780012
9781444798227
9780857329394
9780736432405
9780007940875
9789707753624
9789038894058
9788841863268
9788499083957
9788467190991
9783868040920
9783865203786
9783438042675
9782915347784
9782702904053
9782258075658
9782092785096
9781936041411
9781906868086
9781933517476
9781848270886
9781613826058
9781609420956
9781608320400
9781605899404
9781605898919
9781605898735
9781605898612
9781605898520
9781605897769
9781605896922
9781605896113
9781605895703
9781605895505
9781605894997
9781605894928
9781605894836
9781605894300
9781605893778
9781605894263
9781605893730
9781605893655
9781604597028
9781604508109
9781602859234
9781602839946
9781479361342
9781479293162
9781456489892
9781453786468
9781452868714
9781451008579
9781444450262
9781440065682
9781440039959
9781438537429
9781439109489
9781438535692
9781438534800
9781438534633
9781438534350
9781423483137
9781410425607
9781406855739
9781406854985
9781162773100
9781140876557
9781162674445
9780980878905
9780830755790
9780812980240
9780794528195
9780758255624
9780758259981
9780758241382
9780753826843
9780753187302
9780749942809
9780749942915
9780545050562
9780525422105
9780521290869
9780375960093
9780330513937
9780307390899
9780312646967
9780307387929
9780307270184
9780281059287
9780263211900
9780241144756
9780198329800
9780061537202
9783938094846
9783897215566
9788292809037
9783940777133
9783941064188
9783930699681
9783899861396
9783899445985
9783761623688
9783897413078
9783422070448
9781593597788
9781571209405
9780230228078
9788843055845
9783868056877
9783839171707
9783775726504
9783837920338
9783763942480
9783427050285
9783701715572
9782278062010
9782253127611
9781847677761
9781840029321
9781575423159
9781401921903
9780470618349
9780470547991
9788467191059
9783737351171
9783426513491
9783473434343
9783404260867
9788467180299
9783896438270
9780606148313
9780431009599
9783848510627
9783831023035
9783896805874
9782035901972
9783981680928
9783894047986
9790230300087
9790230300513
9780715337813
9786055420963
9791090015005
9782280215145
9783464612163
9782915732702
9790043910985
9782012206076
9782012042247
9781939559326
9790043040774
9781495976841
9780857533326
9790043084143
9789953312965
9789944757331
9789881919557
9789756640067
9789756223093
9789754689174
9789754100501
9789752820241
9789751029126
9789750174308
9789685275330
9789750507489
9790230320764
9783868719086
9783840129322
9789524983334
9789524982818
9789351361510
9789252057635
9789081597517
9789079761487
9789054839422
9789051161441
9789051161458
9789048191949
9789024401048
9788895703282
9788960511194
9788895577678
9788888448589
9788884101617
9788884661852
9788887178913
9788882127442
9788882667092
9788881587681
9788879408691
9788879403955
9788879069489
9788878874404
9788874303618
9788874302772
9788865410721
9788865080108
9788864120461
9788863310856
9788862570480
9788862123860
9788863310542
9788861882058
9788861241725
9788861123052
9788861123045
9788860632838
9788857301334
9788856901467
9788853605368
9788853605153
9788852602238
9788847624542
9788850222155
9788843055890
9783990130360
9788843055869
9788843055838
9788843055159
9788843055135
9788843054398
9788843054381
9788843054374
9788843054367
9788843054336
9788843053445
9788843053438
9788843053421
9788843053414
9788843053407
9788843053391
9788843053384
9788843052660
9788843052684
9788843052653
9788841862544
9788841862537
9788839908445
9788836618897
9788838901904
9788831538497
9788831537902
9788826160313
9788817043656
9788817012553
9788806202705
9788806202262
9788804597131
9788771140668
9788499500027
9788771140453
9788499380278
9788499322285
9788499151038
9788498741421
9788498432602
9788498426601
9788498425826
9788498421231
9788498054200
9788498014686
9788498014679
9788497842075
9788497842051
9788497006262
9788496735545
9788497166645
9788496597983
9788496669574
9788493783938
9788493775179
9788493742911
9788493721176
9788493707583
9788492946181
9788492913350
9788492907861
9788492813322
9788492813148
9788492736034
9788492735167
9788492593521
9788492560585
9788486870065
9788485895427
9788484783336
9788484725190
9788484453161
9788483635384
9788483579916
9788483532553
9788483532188
9788483431177
9788483430965
9783464205303
9783802408182
9783801721442
9783464220146
9783866328990
9788872833728
9783866322127
9783766840752
9783828028470
9780811875554
9783902667199
9783784120010
9783837103120
9783941973039
9790043086185
9781852845711
9783527706105
9783941815261
9781401227319
9788817044356
9783890602349
9783833725326
9783833726323
9780805446821
9780316077330
9780465020232
9781591799115
9783608946543
9783937233550
9783125369061
9783868510157
9783932554421
9783800158652
9783129292976
9783898594257
9780887849718
9783897932401
9783834006608
9783815792537
9783865434401
9783518125748
9783643108371
9781401228804
9783866481367
9783937797120
9783866784031
9783939373438
9783939570707
9781405351782
9781902163253
9780300164442
9780814414941
9783830708568
9783831016808
9783794152421
9788498791723
9783905795127
9782213633800
9783941239456
9783941737167
9781435483668
9783866460515
9783706624268
9783832192778
9781607051794
9781439172100
9788408089391
9781424027965
9781847740083
9783403046721
9788441404076
9788497639040
9780876120385
9783110227819
9783800074785
9783854526674
9788876181719
9789506026127
9783894725549
9783939080442
9782361720001
9783527505173
9780801038877
9780553386523
9783763263127
9783850334372
9781899579914
9780738719979
9788853605252
9788498723533
9788498723588
9780007354696
9783941099333
9788842092278
9780691139951
9786071601063
9780470525746
9788361421221
9780262514163
9780811706780
9780982026212
9780547243078
9780984303618
9781844485376
9783868508093
9783767007161
9783981317367
9788498723144
9783866710788
9781615640201
9783865665041
9781574242522
9783942396028
9783772527050
9781405509121
9781607851981
9780552777124
9783902647344
9788498775235
9780299235000
9783551756657
9788432248221
9789380227580
9783867360937
9783763025770
9781559393508
9781557256942
9783060088294
9781576811139
9783866079885
9783861898368
9788184951646
9781582406244
9788426138163
9781742674339
9781423492450
9780007378906
9783980940597
9783898995986
9788498413656
9781432766511
9783882215335
9780615386607
9783852861883
9781935493112
9781844009152
9780763644536
9783932235443
9783833220555
9783980406178
9780879103712
9782862276564
9788484453062
9783883093871
9783463405612
9783821861159
9783456848600
9788308044902
9788850218165
9783589230761
9780385532358
9780981043326
9783830517719
9781848568419
9780224083348
9783766613745
9783833726637
9781855842397
9781594487897
9788497889582
9783765477416
9781904614890
9786055961244
9781600619700
9780199232109
9788425222061
9781453833858
9783000327773
9788882914462
9780374532727
9786055629199
9783314017353
9785699402885
9790043057741
9781848842045
9780573611971
9788427131620
9780781782043
9782918597179
9788493359959
9781585428472
9783141120400
9790043031659
9781907355219
9783000108822
9788845264023
9788467701586
9782350880358
9783866323070
9780486661582
9780859791229
9781846551468
9790043074939
9780804840132
9780785826712
9780755123803
9783868850949
9780312429386
9780262514101
9781444756739
9788850222636
9788842094838
9788834015773
9788830425811
9788817028462
9788806201128
9788499531526
9788499301792
9788497349130
9788497349109
9788496595200
9788493784508
9788493736323
9788492805372
9788492805457
9788492805341
9788467703856
9788467033298
9788432228667
9788448926489
9788420664095
9788376590479
9788376483399
9788375105049
9783830311553
9783497021758
9782811203405
9782749911809
9782714449818
9782700237702
9782355500756
9782351050675
9782035851222
9781935785583
9781906842024
9781905304318
9781848325883
9781842327852
9781616460143
9781605899565
9781605899244
9781605898131
9781605897653
9781605897295
9781605896809
9781605894713
9781605894539
9781605893402
9781605892948
9781605892696
9781605891835
9781605891637
9781605891316
9781605890319
9780752890685
9781605126173
9781605126111
9781605126098
9781597495516
9781582435824
9781578989096
9781567921403
9781554076642
9781453896266
9781453688908
9781451540864
9781451014181
9781450576710
9781450530866
9781450528726
9781450528559
9781450522991
9781450522571
9781450517263
9781450510721
9781450515405
9781450510196
9781450509626
9781449996222
9781449995881
9781449987374
9781449987008
9781449986001
9781449985271
9781449982164
9781445507552
9781445201801
9781441856364
9781441842732
9781441762955
9781439190180
9781438535432
9781430232674
9781410432919
9781410427526
9781410425843
9781409281382
9781408486511
9781408114391
9781406857795
9781406857559
9781406856859
9781406855081
9781406854565
9781406854459
9781164870838
9781163202531
9780984567829
9781152565579
9780984517305
9780825426568
9780814414781
9780805092820
9780800725006
9780788021275
9780763648589
9780762756599
9780753827468
9780739377772
9780739377451
9780606147392
9780571250899
9780557021635
9780547336084
9780521767927
9780521122962
9780399156526
9780385737036
9780385613446
9780312944148
9780312608088
9780312580742
9780252035449
9780217461535
9781849430807
9781849201025
9783854910756
9783831016983
9783407859150
9782035849830
9783902552785
9783834207487
9780735651593
9788853605566
9788853605221
9788493750183
9788853010407
9782355923531
9782290040591
9788484504559
9783825813420
9783935078443
9783784120065
9783406601941
9783190219148
9781844484249
9781433669316
9781423495154
9781423495017
9780571222629
9780262515184
9780615737256
9780615736846
9790706393100
9790706393087
9780486477510
9780099595151
9783784034171
9783468232329
9781848366039
9782258080454
9783406662324
9781897533413
9780606069663
9788438701515
9780976615644
9781848797178
9790231102475
9780141192840
9780763645045
9781408824856
9781452845968
9783899012378
9790043066101
9790043076391
9790043069423
9790043036326
9790043049500
9790043031093
9790043036999
9790043068907
9790043072089
9790043073628
9790043057420
9790043044109
9790043016984
9790043073963
9790043075691
9790043081210
9790043021636
9789972404498
9789991630779
9789968636025
9789956792603
9790231102819
9790230329125
9790230361064
9789953879185
9789898260710
9789944917148
9789812616586
9789810868888
9789774164149
9789796877676
9789759038519
9789752894587
9789731997360
9789722521918
9789707830448
9789501731545
9789460915017
9789460335341
9789460335327
9789380283784
9789211514599
9789055448029
9789056627188
9788897011026
9789025745684
9788896991169
9788896991121
9788896665107
9788896561096
9788896457078
9788896378144
9788896215081
9788896130162
9788896130124
9788896064283
9788895928357
9788895842547
9788895799360
9788895565330
9788895458182
9788895437392
9788895161228
9788895031545
9788890356346
9788889971659
9788889934852
9788889934821
9788889930090
9788889808696
9788889793282
9788889667170
9788889684313
9788889602911
9788889602829
9788889446645
9788889312759
9788889273067
9788889113509
9788889025918
9788888996646
9788888996653
9788888898261
9788888789941
9788888789927
9788888789873
9788884591609
9788884206152
9788884194602
9788883622090
9788883475313
9788883475290
9788883429187
9788883428814
9788883405037
9788882273095
9788882273088
9788881175383
9788880740766
9788880399124
9788879805186
9788878781856
9788877874528
9788876091674
9788876091636
9788876062605
9788875493042
9788874336937
9788874752089
9788874336128
9788874333325
9788874333158
9788874303557
9788874026401
9788873891048
9788873133063
9788873132776
9788872833834
9788873074625
9788872553602
9788871864747
9788872183045
9788871685335
9788871864594
9788871864402
9788871052809
9788870167948
9788865410257
9788865120163
9788864910123
9788864660295
9788862592512
9788864290348
9788862570763
9788862020800
9788862020794
9788862020770
9788861882041
9788861594142
9788861458550
9788861297968
9788861100176
9788860818089
9788860817662
9788860406385
9788857501949
9788857500362
9788856611786
9788856606232
9788856502299
9788856400939
9788855607032
9788854405653
9788854118829
9788853605320
9788853605306
9788853605290
9788853009364
9788851720698
9788851717933
9788851408510
9788850702466
9788850700608
9788850221639
9788850220380
9788848810784
9788848810098
9788845925184
9788845611421
9788845276941
9788845265921
9788844038199
9788842816577
9788842094432
9788842094494
9788842093831
9788842093381
9788842093237
9788842055105
9788839931146
9788838487972
9788838240607
9788835990109
9788834716182
9788831538862
9788831537896
9788831539241
9788831537599
9788831537056
9788831535625
9788830810952
9788830810945
9788830810433
9788830810280
9788825025606
9788821569210
9788821567100
9788821566028
9783451302695
9788821553967
9788821307447
9788817045773
9788817040761
9788817029483
9788815137449
9788811681601
9788811368120
9788810820728
9788810510957
9788810140598
9788809750593
9788807921469
9788807172007
9788807018077
9788807018299
9788806208707
9788806203726
9788804603382
9788804602422
9788804595861
9788801044942
9788575426203
9788499820378
9788499590028
9788499482583
9788499482217
9788499481654
9783150186527
9783491501072
9788499480800
9788499472065
9788499401058
9788499400952
9788499400709
9788499322650
9788499321691
9788499321417
9788499321165
9788499302225
9788499302027
9788499301686
9788499301389
9788499300580
9788499280912
9783939570882
9783737360296
9783867020909
9783766178633
9783596854172
9783827418289
9780691150505
9783843409322
9782844661609
9788879268264
9783866710887
9783804566637
9783866322165
9783935175616
9783937537184
9783866323391
9780014008124
9783866323094
9783170212169
9783618680383
9782953231847
9783869291772
9783772518324
9781848492561
9783937444567
9783437261534
9781414334158
9780060835217
9781933665467
9783825233570
9783839890950
9782266203593
9781906320096
9781423495239
9784770030542
9783941239432
9780738213583
9783941973015
9783417261066
9783275017539
9783940864598
9780307741103
9783769252880
9780887849701
9783899012354
9783531173108
9783351041199
9783570198476
9783837613483
9783941683051
9781605490281
9783417263480
9783065203395
9783784350707
9783935175623
9783060618965
9783869210513
9780470665541
9783795706975
9781559393539
9781605981307
9781841262543
9783902406200
9783426875100
9783933041913
9782882502353
9783865665058
9783608939224
9788879268493
9783518295489
9783836805391
9783150107850
9783868690026
9783766613561
9783775726948
9783941902619
9783900149109
9783506770288
9781934206386
9783867440820
9782070131037
9788484435648
9780393925340
9781880226667
9780734610867
9783794181025
9781426205330
9781936113118
9781851033997
9783060322763
9781844769155
9780747807810
9783942449106
9781844484638
9783762702870
9780099552048
9780970526717
9783867172912
9790201300306
9780194646000
9783940938961
9781452879819
9781406309140
9780007172887
9782081245648
9783932755156
9780307885135
9780061968570
9783869291574
9783060088300
9781599219660
9780736929981
9783937025605
9781423483885
9783934715066
9781845842543
9780547386065
9783940319432
9781564786104
9780849945090
9781422129746
9789587370416
9783775726153
9781600616693
9781851687329
9781439840221
9782844853622
9783830473169
9783842328013
9782708968974
9783871016226
9782356140272
9781453697641
9781849180375
9783783134315
9783440122310
9781603781190
9783795423667
9782070435937
9780345517371
9783800112470
9780143118183
9781904808459
9783821863337
9780863157318
9780829428612
9783942085090
9783941555631
9780571534074
9781408304587
9783770161591
9781933929965
9781423458098
9781427642295
9788811694380
9781907652738
9783406605154
9783942064002
9783930510382
9780761455264
9780747807803
9780723265344
9781934941782
9781423483168
9783518260302
9780194643825
9783893269631
9783869302256
9783941279063
9783803033444
9782883538375
9783837094046
9780521285421
9783866901674
9781450513340
9783769112627
9782754016285
9783839176191
9781594153518
9783941815407
9783831719907
9781566568333
9788884042163
9783127001822
9780715638248
9781602397057
9788492729067
9783905871166
9783060097685
9780803228153
9781848565067
9781935493167
9781905192687
9781602397323
9783869019475
9788322407660
9782904407475
9783981329117
9783407255396
9783766613936
9783140462723
9788190754682
9783825284206
9782753511941
9781848840539
9783831322954
9781603290784
9780738721873
9783874883245
9781906497736
9780571534678
9783760744520
9781408140079
9780486475028
9782918579045
9780755318773
9780199568178
9788883622236
9781456436360
9781451524956
9783942164016
9780670011148
9780545124119
9780895551511
9780071664660
9783060129737
9781412975414
9783936511796
9781564785541
9789812618566
9781453814451
9783896709332
9783866329904
9780312554002
9783060088966
9781578051755
9781433808906
9780310671558
9780061732843
9782262034313
9790043028567
9782262034306
9780557586707
9783941247291
9781841549750
9780007318520
9780702033735
9783898193337
9781902512150
9780007301171
9781409103592
9783492267410
9783839850046
9780007354672
9783867175937
9783828997851
9783222132940
9781844168835
9783800640621
9781936383146
9781844168194
9780553840889
9780465020379
9783110221022
9781846572470
9781846971525
9781590788066
9781416526087
9780521559539
9783453602335
9781921288371
9780495601500
9781408805961
9780785135296
9790008000287
9780425234129
9788817038621
9781844256860
9783466369164
9781402237010
9783629130174
9780273725565
9788809611498
9788804604716
9788499181011
9788492769391
9788415177029
9788184823998
9786074212594
9783866684140
9782356412652
9781936041725
9782081240032
9781936041619
9781935785460
9781935785187
9781935149316
9781934759288
9781934609569
9781932280883
9781907475634
9781907355080
9781891396458
9781848420120
9781847443328
9781845748265
9781742336916
9781616648381
9781615341924
9781612030265
9781608447213
9781608460977
9781605126142
9781605890456
9781605125954
9781605125855
9781602856714
9781601605511
9781600581663
9781599219684
9781596062900
9781595474346
9781595474360
9781590203545
9781584659334
9781586488314
9781573993005
9781557428240
9781556439360
9781551118888
9781512358926
9781453760390
9781451561821
9781451504439
9781450570107
9781444474046
9781444450255
9781444427516
9781444413908
9781444411263
9781444410617
9781444407235
9781444405842
9781444405620
9781444401332
9781441856968
9781439196892
9781438595610
9781438595276
9781438594965
9781438593975
9781438594958
9781438573298
9781438573212
9781438537504
9781434103062
9781433526015
9781423142652
9781416594826
9781416544401
9781410427953
9781410427755
9781410427212
9781410421944
9781408807347
9781407655123
9781407654355
9781407654270
9781407654324
9781407654249
9781407653013
9781407652443
9781407652245
9781407652047
9781407652030
9781407652023
9781407651996
9781407651972
9781407651965
9781407651897
9781407651194
9781407650715
9781407650371
9781407649597
9781407649467
9781407648699
9781407648484
9781407648385
9781407647753
9781407647449
9781407647319
9781407645780
9781407645636
9781407645360
9781407645346
9781407645278
9781407645124
9781407645018
9781407644905
9781407644899
9781407644882
9781407644875
9781407644868
9781407644127
9781407644318
9781407643250
9781407644042
9781407643052
9781407642994
9781407642215
9781407641997
9781407641355
9781407641065
9781407640891
9781407640754
9781407635668
9781407635644
9781407635279
9781407634463
9781407634142
9781407633831
9781407632971
9781407632957
9781407632940
9781407632667
9781407632674
9781407632919
9781407632650
9781407632643
9781407632636
9781407632629
9781407632377
9781407632360
9781407632476
9781407632322
9781407632308
9781407632162
9781407632087
9781407631790
9781407631622
9781407631592
9781407631578
9781407631448
9781407631424
9781407630496
9781407628974
9781407628929
9781407628578
9781407628523
9781407628394
9781407627922
9781407627649
9781407627595
9781407626666
9781407624419
9781407625690
9781407624174
9781407624167
9781407624136
9781407624129
9781407624013
9781407623924
9781407623436
9781407623245
9781407623016
9781407621784
9781407621326
9781407620466
9781407617879
9781407616995
9781407616933
9781407616919
9781407616414
9781407615660
9781407616193
9781407612058
9781407610634
9781407610443
9781407610436
9781407608044
9781407606811
9781406857566
9781406856408
9781406855180
9781406855159
9781406215496
9781406854718
9781400167814
9780983102502
9780956373373
9780914660262
9780848733919
9780785146483
9780785137474
9780771026294
9780761360520
9780755349388
9780753186848
9780739067925
9780692011218
9780674051164
9780606170468
9780606151825
9782732896182
9782354880903
9780571534371
9780545154215
9780545117555
9780470490099
9780425234228
9780393062625
9780375728389
9780345491794
9780310719120
9780281062539
9780263216783
9780230531451
9780141045504
9780007319510
9780007321599
9781844076659
9780060501976
9788190754699
9783833157646
9781423494577
9783871016806
9783643107558
9783126749046
9783804558946
9783482633614
9788853605580
9783941417243
9783940432698
9783866078796
9783837502091
9783714301786
9782758516378
9781609000776
9781607050049
9781560979937
9781422133422
9780897328852
9790010109114
9788360445570
9783938714157
9783934813045
9783905852264
9783897970670
9783896555069
9783854931638
9783788724597
9783800319527
9782853002028
9782847201642
9782262032098
9782020969741
9781931257459
9781439120231
9781423430896
9781423442974
9781421531663
9781409514442
9781409121152
9781400280315
9780972838757
9780814416433
9780785141679
9780099531784
9783866322714
9783899011302
9783890602721
9783938350348
9783861910046
9783839150696
9783702215941
9783869360515
9783866591516
9781590307977
9783000288371
9783507108790
9783866630352
9780099530374
9781426206474
9783613713949
9783531165653
9781162570563
9783769818390
9783941683020
9783835405844
9783935063555
9781858563848
9780865477490
9783939817307
9783873877771
9780297860921
9781591842927
9783902113740
9783800112494
9783836518970
9781423418498
9783772520860
9783486702651
9783940865038
9780739070796
9780500288931
9780521597449
9783507763289
9782012021617
9781935700449
9783589245819
9783868670059
9783593389561
9783940529985
9780226771083
9783518421291
9781408232002
9783842342064
9783871853975
9783050045429
9780767932738
9780194799027
9783829123167
9783593392851
9783906347837
9781453837085
9781423481201
9780451463210
9783219114263
9783491764583
9783406595578
9783815826478
9780749460761
9781453709085
9788817042956
9783860374351
9783406606847
9780752457604
9783868732504
9788186336311
9780557278893
9783990100431
9783769818000
9781844676491
9780486475875
9783701505272
9783935937658
9789979331315
9780715639627
9783941760172
9783837920635
9781564785787
9783468182822
9783941571051
9780425232262
9780199127269
9783640537884
9781449957377
9781416556770
9783895287015
9781440506741
9781453771068
9783933400161
9783534601578
9783781517103
9781451529838
9780557603336
9781879794511
9783831016792
9781604862201
9783527408900
9783804726123
9783860374450
9783440119679
9781608994922
9783034606752
9782725629537
9783866074644
9780470597675
9788896727003
9781844354597
9781452899015
9781841263113
9781847398574
9782251410456
9781926842110
9781607060024
9781453844595
9781449381875
9783941787148
9781933952482
9783060111749
9783860996355
9780978986162
9781848877085
9780764215575
9781906779672
9783940088154
9783473552467
9780521139960
9781846682360
9781906735500
9781578634804
9783839155943
9781111054113
9783800635993
9788360313411
9781452875798
9781449381714
9780500283332
9783640670420
9783866458451
9781568989679
9781864718232
9782505010166
9781904675754
9783770433483
9781936383207
9783842326316
9780307346247
9781450594905
9780307461841
9781600614187
9780062500946
9781517526092
9781846943133
9781590595398
9780385531764
9782813201522
9781845965402
9781423446590
9780956494214
9784871876674
9781434701923
9781591431138
9782130578161
9781857094855
9783941555372
9783507046757
9780758207067
9780800794774
9780300141351
9781608999804
9780764208003
9783866930742
9781450587181
9781594033735
9780811871211
9782916788173
9783808541463
9781844769254
9783460319387
9780702030864
9782251742441
9781846039300
9780061690402
9781601252661
9783883095752
9780194791403
9780007298556
9780066211312
9783834807380
9781601252876
9780982015186
9780312590970
9780226043456
9783869360942
9782203018433
9780571269655
9780374187743
9780061430312
9788862941792
9788850221257
9788821566875
9788811694205
9788811679905
9788466324250
9788188071609
9788172681975
9784101001586
9783867142274
9783852723648
9782848015293
9782840119739
9782246731818
9782091726465
9781933963808
9781936070107
9781921640780
9781907661099
9781907152337
9781907151439
9781847080974
9781846488993
9781742337814
9781617430343
9781615239498
9781605126128
9781603863940
9781599616865
9781905802883
9781599219127
9781596916081
9781594931666
9781590308240
9781590173619
9781566638364
9781456351588
9781456334659
9781453888568
9781453875797
9781453815489
9781453755617
9781453745588
9781453755556
9781453733493
9781453733455
9781453638491
9781453674192
9781453637050
9781453637029
9781452826226
9781452809557
9781451612981
9781451567106
9781451527025
9781450593304
9781450587815
9781450584746
9781450574037
9781445508382
9781438573151
9781410425867
9781408487150
9781407655116
9782357540569
9781407652016
9781423127680
9781407650425
9781407650289
9781407648644
9781407648033
9780800734626
9780545200363
9781407645629
9781407645292
9781407645056
9781407644356
9781407641935
9781407633084
9781407632612
9781407631998
9781407631967
9781407631585
9781407631554
9781407631431
9781407631080
9781407626772
9781407624020
9781407623238
9781407619972
9781407619392
9781407614243
9781407613888
9781407613819
9781407610023
9781406856798
9781406856736
9781401310349
9781400116744
9781400030545
9781146349635
9780974560380
9780812405736
9780800797195
9780768432749
9780762760046
9780761357506
9780755346561
9780718155803
9780606145619
9780571269303
9780552158893
9780521387996
9780451463296
9780425239728
9780415594967
9780425233658
9780340978931
9780340978795
9780307396402
9780300139297
9780198329947
9780262014236
9780141197036
9780141191133
9780132311489
9780099512752
9780061998638
9780061859434
9780007339204
9780230617506
9783832942663
9783867021203
9783640623860
9783446424623
9780521145220
9783886401406
9783830114079
9783506769022
9783422069480
9782011355270
9781602201064
9781451627350
9780739070802
9780596801700
9780470489598
9783941175181
9783939621850
9783936185621
9783766360472
9783867642644
9783706548830
9783643106339
9783460325081
9783416033015
9782757817612
9781605095240
9781591799207
9780764145049
9780740797378
9780674996359
9780571535170
9780566088438
9780521135818
9780310328674
9780273725763
9780194247153
9783862650392
9782754014564
9782359340013
9788483651674
9780745329468
9781903904770
9780007342204
9781847444066
9782266214162
9781849730181
9790274001551
9785865473947
9781434765093
9783942587174
9783865391957
9790043066934
9790043076759
9790204717408
9790043080954
9790043072836
9790043023364
9789953879949
9789953879574
9789875743670
9789871581641
9790230363358
9789870701620
9789814327114
9789814302586
9789814279871
9789812617910
9789812616562
9789783222236
9789771417026
9789757527077
9789757447672
9789752562387
9789751022257
9789700767529
9789722416801
9789629038786
9789380361277
9789380227429
9789197895408
9789186587208
9789026616808
9788896727096
9788896121290
9788895853611
9788895411286
9788890481574
9788890481505
9788889943533
9788889545188
9788886089685
9788888493091
9788884519726
9788882725563
9788883145469
9788882725402
9788881587865
9788879268417
9788874712397
9788874622955
9788871065786
9788864111209
9788862280914
9788862238212
9788862113991
9788862124348
9788861123236
9788860885685
9788860816535
9788860737823
9788860616715
9788859608073
9788859607335
9788856605709
9788852211065
9788852210556
9788852211096
9788851407698
9788852210792
9788845925269
9788845266355
9788844038007
9788840013749
9788838924804
9788821567353
9788821525346
9788817106870
9788817045858
9788817044189
9788817044141
9788817044103
9788817042864
9788817042840
9788817039048
9788811679790
9788811365044
9788811364610
9788807730351
9788806203757
9788804603740
9788804601180
9788802082660
9788802083421
9788771140323
9788499484723
9788499270494
9788499082097
9781849752749
9781849158732
9781848776296
9781848509634
9781848271210
9781847445421
9781847379795
9781846146039
9781845501723
9781780339580
9783938060544
9781451183689
9781780435411
9780323392525
9783804121621
9781451193954
9780323443104
9781780335513
9781780223933
9781780221915
9781780220284
9781622417506
9781609618605
9781606711415
9781604596953
9781575629414
9781481253123
9781471309342
9781479294275
9781471127144
9781447202813
9781445859774
9781444907513
9781444762044
9781444728996
9781444703856
9781444700473
9781442446311
9781442435650
9781439152805
9781409138402
9781409133162
9781472468543
9783406696138
9782850886829
9780323443067
9781119365563
9781849498821
9781409117957
9781409121299
9781408824467
9781408819944
9781408703243
9781408158791
9781405259934
9781278683454
9781250024268
9781250011268
9780957265127
9780857862914
9780857531155
9781630810153
9783863356361
9782807302969
9781526901354
9783709114728
9781472484451
9789811029509
9783319392639
9781138843455
9783534268016
9783319315522
9783319411408
9781472424051
9780444635891
9782251801315
9783958080348
9780691636924
9780134403168
9781501313097
9781138903678
9783899482614
9782759225507
9781138120457
9781466559325
9783945023686
9780857521200
9780857521019
9780857387288
9780857384034
9780857387141
9780857383204
9780857209238
9780857077523
9780778314448
9780761351375
9780758290410
9780755388233
9780755382699
9780755374519
9780755364084
9780753434604
9781608868360
9783452285737
9783662505502
9788074670084
9783662500699
9783662500156
9783662499757
9783662499634
9783319357195
9783319330495
9781138803930
9780751550658
9780749956363
9780749958060
9780749040611
9780727882073
9780701186753
9780670921829
9780593068243
9780593065815
9780593063101
9780578100500
9780575094901
9780434021604
9780434020102
9780425252741
9780399256127
9780373829064
9780356501505
9780373777501
9780349001333
9780345542212
9780340998304
9780330544542
9780330534178
9780330517751
9780330505765
9781910144794
9781785522611
9781784711733
9781596067905
9781493959907
9781493958429
9781493956227
9781493951000
9781493948970
9781493942091
9781472470379
9781472456625
9781466586031
9781305632134
9781138951228
9780312549244
9780307957283
9780297866954
9780241957929
9780230760806
9780230711266
9780224097383
9780224096409
9780224093767
9780141392592
9780121617578
9780099552628
9780061807046
9780007490622
9780007476527
9780007462773
9780007418947
9780007365777
9780007312092
9783896398574
9783411870097
9783826692277
9783802913815
9783842100534
9783831721795
9783849002275
9783406633492
9783831006489
9783867138475
9783784432861
9782290031186
9783770173204
9783572080342
9781481011532
9783981432121
9783896736208
9783849002060
9783831016723
9783849001599
9783800177981
9783473445769
9783468232930
9783942275385
9783934517158
9783902652614
9783858694713
9783834211743
9783899482423
9783770439256
9781482247800
9780323340625
9781118866450
9780198747581
9783831016303
9783828992047
9783791032207
9783789395888
9783778308332
9783486713565
9783411734528
9788425343667
9783943702095
9783944291024
9783936086683
9781496321046
9781451193510
9781493956708
9780691640686
9789004322608
9783110438659
9783867233606
9783863510343
9783868735758
9783849001698
9783831012329
9783828934849
9783827331717
9783827247742
9783825237608
9783809429326
9783760789163
9783760784649
9783406636202
9783401097633
9783356015065
9783359023555
9781118194508
9783129260371
9780345533128
9788499367415
9783935600927
9783631611951
9781910350300
9781493952328
9781451193688
9788490701560
9781614282631
9780987004659
9783885795605
9781496300249
9783527338481
9783319359830
9783727284953
9789041168351
9783981399646
9783955370022
9783899958645
9783898129503
9783870735128
9783869171203
9783865063700
9783863511043
9783862291731
9783849002114
9783849001568
9783842512016
9783836707824
9783831722013
9783662517345
9782757210963
9781626236837
9781138917903
9780323400305
9781451193152
9781138847736
9783831721894
9783829709323
9783825237073
9783629107480
9783625134268
9783570585108
9783470595146
9783451611414
9783451071416
9783442476961
9783406630385
9783406628146
9783120066477
9781449418762
9781442430754
9789401778114
9788847058088
9788497943505
9788491130567
9783662513330
9783319358284
9783319358161
9783319248219
9782812434570
9781942895367
9783857362712
9783991000839
9783990265185
9783981017366
9783952317198
9783950309706
9783943767032
9783944028064
9781784711399
9781784710767
9781501308529
9781509908417
9781259544989
9781259290619
9781138958937
9781138955172
9781138937222
9781138910492
9781138887961
9781138837768
9781138825093
9781138795549
9781138675643
9781138671645
9783943425062
9783942929134
9783942230759
9783941651562
9783940406200
9783938803448
9783936018837
9783933839343
9783899448993
9783899448931
9783897843998
9783880021549
9783869305219
9783868485639
9783867669078
9783867138284
9781118918401
9783658048983
9783437248023
9781941701348
9780847848584
9789332573901
9783452280008
9783662487709
9783319419916
9783319369327
9783870713409
9780444636584
9781138212589
9782070106400
9789004321861
9783906276380
9789332548237
9783822816004
9783410256380
9783886068753
9781138671560
9783534268337
9781454882107
9789086862740
9783110323788
9782700505818
9780486401010
9781626231436
9780702062858
9781940496054
9781616559823
9783835316171
9783662488416
9781498747707
9783504260453
9781409160250
9783737585163
9780199464692
9783662511497
9783791355047
9791022501583
9781118844236
9781138939318
9781522508304
9783805912044
9789339220907
9789332570344
9781259315411
9783319359229
9781597143455
9781608868285
9783865116833
9782266249751
9782265097575
9789332575394
9789332542228
9783662517840
9784431563464
9783662500842
9783319346465
9781939506078
9781784717926
9781482232028
9781454879862
9781447168195
9781447171935
9781138942967
9781138923737
9781138915244
9781138911222
9781138910683
9781138857599
9781138850972
9781138823761
9781138823211
9781138809277
9781138688667
9781138687738
9781138668270
9781138641709
9781138176973
9781138169296
9781138171824
9783442379507
9783830342601
9783453357709
9782081306059
9783867741811
9783125737662
9783955540678
9783446239975
9780062075482
9783487154688
9781466585904
9782918602057
9783608502121
9783832162115
9783110376012
9783662511343
9783446445185
9780323358248
9781489976024
9781419722387
9780997854008
9789811008054
9780891896418
9789027249678
9789896873226
9781909399785
9783642454264
9783866162167
9783125613768
9781604068481
9781493961511
9788857230085
9780071797252
9781909399839
9780241207000
9780995519107
9782247160624
9781416057697
9783406668593
9789812870438
9780081016312
9783214135751
9783791382715
9788394357078
9789811005862
9783447100915
9781621535225
9781782424659
9781119953449
9780702066160
9783662521441
9783662517574
9780857195012
9780547640983
9783836706209
9783867424639
9783811498389
9783517088150
9783865287496
9783473362745
9783943992007
9783865391414
9783770476244
9783746628301
9781408882290
9781455774272
9780323390538
9780198767671
9781501129742
9780521509794
9789401776240
9781118987025
9783037933572
9783662506189
9789811012853
9781626230545
9783110249064
9781138222038
9781533187437
9780199908004
9783938592410
9781259746741
9781526901507
9781848221918
9781295461097
9780988304222
9783833224065
9783492055758
9780199948277
9780134063126
9781634593014
9782713225338
9783662494080
9783406677014
9780081014868
9781472577900
9783863359553
9781784512668
9780575104679
9781493951932
9781138962088
9783319239187
9780081016275
9781464187025
9781118120934
9780199698011
9780134081496
9780415539708
9783662522745
9781780438405
9783868352245
9783765512216
9783896840912
9788575225134
9788132229872
9783662521946
9783662517956
9783662507520
9783662506974
9783662506219
9781302901615
9781302900830
9781846539879
9781302915162
9781302913823
9781302918750
9783662501344
9783662500705
9783319386973
9783319370019
9783319356020
9782879748443
9781944831837
9781944505264
9781848724709
9781784755836
9781783472345
9781681653563
9781619233171
9781515910701
9781506333748
9783401098593
9783981228595
9783037933824
9783451064920
9783446238985
9782843624643
9783596182664
9783836219488
9780134130422
9788365281098
9783406663529
9781624592683
9783406671470
9783719036652
9783110448283
9781466555686
9783527708390
9781451193299
9780241004937
9780415742719
9783406686023
9780323352147
9783319275215
9780314284549
9783922420323
9783662499740
9783406678349
9789004324381
9782757209325
9783662508091
9783319112503
9789004312104
9780415874908
9781444799156
9783835673311
9788469808665
9780760348147
9782802751120
9783319135113
9783662510551
9780199368815
9782014001051
9781464183959
9781498767446
9781118866351
9782757829950
9783834212658
9781722350215
9789332571655
9780415881609
9783899352757
9783853000021
9789584250001
9789401776493
9788499358383
9788490702741
9783662518823
9783662517390
9783662518304
9783662508879
9783662506844
9783662505687
9783662502082
9783662501986
9783662499955
9783319379913
9783319376448
9783319371894
9783319371368
9783319363776
9783319345789
9783319342740
9781934947869
9781910787281
9781784721282
9781782548492
9781781791974
9781614794844
9781530376278
9781519075451
9781493953530
9781493950539
9783760765396
9780062195180
9781506316819
9783832734091
9789351524861
9788416504084
9783861931423
9783551794567
9783895339035
9783548284286
9789332575080
9780081016237
9781107060609
9781451193053
9788126562251
9780134065823
9783836530880
9783527334179
9783836563970
9783410268727
9789400762374
9781608877966
9780134042282
9780198735359
9781510706880
9781522501107
9788126559138
9781316638491
9783945871058
9788126563005
9780081016350
9781259549465
9781498796316
9783319361468
9780077835422
9781119028499
9782757209486
9783893201716
9783551359704
9783442102372
9782035867902
9783129272534
9789655504941
9788491042525
9788379857753
9788490702413
9783662513576
9782501059084
9782266236775
9781409553229
9783867371346
9783453409439
9783869091136
9783446430525
9783833728853
9780062068651
9781408844540
9781445467979
9783831904501
9783827410146
9783837118810
9783662499696
9781847179227
9781626233966
9781596067936
9781493950980
9781493302413
9781482252682
9781472451033
9781433646249
9781138955462
9781138944350
9781138934955
9781138916043
9781138915374
9781138908130
9781138886025
9781138892712
9781138781795
9781138671232
9781138649637
9781138181700
9781138146211
9781138136083
9781138013384
9780691650494
9780691637600
9780415740029
9782709638180
9783934342217
9783473555963
9783942374248
9780198376354
9780198376255
9780190497392
9780198305828
9780134422411
9780134320540
9780134235455
9780134169040
9780133953145
9780078021541
9783775741767
9781616558079
9783037611074
9782916552811
9781319042387
9781942909118
9783940067784
9783943137996
9781911372103
9781626236844
9780198727286
9783830342779
9791030300727
9783981477412
9783874076517
9783060623334
9783862784875
9782271080622
9783899033915
9783842935112
9783482549434
9783060019151
9783866162303
9782266232272
9781447226246
9783881179348
9783451710919
9783275018598
9783937844756
9783507463424
9783293004771
9780062130846
9783848261673
9782754041669
9783761626061
9783411870530
9780134421186
9783440149829
9789004334892
9783899482560
9780134128719
9783452280039
9781118909508
9781616557836
9780141329703
9783842704473
9783941657779
9782246802631
9783442475629
9781119148449
9781138821149
9783800515967
9783836515832
9781137441089
9783000522345
9781138899162
9780128053829
9780198700951
9781464183393
9783410239628
9783406680847
9782266228916
9783862651221
9780957681538
9789400714786
9783662517628
9783497026203
9781451193534
9783110534153
9788469604922
9781850972839
9789401439251
9788469604939
9780198757276
9788480906470
9789332570382
9783957160942
9780007457847
9780373776917
9788416599691
9789401777841
9788498018776
9788466333627
9788416502394
9783662518274
9783662508718
9783662499641
9781908337313
9780128036204
9783932338038
9783791352060
9782081272682
9781848313538
9781594135859
9781476725321
9781455870134
9781444722963
9781420125085
9781406330700
9781405368704
9781484242452
9783662498866
9783030168766
9781656436238
9783319524610
9798604848937
9780985676636
9780765369642
9780857207234
9780755373987
9780765364609
9780714862842
9780593070727
9780486298573
9780385619226
9780316098274
9780241958278
9780091949037
9780062208286
9780062199034
9789041421470
9783548320212
9783550074738
9780224091206
9783848007714
9783551779403
9783406663512
9783777426778
9783446223523
9783504401009
9783836556873
9783800516148
9783868203349
9783504409500
9783110414974
9781603093873
9781118999257
9780900785764
9783863359621
9781627081122
9781848725638
9780789332578
9783848007509
9780199309313
9781138654945
9781484223871
9780323113281
9781259144387
9788817058469
9788804625346
9785753306951
9788490323410
9783942181303
9783902373960
9783863570248
9783861961895
9783845903729
9783828914186
9783808592397
9783746628080
9783625210900
9782286074401
9781495065705
9783775741576
9783863359751
9780198723998
9780847858217
9781910433416
9783662450659
9781138171527
9781909492431
9783504430092
9783936132403
9783458018933
9783411810109
9783411809769
9783411711727
9782330013073
9782290056899
9782264053336
9782246783619
9782226240347
9782207109885
9782091884394
9782081279100
9788131532591
9783319330594
9780062567482
9783319361147
9780802838117
9780785198208
9783941712546
9781940291635
9781118370223
9782070647309
9782021056495
9782013233989
9781937007508
9781908533159
9781908533142
9781907410789
9781901949551
9781853758768
9781849837101
9781848541870
9781848094260
9781848092907
9781847373052
9781844488711
9789401779852
9788580579482
9788408147930
9788403517325
9783719037413
9783719034696
9783662523506
9783662519172
9783662518618
9783662506622
9783662500071
9781844089178
9781841499147
9781780890913
9781617205897
9781616952563
9781616145439
9781609450656
9781594932946
9781481295017
9781477488133
9781471400049
9781455546831
9781455519002
9781455500154
9783662499658
9783319351957
9781846883774
9781498778725
9781498702263
9781493957651
9781259222139
9781138919518
9781138844001
9781138780507
9781138206946
9781138194779
9781138123045
9781449418427
9781451689709
9781447222927
9781444780338
9781444768626
9781444757750
9781444756128
9781444742824
9781444737899
9781444728989
9781444728897
9781444008234
9781442480605
9781420124002
9780691649917
9780415578202
9780199656103
9780198739777
9780198371052
9780134408897
9783959851770
9783658078430
9783902933393
9780996744706
9780300214796
9783816932888
9783406674839
9783406646829
9783848711024
9781410446763
9781409311089
9781409136408
9781409128519
9781409102960
9781408838525
9781408821657
9781408814895
9781408704158
9781408702451
9781406356373
9781406338768
9781406337402
9781405368933
9781406335231
9781250006400
9780857384256
9780857520708
9780857079183
9780857076328
9780778313687
9780778314509
9780755384938
9780755381760
9780752886206
9780752471211
9780751541403
9780749955090
9780727899460
9780670921461
9780670920891
9780593067390
9780593063132
9780571282739
9780545489515
9780545464673
9780515153446
9780446585163
9780399158513
9780385742375
9780385606110
9780385350280
9780373776672
9780373776467
9780373249824
9780349000305
9780345534552
9780340998649
9780307929297
9780307475480
9780263902297
9780263894370
9780241956557
9780241144572
9780099573098
9780230120679
9780099562542
9783527336180
9782718908991
9781626237018
9780128021675
9783704662781
9783957230904
9783955533281
9780091943127
9780062130808
9780062089649
9780007926299
9780007466757
9780007416813
9783898599115
9781741796742
9783129296578
9783770177387
9783770176793
9782253169420
9782213672182
9783789172540
9783791346823
9783861931553
9782092537299
9781409547426
9789490538002
9781741799651
9783866451629
9783827331380
9783746233673
9783110267617
9783832949549
9783831721290
9782738127549
9783800057054
9783770192458
9783789177705
9783411809370
9783401504261
9783374029891
9783100628114
9782081275270
9782021089615
9781782352006
9781627841108
9781570618529
9781492132561
9781472302076
9782035865960
9781595144805
9781405390088
9780486482835
9783894497439
9783897738300
9783894492342
9783865285485
9783760781013
9783760781297
9783746233635
9783572080458
9780714871707
9781288560363
9781857599886
9783742303431
9781433822575
9780470974230
9780991373079
9782203085022
9780323242882
9783662508183
9783941066885
9783406632570
9782067170254
9780230424487
9783942094245
9783892514343
9783937527390
9783869411637
9783869063133
9783868993516
9783848226634
9783848209781
9783837211191
9783844896053
9783821472485
9783815830857
9783792001622
9783760780313
9783708404639
9783703514302
9783648020326
9783625127000
9783577075350
9783140225069
9783507872868
9783475541599
9783505129551
9783468208300
9783466568505
9783453529571
9783440132807
9783415047594
9783401415642
9783401099767
9783000386633
9782070450336
9782035868145
9781934356777
9781848990159
9781742201146
9781408809129
9781568587011
9781449330279
9781449316976
9781447206477
9781439173244
9781421549903
9781405389747
9780813345017
9780778313199
9780751549270
9780064406963
9780321814296
9780062027894
9781909836440
9781857096026
9781423152880
9781118441190
9781530807901
9782213671116
9783981010367
9781533606426
9780323374620
9789385891908
9781537349275
9781534832640
9781523693443
9783800515707
9780198734871
9781533258830
9781631405877
9781535172189
9780957648159
9787564041410
9783937501642
9783844885309
9780300184501
9788499357843
9781484767702
9783811133426
9783941066960
9789352501809
9783777426938
9781530002818
9781540644688
9782888907725
9781537769752
9781501143762
9781530411825
9780199677764
9783460319851
9789462082137
9789385891700
9781302901660
9783534267781
9781910777138
9781337380171
9783832958718
9782298058260
9781780676913
9781782213826
9781784961831
9783035610284
9781118743201
9783836547604
9788072155071
9780910418003
9781581109665
9783922599333
9781506700427
9780008167547
9781987817829
9781534822665
9783990434895
9783957230959
9783103972580
9789027258687
9788862084888
9791094823064
9782246773214
9789401410809
9780071602266
9781451186314
9783131406347
9782732463872
9782273011877
9782215124955
9782215124948
9789339221126
9780323287821
9780081001011
9789027240200
9788416035403
9788435012362
9789400777460
9780983326373
9788448845063
9782013239653
9790008086755
9791030400779
9783926834553
9781595621221
9781259921384
9780521196826
9783735602619
9783280073247
9783161537448
9788490652008
9789027206923
9789386150035
9783960980223
9780141977843
9789402408065
9789402405439
9789400762398
9789041167323
9788499677873
9788494026447
9788433975485
9788416392674
9786073131353
9791095457084
9783505134654
9783848010493
9783727277573
9783319383071
9781987817737
9781942874140
9781940499437
9781785352171
9781772232745
9781539338222
9781138892026
9781928649489
9781849764889
9784895123891
9780989083515
9791032300602
9780143120889
9783906822075
9783527333745
9783848705306
9782856537718
9781305632295
9780847847754
9780300215229
9781118542767
9781466567474
9781625134189
9780749463441
9789814596190
9791093784120
9791096707003
9782012023765
9783832028206
9781910433843
9781491789858
9780873400404
9781741741223
9781628725926
9780300219999
9783791355900
9781780235943
9781911300021
9781944379025
9780199336746
9781584236030
9781783298587
9783959850575
9783406673405
9781537657707
9783959851299
9780997765809
9789385999741
9788847058811
9789352602957
9791094823057
9788499926568
9781535330008
9783981655056
9783958291546
9780760350669
9783861338291
9781597113717
9783906027845
9783735602534
9781909414419
9781501147661
9781907893827
9780008136642
9780300209679
9782846122832
9782746969568
9782355925849
9782280283441
9782070138692
9781909515024
9781909173385
9780744017212
9783125256804
9781470632854
9780192736451
9781905686469
9781419721489
9780448494296
9780762459438
9781506208329
9781119055525
9781783443840
9781259583100
9781492252009
9781476714325
9780739177723
9783037517130
9781942275497
9788434423985
9788416126491
9781945167232
9781908476760
9788490701355
9788132228615
9783981655032
9781943601141
9781909526235
9781773230139
9789332502154
9783446238558
9781619235762
9781447170068
9781525225581
9781420951943
9780520278660
9780198378099
9780316469920
9782884528092
9781616558949
9781849763714
9780998334288
9788831720731
9781907816741
9783141210521
9788131791400
9781118290736
9788126564408
9781498738903
9781405189781
9789993275626
9789881902337
9789814713689
9789814612319
9789814560511
9789812872777
9789812872074
9789810999124
9789652211040
9789402405705
9789402405668
9789402404951
9783136450017
9783785571514
9783791355917
9780824855413
9783110491982
9783422073302
9781784721060
9781631062568
9783731903314
9783863359782
9781907896798
9783863359102
9783954761401
9788891807892
9783442478170
9780822944508
9781785702150
9781780678559
9780854882465
9780993258930
9783869845067
9781941701232
9783868323108
9788854410602
9788415113782
9781848220911
9789462082847
9783735601759
9783944874487
9781580934732
9783863358440
9781775501923
9781784721664
9789460223877
9780993258947
9780692499412
9781909414389
9789881320476
9783868323429
9783795430948
9780888849328
9780986060618
9783631641668
9781908175618
9783735602367
9783832733193
9788857231518
9783035606010
9783037784730
9783735601865
9783943196306
9781611176957
9780231179621
9781621535102
9780942324938
9783899555837
9783954761241
9780989985963
9781783206117
9783631681114
9781846381638
9781584236245
9783631667651
9780789212542
9781911300083
9780241258781
9781588395818
9783356020557
9780262035064
9783903131385
9781942185017
9788024622637
9782081256323
9781942607335
9783777285276
9781784731168
9788428337670
9780916365899
9781935935155
9781614284727
9780307385994
9781928825104
9781942884002
9783775741330
9783735602060
9781922083685
9780989083539
9780986274848
9783959850155
9781584236054
9781942607229
9783791355061
9781580934640
9783791382296
9780956873873
9783863359218
9783958291652
9783869224466
9782854956566
9781880146996
9781773230146
9781773230061
9781682610107
9783507697799
9783862222032
9788441538467
9788894066975
9780702070358
9781468313734
9783946375012
9780323322874
9780861592050
9780300165791
9781849537872
9783700178415
9780989472111
9781903254844
9788490702918
9788415113799
9783981655025
9783952432662
9781987817522
9781940992471
9781940499444
9781619235618
9781619234307
9780996910248
9782757209134
9781682342763
9783902843074
9780981748511
9780062566935
9781498732697
9781535160070
9780847849574
9782353402427
9781945150111
9791095339076
9781118121795
9780486498874
9780141044842
9789962691419
9789881227225
9789814656108
9789814667654
9789588850436
9789402404661
9789401779043
9789401778671
9789401776790
9789386150332
9789351309109
9789351309093
9789351309086
9789351309079
9789351309062
9789351309055
9789351309048
9789351309031
9789351309024
9789351309017
9789351309000
9789350368565
9789332508286
9789069182278
9789059972254
9789042932739
9789004340923
9789004331150
9789004329560
9789004326590
9789004317253
9789004316461
9789004316409
9789004304932
9789004186439
9788891309723
9788868602765
9788836633722
9788491121718
9788461424061
9788460893967
9788437635095
9788437200743
9788436836363
9788436835038
9788436834932
9788416607723
9788416607501
9788416607631
9788416607419
9788416607396
9788416607341
9788416607273
9788416532582
9788416532544
9788416450183
9788026206415
9783453024540
9783426518632
9783426663110
9783939965206
9783868200263
9783760732961
9783596806492
9783473385348
9783423624039
9783492251754
9783442373956
9783785568262
9783868200218
9783473385362
9783940466440
9783548357317
9783473380732
9783596179121
9783897360310
9783548280493
9783746614007
9783123524530
9783423345293
9783499248863
9783423211437
9783746624983
9783551088536
9783462041491
9783548608877
9783499248115
9783462041088
9783462038149
9783401019192
9783570218372
9783579068794
9783442463510
9783596853649
9783791512372
9783423137362
9783453433830
9783867196857
9783492253147
9783401501345
9783596176724
9783833219696
9783866049949
9781471143069
9780141195452
9780099599289
9780099543794
9780091928834
9780061568084
9780007901715
9780007879397
9783451302015
9781406323351
9783404163069
9783480224784
9783257066951
9783440115541
9783548609218
9783630621579
9783518421161
9783775144797
9780753826607
9783938396315
9783440115329
9783518460887
9783453433649
9783442460380
9781842557235
9783458351146
9783442372003
9781407110363
9780061853838
9783499623523
9783451321962
9780061429903
9780719522222
9783770729449
9783442740253
9783899415766
9780141044477
9782360830176
9782266203685
9780141326078
9783596901548
9783423623964
9783548372563
9783785564837
9783548608891
9780141038230
9781409301189
9783867754781
9783492249362
9783896028761
9783442542697
9783442738564
9780091930684
9783442371402
9782213663050
9782070133406
9782012023444
9780061657726
9783815505496
9783548266855
9783897056855
9783865218810
9783257067187
9783462040203
9783499624490
9783442470204
9783896349378
9783938783054
9783518421048
9783257239461
9783940168269
9783867662284
9783789132247
9783423211123
9783453434400
9783548608945
9783839210284
9781409301776
9783036952611
9783940984852
9783551359612
9783499625947
9783937618593
9783406592706
9783940984838
9780736426114
9783453433151
9783423211550
9783596650026
9783836508490
9783785760079
9780141191003
9783898138277
9783499248757
9783100331823
9783462040951
9783930323852
9785544781233
9783867511650
9781408800263
9780091896775
9783570220597
9783596902200
9783868005653
9783507871694
9788492939152
9781405338608
9783799502801
9781846681424
9781847561657
9783414820938
9783784441931
9783746224985
9783499248245
9783518461396
9783442371754
9783352007781
9783141144680
9783473474363
9783815797341
9783940888358
9783832180911
9783426283134
9783785566343
9783785567517
9781853409974
9783423058346
9781405244732
9780007309733
9782352890591
9783522500418
9780061703706
9783570219416
9783499249280
9783867174077
9783411736317
9780486474946
9781408303504
9780099521273
9783499332777
9783401501475
9783442155774
9783817465804
9780060835538
9783596853618
9783791508146
9783423082310
9780141325897
9780199152995
9780746076804
9783570305607
9783828996557
9783589246526
9783401453903
9780553494655
9783629104755
9781852404543
9783866157132
9783518125878
9783746625638
9783401094267
9783548412948
9780061177491
9783499623301
9783548269856
9780007293391
9783499252259
9783468791345
9782745942944
9783868000832
9783257239546
9783442371372
9780099524847
9783125795006
9780752817262
9781860224836
9783833814570
9780769660769
9781407108780
9783795401559
9783426781593
9783442470877
9783522501392
9783767007703
9783833306082
9781408808689
9783453407589
9780552775359
9783596165728
9783805208680
9783426504598
9781905654567
9783890293721
9782081214682
9783866454446
9783899534771
9783596160082
9783551358325
9783492266932
9780099535287
9783551359025
9783551357151
9783522500838
9783492263054
9783453406247
9783426636992
9782842631840
9781844084883
9781400095483
9780753825655
9780751540314
9780747597834
9780553813906
9780545106153
9782070391653
9782264058713
9781936376001
9782267021165
9788807804502
9788173628443
9783899416237
9783828993785
9783596807017
9783596510931
9783596183722
9783596174676
9783499249754
9783455401332
9783000276934
9782742788255
9782266192828
9783828993808
9782253146889
9781484165744
9781250047762
9782266191944
9782253127666
9782070379491
9782013229364
9781935507086
9781905294909
9781862308862
9781847396440
9781847392817
9781847390219
9781847385031
9781847385024
9781843173649
9781842433331
9781603551212
9781416959366
9783869710198
9781409117018
9781408801550
9781408307892
9781407108704
9781407108476
9781407108322
9781407103723
9781407102955
9781406314632
9781406304930
9781405341875
9781405244770
9780778326465
9780778303152
9780755397594
9780755347711
9780755335190
9780751540703
9780749941970
9780749929855
9780747594840
9780593057858
9780545132664
9780515146608
9780545068666
9780375862021
9780349122229
9780330479295
9780330456302
9780316075633
9780307455079
9780263875607
9780263874259
9780263874822
9780263874150
9780263872491
9780263871395
9780263869934
9780263869378
9780263869224
9780141330341
9780141327785
9780141026756
9780099560333
9780099514985
9780061689772
9780061429972
9780007930159
9780007833740
9780007323104
9780007307555
9780007267583
9783829704120
9783629104151
9783896028778
9783505125928
9783940580221
9783869080666
9783866732704
9783770165094
9783129270967
9783589228522
9783404163038
9783505000096
9783492263290
9783480225309
9783453433564
9783423137607
9783423052801
9783257240214
9781741790474
9781408303542
9780099520283
9780060539627
9783941144057
9783934517103
9783867890755
9783866680630
9783828952164
9783828930605
9783811496200
9783802937583
9783802536618
9783785760093
9783785566619
9783784431802
9783770165087
9783701715091
9783522500890
9783518461174
9783492263078
9783462040845
9783453353978
9783442370702
9783426502556
9783426501498
9781870855655
9781847392121
9781423117179
9780955647673
9780330457514
9780061878565
9780061703720
9782253127161
9783899416480
9783844522723
9783868001471
9782253119074
9789185653355
9789163863042
9788852208126
9788871529912
9788847724785
9785765446775
9783828981430
9780721421247
9783828995154
9780717289370
9785395004352
9783981073423
9783941480018
9783937967448
9783937717371
9783931937454
9783925725555
9783907668757
9783906709680
9783902570604
9783895022784
9783894662899
9783869971681
9783868003833
9783868002737
9783867754590
9783867753791
9783867662277
9783867261067
9783834207623
9783831903818
9783831718528
9783827052735
9783824010417
9783821860596
9783817488308
9783817469239
9783817468423
9783809425267
9783816927594
9783868002089
9783807301235
9783802536670
9783800095063
9783800055036
9783783133622
9783770742264
9783766339508
9783766339119
9783765510427
9783746625317
9783746625041
9783645897853
9783625211358
9783596901753
9783625121893
9783596182060
9781444913576
9783589227532
9783570221440
9783572100187
9783522500142
9783501050743
9783453722361
9783453470927
9783453433854
9783442470839
9783442470631
9783442469703
9783442468157
9783442464012
9783442462285
9783442373161
9783442371075
9783426782729
9783426648353
9783415041424
9783426503690
9783423082280
9783406593031
9783000281778
9782940420506
9782916739861
9782912036445
9782895404262
9782894354308
9782890924291
9782884525879
9782866456979
9782847544275
9782847364842
9782847013474
9782845213739
9782844661463
9782842303457
9782840966050
9782757809082
9782755800593
9782754015837
9782747029407
9782746046887
9782742780501
9782738224064
9782703307853
9782501061377
9782359340020
9782350760827
9782350212029
9782350211879
9782300021138
9782298024807
9782298018363
9782280808095
9782280096034
9782280087735
9782266172325
9782258071025
9782259465557
9782244405759
9782211092838
9782091606194
9782081229136
9782070622115
9782070360956
9782012018082
9781934068113
9781933234762
9781909559929
9781907516009
9781907158063
9781907158056
9781906450816
9781906415952
9781906373658
9781906334963
9781906261962
9781906082901
9781906082635
9781906021610
9781906021214
9781905710126
9781905777174
9781905710119
9781905710065
9781903905425
9781903905418
9781871828696
9781870375139
9781862337770
9781862337527
9781862337480
9781862306578
9781862305434
9781862231795
9781860498442
9781859857823
9781854249166
9781853455292
9781853455148
9781851686391
9781850787624
9781849370035
9781849320047
9781848177963
9781848350625
9781848177925
9781848177888
9781848177833
9781848174528
9781848120372
9781848120266
9781848120235
9781848120006
9781847673466
9781847623447
9781847623089
9781847623010
9781847462497
9781847391261
9781847398475
9781847391094
9781846682872
9781846668555
9781846041600
9781845433178
9781845394653
9783955600150
9781845394448
9781845393632
9781845283810
9781844547890
9781843547754
9781844482641
9781842996348
9781842556894
9781840895629
9781741791778
9781741049954
9781741049923
9781741048797
9781615680870
9781606411049
9781603964012
9781601391513
9781600922657
9781589975613
9781581178609
9781581178593
9781581178586
9781577946274
9781569394090
9781561455072
9781450505130
9781439164662
9781434217554
9781433314773
9781433314711
9781432921606
9781426702440
9781426304828
9781423117988
9781426303920
9781423117568
9781416994534
9781416990765
9781416990451
9781416985150
9781416985006
9781416984979
9781416979685
9781416982784
9781416971979
9781416971955
9781416971870
9781416968740
9783257068535
9781416967347
9781416964964
9781416955184
9781416951117
9781416947639
9781416904762
9781414333144
9781412758604
9781412717700
9781409301899
9781408801949
9781408305836
9781408305089
9781408304037
9781408304006
9781408114988
9782846262217
9782747030618
9782746505209
9782710331674
9782356140197
9782268069647
9782213637167
9781408110928
9781408106211
9781407576220
9781407575315
9781407572338
9781407558356
9781407546216
9781407115504
9781407115160
9781407110608
9781407109152
9781407108513
9781407108469
9781407108452
9781407108315
9781407107134
9781407107530
9781406324365
9781406323191
9781406320114
9781406317350
9781405905152
9781405505826
9781405348027
9781405341486
9781405243919
9781405243100
9781405243063
9781403748935
9781401309893
9780955944666
9780955943911
9780955708138
9780954138783
9780912696737
9780892769506
9780843189643
9780843189254
9780843189230
9780843135855
9780843135725
9780843132441
9780830837311
9780830820146
9780828023924
9780766634985
9780766035959
9780765364067
9780762752935
9780756657758
9780756656041
9780756655402
9780756653903
9780756651992
9780756651688
9780756645526
9780756644543
9780756644468
9780756642952
9780755379743
9780755318827
9780755318506
9788371674211
9782738123275
9780755307470
9780753823095
9780753515525
9780752884554
9780752883892
9780751541922
9780751541717
9780749942595
9780749690359
9780749691417
9780749687823
9780749560034
9780749559816
9780747807377
9780749080884
9780747596998
9781169830561
9780747589839
9780746096970
9780745969114
9780736926362
9780736426220
9780736425858
9780736426145
9780736425797
9780736425582
9780714849287
9780635073419
9780600619666
9780590162180
9780573663888
9780571237180
9780545336567
9780545209342
9780545207300
9780545200318
9780545197236
9780545167260
9780545162838
9780545161060
9780545160513
9780545160230
9780545157049
9780545157032
9780545155212
9780545150682
9780545148375
9780545141765
9780545141741
9781909490130
9780545140294
9780545140232
9780545139021
9780545131681
9780545117746
9780545117517
9780545114158
9780545112109
9780545112086
9780545106207
9780545100717
9780545100649
9780545100403
9780545100397
9780545099318
9780545094238
9781500318550
9781591846826
9780545093361
9780545083591
9780545085441
9780545083485
9780545072342
9780737764291
9780545072311
9780545072335
9783869361154
9780545072236
9780545070966
9780545070805
9780545066853
9780545065603
9780545057660
9780538744454
9780531245750
9780486474489
9782354260712
9783841500809
9780486467931
9780451228437
9780448452357
9780448450728
9780448450445
9780440401605
9780439799133
9780375861772
9780375860072
9780375856907
9780375856624
9780375856617
9780375856136
9780375856037
9780375855764
9780375855580
9783499216800
9780375851971
9780375842894
9780375840821
9780373769483
9780373769469
9780373654574
9780340970751
9780340962169
9780340956816
9780330510325
9780330510271
9780330510141
9780330449007
9780325020303
9780325019345
9780316031820
9781906040895
9780310718901
9780310718871
9780310718277
9780310717676
9780310716969
9780310715689
9780310290759
9780310266174
9780310266167
9780307458360
9780307388513
9780263877137
9780263876369
9780263872644
9780263872125
9780263871807
9783492404693
9780263871074
9780263871067
9780263868142
9780263867787
9780237539092
9780230700284
9780230700147
9780199180660
9780199153114
9780141325965
9780141041285
9780064421737
9780061956430
9780061878558
9780061845659
9780061788406
9780061733376
9780061706417
9780061729706
9780061703744
9780061689765
9780061626210
9780061626203
9780061567278
9780061567247
9780061567261
9780061554124
9780061234538
9780061177460
9780060835514
9780060097929
9780022074036
9780983182337
9780022073985
9780007322480
9780007314966
9780007307838
9780007301287
9780007298761
9780007289745
9781843442042
9783442471829
9783830342052
9783499625206
9783125785021
9783125921290
9783473380725
9783830342038
9780575130692
9783869091341
9783125781108
9783423138239
9783257239331
9783570305805
9783596510832
9781847394071
9780345503398
9783499624759
9783793421665
9781405341189
9783939069782
9783442739325
9783746624556
9783629107817
9783866157255
9783442353392
9783401062303
9783785567524
9781409301943
9783833724473
9783837100044
9783629104991
9783907100332
9782874230592
9783548280172
9781845067809
9782352882787
9783492701549
9783257239409
9783548373188
9783150184202
9783499215209
9783895555916
9783596180653
9783868033878
9783800095001
9780060892166
9783462041644
9783426637975
9783150197660
9783499625107
9783596184965
9783453434547
9783492254595
9783060312603
9783492251419
9783401027470
9781847671011
9783473347803
9783499233395
9783257207514
9783451301230
9783498029975
9783570305478
9783981149531
9783442369089
9783453434066
9783551582102
9783492051514
9783426782668
9783596181629
9781842707739
9783453580466
9783899416213
9783815797648
9780340836941
9783800052462
9783868001006
9783839210222
9783895009495
9783803132246
9783401063362
9783455501223
9783499252310
9783815792704
9783499215261
9783785760161
9781439173138
9783492253833
9783442739516
9783401501543
9783499249396
9780140363678
9783570135372
9783897982628
9783257797220
9783442372010
9783453433311
9783939103226
9783570305447
9783550087769
9783257237849
9783404148967
9783833938023
9783783134599
9783453600904
9781847249586
9781409301127
9783551582355
9783442471843
9783981244205
9783630621456
9783800550241
9783907200889
9783551581990
9783833937392
9780375866418
9783630873077
9783401501123
9783828995161
9783462040807
9783426639894
9783570133750
9780340930519
9783784501826
9783596156252
9783404642373
9783499247217
9783426501702
9783867132282
9783442739400
9783257201772
9783570136546
9783596175147
9780746096635
9780375838101
9783492263443
9783453601369
9783453675490
9783939674160
9783423211628
9783498032333
9783866122444
9783404158607
9783828952225
9783505125973
9781590599952
9783802581663
9783746625676
9783442738489
9783865321336
9783522200486
9783596172429
9783868521832
9780340977187
9783426663417
9783492291927
9783548280479
9783458351238
9783522200622
9783852188171
9783442372539
9783453525528
9780141324692
9783462041408
9783785760000
9780141040578
9783809025610
9782211097048
9783548269436
9783821858494
9780141324685
9783518460894
9783453266162
9783423211406
9781405222334
9783805208789
9783507772922
9780312532758
9783802582165
9783499247897
9783593389271
9783625211372
9783499249938
9783783132380
9783785565971
9783492253307
9781407107165
9783250601319
9783570306277
9783455501186
9783442471942
9783785760055
9783492253444
9783760729794
9783442391691
9783442471973
9783442738687
9783869972022
9781853409790
9783596181704
9781846700941
9783406592874
9783791513614
9781862305731
9783522500005
9783499214776
9783867132367
9783442542680
9783442751815
9783894256098
9780375828096
9783785742273
9783468342028
9783440119341
9783404162994
9783897056732
9783423211741
9780810987999
9783442739981
9783442738335
9783810501462
9783442468645
9783499215148
9783492050968
9781409301172
9783492702041
9783401063652
9783442470228
9783981244229
9783423138284
9783522200318
9783772455520
9783551358806
9783462040753
9783455306774
9783453290822
9783888975806
9783863651626
9783760734972
9783505107498
9783293003989
9783401501376
9783402127827
9783939540427
9783426638729
9783899155747
9783589227587
9783462041545
9783404607471
9783404159833
9783940984760
9783499252242
9783629104762
9781407110257
9783492254212
9783596902118
9783498073626
9783868003468
9783868001679
9783442371174
9783426874394
9783746670652
9780747596349
9783473347490
9783709302804
9783765540554
9783940580269
9783492262668
9783596510924
9783570160114
9783453601413
9783890084633
9783492254540
9783453406841
9783448088755
9783401453705
9781846681363
9783455501056
9783897774902
9780545288446
9783596805624
9783833816604
9783899152654
9783548281193
9783505125485
9783442468164
9783442469710
9783785565889
9783894491116
9783522500531
9783550087516
9783401061955
9781444705164
9781444000214
9780826439413
9783596805723
9783596181636
9783791512716
9783498073664
9783404147335
9781862304970
9780552775687
9783458174608
9783453433502
9783423137737
9780099515838
9783442466986
9783426198339
9780230018143
9783939540304
9783442170784
9783518061329
9781591842620
9780141325941
9783896029454
9781741047394
9783442369409
9783442155323
9783868001891
9783426504703
9783442546497
9783939337652
9783746681627
9783810501448
9783868002416
9783593384061
9783502151685
9783453532809
9783525710555
9783401453736
9783426504482
9783832180874
9780115530913
9780340954119
9783548281223
9783785559970
9783453407480
9780312532765
9783492257718
9783868007404
9783828993754
9780061626838
9781409301226
9783772517594
9783550087837
9783257239492
9783785760017
9783502181026
9783401061948
9781905775538
9783426501474
9783121044108
9783426663424
9783868000740
9780099516873
9783492701716
9783471350256
9783426500668
9783501015230
9783551582096
9783828932432
9783868001778
9783426274682
9783451060182
9783473474257
9783894015862
9783867060936
9783940984692
9783629103765
9780593059784
9783746624860
9783426274675
9783760753409
9783551358943
9780007114412
9783784503820
9780141500041
9783499624704
9783499252693
9783596173945
9783940455307
9783868001877
9783442469321
9783424150025
9780230701861
9783746625126
9783125180314
9783746625140
9783442469871
9783492251501
9783499249822
9783548280578
9783579070131
9783499248443
9783552053991
9783401501413
9783401501291
9783832180980
9783453439122
9783453423282
9783492053310
9783453354630
9783401061986
9783492263276
9783828997448
9783492257497
9783442155439
9783407741226
9783899054729
9783785566398
9783764530440
9783596802951
9783492257169
9783453722675
9783423713375
9783423211451
9783867133340
9783866157200
9783442752157
9783548280738
9783426781838
9780349119021
9780340993828
9783940984777
9783764503215
9783548280653
9783548280554
9783522500432
9783491962422
9783423247795
9783404162802
9781407104225
9780451414380
9783843054492
9780751539240
9780552774123
9780330508605
9783899415827
9783869090290
9783868001419
9783868001365
9783828994959
9783828993860
9783817464043
9783770164783
9783596853625
9783548609072
9783548608983
9783522500821
9783492271691
9783492262798
9783492254991
9783473352982
9783468121258
9783453434158
9783442739547
9783442311880
9783426504536
9783404163724
9783404269631
9781408800287
9780552559195
9780755337156
9780451226723
9780007870707
9780007350797
9780007305933
9780007278626
9783829704755
9783709302590
9780375843235
9780373769810
9780340989241
9780340977095
9780141040608
9780192727510
9783828996205
9783499235993
9781586486679
9783842489219
9789056723095
9783933638458
9783941757004
9783871346378
9783868651416
9783868052367
9783868003215
9783868000825
9783866473331
9783833350351
9783828996168
9783828989092
9783772438172
9783838832135
9783866684126
9783828930506
9783786727484
9783783190656
9783746225173
9783629104205
9783596808267
9783596805891
9783596510917
9783548608488
9783548269795
9783502100645
9783492254182
9783492253840
9783453722507
9783453722194
9783453722187
9783570223871
9783442470853
9783442469802
9783442371860
9783440119143
9783423082211
9783404923182
9783404164158
9783404163243
9783401501857
9783401500959
9783401063065
9782757813799
9782234063464
9781905654338
9781862308350
9781848177864
9783862783120
9781848120297
9781847673442
9781847674340
9781847390592
9781846052613
9781845066260
9781844547678
9781843546498
9781842998403
9781409102298
9781407112015
9781407104867
9781406322392
9781406305692
9781405243711
9780778303077
9782070128334
9780755345779
9780749942670
9780755336111
9780747595243
9780575082571
9780670021154
9780552773492
9780552557078
9780545132671
9780440868583
9780434019557
9780373769728
9780373769575
9780373769544
9780373527052
9780373527038
9780373199600
9780373175659
9780373128792
9780373128761
9780373128679
9780373128617
9780373128600
9780373128594
9780373128297
9780373128143
9780373128136
9780340895672
9781493541140
9780330507707
9780330507417
9780330469500
9780330456746
9782884806534
9780330453820
9780330449816
9780330448390
9780330398008
9780330397995
9780316017695
9780273727514
9780263877557
9780263873146
9780263872729
9780263872286
9780263871982
9780263871883
9780263871937
9780263868227
9780263867558
9781849160933
9782749111230
9780230739413
9780141327778
9780141311494
9780141041063
9780140549096
9780141040660
9780140509328
9780007869725
9780007326624
9780007317332
9780007261949
9780007296583
9780007159208
9783827053626
9783830434856
9783834209054
9781847376206
9781171312604
9780825305993
9783440116357
9783482534300
9783129297575
9783897494930
9783453354159
9783411734214
9788723901200
9783939540359
9783897215535
9783834209146
9783829705592
9783785566565
9783784460390
9783772371479
9783492267038
9783426502112
9782714449849
9782253133827
9783423247177
9782286060992
9783892870494
9783868001334
9783865913999
9783836301626
9783828913592
9783630621647
9783551357663
9783522500845
9783499247026
9783426503256
9783423509237
9783423247375
9783406590740
9783772456763
9781590599037
9781850085256
9780521587372
9783401453897
9783401063843
9783401028330
9783361004191
9783037803875
9782070365791
9782012248090
9788230505533
9783941037250
9783940984876
9783940067371
9783936161656
9783933366641
9783928127585
9783927372382
9783899155051
9783896348760
9783891261804
9783868002669
9783867667289
9783866740495
9783836504966
9783833154218
9783830423003
9783829710831
9783829709828
9783826686665
9783826674945
9783794170807
9783783133950
9783839811269
9783782750462
9783770164578
9783770759033
9783770164318
9783765514500
9783767006614
9783746226477
9783707411010
9783596902330
9783579082028
9783579070155
9783548280431
9783522200455
9783518460436
9783517085821
9783505126574
9783411072903
9783499248924
9783458174288
9783451060342
9783442470532
9783442469482
9783442465279
9783442372973
9783442370641
9783442203543
9783423624084
9783423246989
9783423211222
9783036955438
9781741791785
9780141324425
9783866992184
9783828993150
9783828930353
9783850002219
9783451709890
9781407221090
9783940455277
9783790304268
9787539441245
9783861122777
9783894491314
9780312551353
9782290092897
9781910296141
9789812821225
9789754710151
9789028241190
9788888076669
9788857205335
9788856609639
9783861401704
9780141195827
9788809013506
9788576764397
9788578550110
9788575310106
9788493949792
9783962587451
9783942025171
9783941624580
9783941329065
9783940984753
9783940812391
9783940767325
9783940455284
9783940367648
9783940200280
9783940167972
9783940067951
9783939908968
9783938926796
9783938442616
9783920590332
9783932982897
9783899155426
9783898013024
9783896735041
9783886545391
9783868810295
9783868232097
9783868002935
9783868002003
9783868001327
9783867930604
9783866681323
9789175032184
9783944050119
9783867752725
9783867667647
9783867667630
9783837039467
9783834915818
9783833305764
9783831013425
9783830332190
9783828997899
9783828996380
9783828996342
9783828996250
9783828995253
9783828994867
9783828994331
9783828930308
9780062248602
9783828913929
9783821234595
9783821857084
9783817467938
9783817466832
9783815795927
9783809422549
9783802910722
9783783123029
9783780630834
9783778307199
9783772454387
9783765540561
9783765085116
9783760740829
9783760735986
9781451621037
9783760081380
9783760081311
9783760015545
9783746624488
9783746226583
9783746225883
9783724515159
9783707602883
9783635604836
9783629103987
9783629102980
9783625127215
9783596805914
9783596181681
9783596181346
9783589228454
9783589227518
9783570306024
9783570200957
9783556019382
9783551357632
9783548608907
9783522500777
9783522200578
9783518461440
9783501023839
9783499244742
9783492262859
9783492253130
9783492053198
9783491962620
9783482599613
9783482593345
9783480225330
9783473543458
9783463405315
9783453432901
9783453406803
9783442738052
9783442735068
9783442542727
9783442468140
9783442467792
9783442467686
9783426781807
9783426505632
9783426502020
9783426500095
9783423713542
9783423623889
9783423211420
9783423137775
9783422069343
9783407741561
9783407741134
9783404923168
9783404923137
9783404773480
9783404606214
9783402127711
9783401500577
9783127322507
9783120048572
9783060104192
9783746670898
9782915879551
9782884748841
9782874411403
9782866456856
9782842303648
9782830711141
9782759007110
9782756503622
9782755800265
9782754015608
9782737244797
9782358100038
9782354011307
9782352020202
9782350211817
9782296085787
9782253125587
9782215097495
9782203022614
9782081220737
9782081209022
9782070624331
9782070623327
9782012018259
9781935279013
9781934781425
9781934356258
9781906821227
9781906170844
9781906032708
9781905828289
9781862337626
9781862308855
9781860247224
9781862308671
9781860224874
9781852405045
9781850788478
9781850788379
9781850788270
9781850389132
9781849560344
9781849530026
9781848526907
9781848525764
9781848511149
9781848500631
9781848480988
9781848177826
9781848176355
9781848120457
9781848120426
9781848120181
9781847196101
9781847150929
9781847150875
9781847150769
9781846686702
9781846342042
9781846041952
9781845504496
9781845075958
9781844744084
9781844546985
9782356440563
9782290041857
9781844259397
9781842708699
9781607190028
9781840247466
9781602606753
9781596950573
9781580139366
9781561455041
9781560374855
9781472306968
9781434213716
9781416927440
9781412717687
9781409504306
9781409302988
9781409301097
9781118990896
9781409112631
9781408701126
9781408304808
9781408304778
9781408304747
9781408114247
9781407576749
9781407568041
9781407506548
9781407500355
9781407111490
9781407109862
9781407109602
9781407108100
9781407108049
9781407107110
9783351033484
9781406319866
9781406309102
9781406317343
9781405905183
9781405905145
9781405403276
9781405338820
9781405334969
9781405245425
9781405245302
9781405245265
9781405245258
9781405244947
9781405232593
9781403789679
9780143118527
9781115202213
9780975507056
9780956265661
9780956141903
9780955921124
9780955833724
9780907297611
9780907055150
9780829428551
9780805447675
9780759529403
9780749929817
9780747595472
9780747594079
9780746096697
9780746080061
9780745953427
9780739861721
9780716023166
9780715141878
9780603564130
9780615335247
9780600619901
9780600618102
9780571245864
9780571242337
9780571240050
9780553819946
9780552775649
9780552159173
9780552158855
9780545331531
9780399157073
9780545325448
9780545276504
9780545261555
9780545202022
9780545154185
9780545131667
9780545121002
9780545116640
9780545106221
9780545106214
9780545092739
9780545085434
9780545070911
9780545070904
9780545003964
9780521315838
9780486468310
9780470488713
9780451228604
9780451228246
9780451226280
9780448452234
9780448450377
9780440420927
9780373875221
9780373875214
9780373769704
9780373769582
9780373527168
9780373200009
9780352345301
9780349122182
9781593762636
9780811873444
9780340981573
9780340964064
9780340950302
9780330509879
9780330464048
9780330458313
9780330449014
9780316002127
9780312537418
9780310715917
9780310715900
9780310715894
9780310325031
9780263876529
9780263874976
9780263874532
9780263873740
9780263873337
9780263873009
9780263872989
9780263872927
9780263868838
9780263868425
9780263868135
9780237538231
9780230736146
9780199119684
9780198387329
9780192755797
9780192728340
9780141324791
9780141324784
9780141324654
9780141039572
9780099527381
9780099502937
9780091930127
9780007899814
9780007865109
9780007865079
9780007865031
9780007324187
9780007323227
9780007322374
9780007319091
9780007316021
9780007310968
9780007310418
9780007307852
9780007297184
9780007306190
9780007276073
9783868200270
9783451322570
9783760751917
9783551650511
9781906697204
9783442353941
9783426639405
9783867133425
9783293204607
9780007244553
9783426500477
9781408303825
9783446233911
9783351027070
9780099514558
9780099526957
9780571241019
9783868002409
9783764502799
9780141047713
9781842557228
9780753823392
9783596179480
9783518188958
9783899011890
9783442542673
9783865062598
9783440119549
9780727867902
9780553264616
9783941087743
9781848177895
9783625210696
9783785760031
9783765517068
9783499249068
9781406316230
9783502110583
9783836214957
9781844452545
9783401063058
9780751542912
9783426501429
9780061998669
9783939540441
9783100954008
9783426636459
9780747595410
9783455401912
9783401501871
9783518461013
9780593061732
9781845334413
9783760736044
9781847383020
9783423247528
9781594743344
9783401501703
9781408112014
9783257227659
9780273713951
9783463405568
9781843547419
9783908777489
9783833306150
9783455401844
9780061878572
9783518460290
9783517085197
9781439167281
9783426506332
9783453405271
9780141024073
9783551581693
9781409301431
9783426504543
9781847150684
9783453434820
9783833814754
9780593053324
9781409301110
9783426198612
9783941711174
9783499215216
9783458351429
9783442203451
9784883191031
9783551555243
9783939908777
9783446233355
9783129297377
9783427612834
9781844166732
9783800054497
9783940862679
9780230205406
9780307475206
9780521379052
9780007230181
9783451709715
9783802582295
9783897169302
9780195374520
9780340977088
9781841494371
9781847382016
9783442470976
9781846075469
9781844007615
9781847393180
9783423247191
9783937150116
9783804416925
9783426798119
9780007293407
9780262512626
9783462038217
9783596179749
9780276443947
9781906694180
9783548412931
9783423211116
9783832180928
9783867132343
9783257216141
9783866156869
9782010023705
9783940384348
9780349121291
9780702030697
9783404163755
9783517084831
9780141323688
9780736078283
9783462041279
9781844085422
9781848541894
9783442371549
9781405337755
9783746226552
9783423253000
9783867753418
9783442155569
9780470747100
9783854493495
9782263055669
9783423137324
9783407810489
9783794170746
9783866481015
9783871346293
9780007338832
9783899533811
9780752884493
9781846041631
9780007310616
9780007137794
9783493558241
9783453405738
9780451226501
9783499245930
9783129290972
9781408803028
9781407109046
9783492202626
9780141325194
9783442312221
9783518460658
9781741047868
9783800158508
9780571237487
9780745643908
9783499215162
9783865913821
9780141036212
9781405130578
9783835404236
9780330515115
9783522181778
9783785566077
9781430218173
9782970056737
9780415437868
9780749561802
9780701179045
9780746096154
9783406420993
9780443067877
9781906417291
9783746625270
9783627001582
9780738213064
9783493559422
9783423247467
9780141502410
9783473325535
9783899676006
9780631200697
9780141325972
9780753515730
9781844036752
9783505126147
9780199544707
9783827053824
9783832195106
9783426782071
9783401063522
9781842556450
9781405244749
9783802536892
9780060574161
9781857885286
9783492263375
9781408100103
9780060838034
9782844853202
9781847384867
9780099514633
9780753817391
9780099540182
9781407108186
9781406305715
9783817478927
9781846701566
9783548372587
9781407109831
9783257224979
9781408302125
9781408700600
9783866834859
9780792361787
9781906155582
9783871346422
9783836952521
9780955970009
9781405334761
9783473316793
9783865057259
9780552559201
9783938193488
9783874078504
9780545021364
9780273731566
9781408011478
9780500251508
9783499248337
9783821861036
9783453533110
9780375862243
9780141325989
9780593059777
9783828917958
9783940984746
9781848091047
9782070379828
9782264048561
9783896028747
9780470777640
9781933890517
9783427678618
9780415444569
9780743468954
9783783119923
9781905026500
9780746096482
9781403998880
9781408206089
9783453405905
9782266200813
9780141039992
9782290013533
9783442311811
9780007279050
9780857360496
9783570134634
9783932908835
9783939171188
9780571242269
9780340992562
9783716026151
9781575052014
9780321534095
9780747596646
9781407219776
9783802536908
9783746625355
9780727867384
9780330467889
9780340976777
9783442470556
9783442356706
9780340997482
9783596853885
9783453406636
9783293204416
9783833218187
9783492254106
9780099481256
9782280216890
9782264053534
9782092530009
9780715638736
9783492244213
9783453354081
9783442134502
9783411708161
9781847672674
9780440243960
9783940855022
9783522500180
9782266198080
9780718155155
9780330294911
9788466321464
9783709302705
9783629103611
9783899446432
9783522200448
9783522200141
9783507477049
9783492253857
9783455306651
9783423247184
9781845067649
9781406305708
9781405188425
9780751542127
9780714123288
9780586203224
9780575085510
9780571249572
9780393333947
9780330448383
9780330372626
9780199563234
9780071270274
9780141031590
9780007277193
9788711090541
9783890646039
9783880224551
9783828995192
9783828989474
9783783132205
9783828995048
9783763262755
9783746228051
9783551357649
9783501003176
9783499332753
9783493559415
9783473543359
9783453722149
9783442471805
9783442371761
9783426500835
9783406575655
9783401501147
9782020944656
9781906082727
9783793422587
9781905654611
9781905654314
9781849010719
9781848890114
9781848372801
9781848871700
9781848372733
9781847825773
9781847560933
9781847394699
9781847394224
9781847385901
9781847385048
9781847373960
9781847249593
9781847247780
9781845297275
9781845066345
9781844673964
9781843548416
9781843549352
9781843547471
9781842556238
9781444739206
9781444712094
9781444000771
9781416593133
9781410413864
9781409116882
9781409102281
9781409102090
9781408804995
9783896808813
9783868523638
9783625132653
9783868520040
9781407104874
9781407104034
9781406323955
9781406316094
9781406314281
9781405873574
9781405344203
9781405247900
9781405244763
9781405244725
9780778327004
9780755356645
9780755318902
9780751542684
9780751542196
9780749941284
9780749909178
9780749909055
9780749007089
9780747599807
9780746080054
9780718155544
9780670918133
9780603564291
9780600619383
9780593056820
9780575084377
9780553820584
9780553592825
9780553592313
9780545203951
9782070127108
9780521099622
9780448451053
9780448450476
9780448450469
9780440868903
9780434020003
9780415478724
9780385526494
9780373769667
9780373527236
9780373128570
9780373128204
9780373127887
9780340994429
9780340956977
9780340896365
9782011556288
9783896033529
9783838831183
9781849385466
9781407568140
9783923838653
9780330458504
9780330457729
9780330448345
9780330445535
9780330398428
9780330347778
9780330263061
9780316035453
9780312942588
9780307387875
9780263877571
9780263874242
9780263874440
9780263872217
9780263869989
9780263867800
9780263867756
9780230712584
9780263867732
9780230017917
9780199560769
9780141325828
9780141311517
9780141310848
9780141193663
9780141044149
9780141043661
9780141034867
9780137008063
9780099538882
9780099534839
9780099532569
9780099507994
9780091932343
9780091926748
9780091913212
9780091795795
9780007851799
9780007339846
9780007326358
9783767005228
9783800159239
9783762701804
9780141191041
9783899534481
9783897215528
9783802582059
9783431037630
9783150184547
9781741791570
9783935281645
9783871346200
9783442373024
9783482587528
9781407108193
9780321649362
9783899533330
9783896029249
9783896028907
9783894496746
9783833185250
9783800340347
9783770164967
9783551358578
9783499252181
9781844007561
9780273717263
9783940186133
9783899052732
9783898010467
9783867132077
9783834202918
9783831014927
9783596180394
9783551358363
9783499249334
9783442170685
9781934356081
9781906964177
9781905211159
9783707316209
9781741048940
9781741048667
9780340920282
9781741048186
9780199548637
9780141327723
9780077124731
9783981220964
9783867196864
9783940580351
9783837501209
9783821865034
9783828997479
9783821234687
9783821234212
9783800636532
9783800158393
9783800054862
9783786310648
9783770176465
9783770164547
9783770164332
9783629104724
9783629104007
9783596808823
9783507424272
9783451301483
9783442373093
9783426654590
9783037620038
9781905294985
9781902407876
9781848360693
9781847733467
9781844837861
9781842041215
9781408804315
9781408304365
9781407108223
9780826496218
9780761952251
9780747599265
9780746096840
9780746096796
9780553821123
9780545106122
9780521713146
9783110222951
9780470997611
9780273717225
9780230574793
9780199548859
9780136093688
9780199151295
9780099520443
9780091933296
9783838880037
9783944334325
9782021030617
9789812686152
9789812589699
9788890370205
9788889060148
9788889761359
9788886419291
9781405264075
9781408421192
9780199234899
9783534237562
9783867664592
9788852208201
9783952347584
9783952339527
9783941624023
9783940455345
9783941329225
9783940085214
9783939928348
9783939496472
9783938377031
9783930885244
9783906561509
9783897746930
9783892227762
9783869971636
9783869971599
9783869080512
9783868790030
9783868512014
9783868054545
9783868270990
9783866835429
9783866347953
9783865914248
9783865321473
9783861122715
9783852517148
9783839145371
9783839120071
9783838323121
9783836706988
9783836479011
9783831718580
9783831717132
9783829700702
9783821234731
9783821234724
9783821234694
9783813503272
9783811497139
9783804212923
9783783161793
9783780630827
9783760732107
9783724515708
9783707411027
9783702012113
9783640289882
9783639212716
9783639192438
9783639194111
9783639156942
9783639191028
9783639156645
9783639102796
9783639006568
9783570010815
9783547711561
9783518421079
9783499248795
9783473543441
9783468204890
9783451301643
9783451301469
9783451061097
9783442470303
9783423246996
9783401500881
9783415042094
9783125914452
9783109909030
9783038235897
9783037803936
9783034502771
9783033019478
9783000278938
9782915885026
9782896032105
9782849411308
9782841231690
9782757815014
9782754013017
9782742780846
9782742779772
9782737244568
9782707149107
9782350871097
9782350761046
9782298022247
9782298022117
9782290014516
9782266190558
9782247080427
9782226193032
9782226186294
9782091717609
9782070407613
9781906909048
9781907087042
9781906824198
9781906802363
9781906610135
9781906598150
9781906415778
9781906413231
9781906370244
9781906321925
9781906294373
9781906264109
9781906201081
9781906121808
9781906076207
9781906052218
9781905832507
9781905775705
9781905710072
9781905674992
9781905636693
9781905600151
9781905540709
9781905400768
9781905326662
9781905303656
9781905294886
9781905292578
9781905207268
9781905044160
9781903070789
9781903056332
9781902407920
9781902175584
9781901784527
9781901335033
9781890504793
9781876659721
9781862306356
9781862306257
9781862305595
9781862302822
9781862302815
9781861979353
9781861563934
9781861440730
9781861086495
9781861086488
9781860499050
9781860056529
9781859857939
9781860056499
9781859644829
9781859471647
9781858289489
9781857756128
9781856268585
9781856176682
9781854186270
9781853757990
9781853757266
9781853757136
9781853158476
9781850788300
9781850083436
9781849670012
9781849540070
9781849380607
9781849201049
9781848980747
9781848792975
9781848792968
9781848720268
9781848720091
9781848601291
9781848562004
9781848540088
9781848500846
9781848500372
9781848482111
9781848480469
9781848373716
9781848361898
9781848360358
9781848355309
9781848350786
9781848350656
9781848350632
9781848320338
9781848177949
9781848177932
9781848177918
9781848177871
9781848177857
9781848177840
9781848176720
9781848176201
9781848131835
9781848101531
9781848101272
9781848101241
9781848101203
9781848101050
9781848090521
9781847982322
9781847945501
9781847875952
9781847874474
9781847828033
9781847827975
9781847734082
9781847733269
9781847711489
9781847623560
9781847623539
9781847623492
9781847623485
9781847623263
9781847560469
9781847462503
9781847443519
9781847424112
9781847420961
9781847396297
9781847395238
9781847392756
9781847386731
9781847385468
9781847372666
9781847323309
9781847322517
9781847247544
9781847151032
9781847150868
9781847150783
9781847150776
9781847150721
9781847150714
9781847080967
9781847063137
9781847037886
9781846971334
9781846969478
9781846969003
9781846971228
9781846902383
9781846863929
9781846701511
9781846701351
9781846701306
9781846683527
9781846701320
9781846470875
9781846470721
9781846435683
9781846342691
9781845979164
9783785569542
9781845978488
9781845963989
9781845964146
9781845433215
9781845394394
9781845394134
9781845335014
9781845299064
9781845206871
9781845022778
9781844894352
9781844552153
9781844552108
9781844548101
9781844548095
9781844452781
9781844452712
9781844452644
9781844452170
9781844452125
9781844452026
9781844451975
9781844451968
9781844451845
9781844451333
9781844451159
9781844420322
9781844258413
9781844256730
9781844193080
9781844192021
9781844084760
9781843549109
9781843174141
9781843173854
9781843173663
9781843173533
9781843109570
9781842997963
9781842997925
9781842997024
9781842996713
9781842996928
9781842709788
9781842557075
9781842041871
9781841677972
9781841016009
9781840247657
9781840247435
9781840247206
9781840247183
9781741967548
9781782952039
9781741964684
9781741963977
9781604535822
9781602603837
9781602603646
9781601423177
9781599416762
9781599213354
9781581316087
9781568988283
9782221111482
9781551438849
9781444101850
9781444000436
9781433303050
9781432743529
9781423124023
9781423124016
9781423118107
9781423116042
9781422139011
9781416968078
9781416526773
9781412947176
9781412946506
9781412945745
9781412935173
9783869066493
9783738606256
9782012039261
9781634486279
9781412930505
9781410414359
9781412923507
9781409508946
9781409504290
9781409507802
9781409302223
9781409301875
9781409300861
9781409103752
9781409102335
9781408804902
9781408804865
9781408802212
9781408700563
9781408513880
9781408308073
9781408304792
9781408304211
9781408304044
9781408303573
9781408302118
9781408223178
9781408205914
9781408205860
9781408203699
9781408113646
9781408111970
9781408106198
9781408105146
9781408017920
9781408011553
9789812689016
9781407578446
9781407569741
9781407563589
9781407567037
9781407546919
9781407525099
9781407506586
9781407238470
9781407224688
9781407117218
9781407112138
9781407111582
9781407111537
9781407110202
9781407109848
9781407109596
9781847560025
9780425243640
9780099546573
9780061986529
9781407109572
9781407109206
9781407109145
9781407109022
9781407108865
9781407108766
9781407108698
9781407108650
9781407108339
9781407108261
9781407108162
9781407107509
9781407107196
9781407107189
9781407106120
9781407106113
9782754017657
9782746928268
9781407105444
9781406323207
9781406324891
9781406322255
9781406321777
9781406320237
9781406319873
9781406317657
9781406315035
9781406314298
9781406314045
9781406306477
9781405906654
9781405899482
9781405873529
9781405846134
9781405351355
9781405347471
9781405338868
9781405337342
9781405250061
9781405247535
9781405246255
9781405246118
9781405245432
9781405245241
9781405244268
9781405243933
9781405243926
9781405243896
9781405243872
9781405243094
9781405243070
9781405178891
9781405180375
9781405175517
9781405170901
9781405106825
9781403789211
9781104610111
9780984071814
9780981715926
9780978508449
9780965973366
9780956392008
9780956265609
9780956257802
9780956207012
9780956125309
9780955971198
9780955925702
9780955833731
9780954641023
9780859347037
9780853698272
9780853698982
9780852651391
9780852651360
9780852346976
9780850928969
9780830830909
9780826499202
9780830830879
9780826429858
9780781753449
9780825635069
9780766634275
9780765359827
9780761949657
9780761949022
9780755360024
9780755347926
9780755339587
9780755319497
9780755319039
9780754672180
9780753825709
9780752898384
9780753417690
9780752448244
9780752448060
9780752447971
9780752445359
9780752227016
9780751542349
9780751540932
9780750259040
9780750257626
9780750256728
9780750256575
9780749942823
9780749942359
9780749929497
9780749684235
9780749684266
9780749560584
9780749456931
9780749456511
9780749454074
9780747802631
9780747599968
9780747599197
9780747596943
9780747596691
9780747595632
9780747596264
9780747591900
9780746099254
9780746098639
9780746097298
9780746096659
9780746096192
9780746096185
9780746096178
9780746096093
9780746095331
9780746076811
9780745636443
9780736924801
9780736426121
9780736425841
9780736425803
9780736425599
9780736078733
9780727878083
9780727867858
9780719523335
9780717145331
9780716022039
9780715208601
9780714125824
9780713686869
9780711230514
9780711228542
9780710517517
9780710517364
9780632042524
9780631217374
9780631179511
9780631162087
9780603564482
9780600618829
9780600618317
9780596159856
9780575082939
9780572035389
9780571248025
9780571240746
9780571239665
9780571238866
9780553821116
9780553820867
9780552774642
9780552774192
9780552560764
9780552559300
9780552558648
9780552554091
9780545292702
9780545292696
9780545273893
9780545241021
9780545203111
9780545172288
9780545157193
9780545155250
9780545153461
9780545148382
9780545147057
9780545142533
9780545124157
9780545106238
9780545100670
9780545079037
9780545077828
9780545060776
9780545053662
9780521738309
9780521319058
9780521405676
9780521311397
9780521311229
9780521277006
9780486472492
9780486468570
9780486467672
9780470986462
9780470853542
9783125921351
9782740426791
9780830836338
9780321734679
9783442466795
9783828992818
9783729607811
9783442171149
9783898095136
9783453433601
9780373875153
9783596181308
9783401029368
9780297848240
9783785760277
9783896673367
9783492254847
9780340963425
9780755315895
9783453434813
9783894253561
9780330477246
9783150197561
9783802582097
9783140224567
9780749686710
9783837038514
9783442739639
9780141038919
9780007271221
9780349121147
9783746625645
9783596181612
9783866473843
9783426503577
9781416909842
9780141033525
9783850026970
9783867601115
9780701183660
9780141032290
9781844085507
9783767006607
9780007288380
9781412947497
9780340919200
9783141161786
9783442738007
9783802582332
9783596185191
9783492262958
9783570100097
9783423713450
9788580410907
9788466224215
9783942637190
9780007288403
9780596527488
9780007275700
9783442470860
9783421043924
9783499625633
9783499249945
9780061474309
9783442366057
9783492257398
9780141028200
9780380016976
9783404163564
9780141320984
9783890297484
9783492052047
9783891585764
9783844805895
9783656994855
9783656993278
9783656172925
9783656163947
9783656146070
9783656140467
9782844318275
9782820801265
9782749531533
9782746951846
9782745955043
9783629103802
9783442546701
9783492053334
9780099521761
9780755354405
9780099421924
9783596171651
9783442465118
9783473411931
9780470512166
9783404921553
9783442468294
9783458174271
9783492252256
9783548608853
9783872910561
9783453533080
9783401501499
9783896674029
9783463405599
9783122707620
9780340993705
9783407799548
9783455401943
9780099524007
9783401027463
9783499332708
9780007240432
9780448450339
9780553820508
9780141033716
9782354881597
9782263053924
9783423211482
9783895556425
9780810987586
9780755335664
9783406480126
9780141037080
9783828995086
9783548744728
9783423782296
9783442469413
9780141327488
9783833811999
9783451030116
9780545021371
9783423082242
9780749079147
9781848360266
9783426638651
9783453600935
9783833197536
9780007303533
9781852429492
9780007313105
9781846033773
9783150107003
9783404120604
9783802582073
9783899036701
9783453530874
9783522501170
9783442370269
9780718155063
9782013937283
9782012270589
9781288293117
9781248773581
9780857756077
9781409301356
9780718154462
9783360019660
9783868001174
9783401063867
9783499252068
9780373875658
9783150052907
9783834209061
9783404319824
9783257239553
9780099514954
9780446198967
9780385609340
9781846056321
9780099512974
9783426636978
9783404147229
9780141022031
9780753515532
9783832195199
9783423138031
9783492252157
9783548372709
9780752889511
9780007269747
9783867132275
9780751542905
9780756645274
9783453524620
9780752884332
9783868000894
9781409301134
9781847673787
9783548368306
9783518460733
9780141038124
9780753718735
9783492253581
9783746624624
9781847560827
9783442470587
9783404162956
9780415410724
9783896028686
9781407110974
9783453265530
9780521278768
9781421523859
9783442265749
9780099519935
9780755346752
9780061709579
9781408701980
9783453525658
9781904738336
9780141027678
9783932635595
9781843548027
9783596191390
9783981069129
9783442738373
9781847735386
9781594744426
9783446419520
9783442155736
9783596808564
9780747598503
9781842557747
9783404206070
9783423247566
9783828997660
9781405336918
9783709302897
9783453290846
9783837100938
9780007322510
9783548609423
9780755315390
9783855350018
9781409301196
9780755346028
9783522500234
9783404159765
9781906098766
9783760741239
9783442373970
9780756656157
9780755328192
9783548280424
9783492240673
9783629104816
9780330453547
9783865391117
9780300158441
9783868003208
9783404162963
9783623297309
9781409103660
9780755348930
9781847671691
9783833812040
9780425228647
9780007304486
9781409102014
9780099523048
9783442372393
9780373210152
9783701715107
9783426639559
9783800053674
9780099538561
9783442373987
9781854186065
9783827008336
9783360018106
9783821233680
9781849160728
9780751539271
9780340936689
9781906598143
9783765554971
9780763642945
9783839191873
9783492053006
9783791512037
9783893855445
9783471350232
9783492403504
9783871346590
9780755347148
9780552156325
9783593387062
9783867196840
9781408112779
9783442752089
9782809438826
9782501093378
9782297039338
9780545085359
9783423211765
9780439825979
9780099519478
9780553821109
9783890293639
9780340897096
9780755370160
9780747597070
9781405242356
9781934734148
9783442371167
9783570305027
9783401501253
9780755332212
9783899940558
9783938325223
9781841623061
9783865550644
9781846076732
9780099522843
9783899415889
9780571244546
9780091925635
9780141035451
9780755344840
9783570133989
9783596809264
9783404159413
9783746681634
9780007159192
9780340995952
9781847246998
9780099520993
9780091932503
9783522500616
9783629104748
9780330418997
9783414821614
9781409113843
9783522500326
9783453354050
9783505126642
9783522301824
9783426198452
9780552156080
9783596190706
9788089159093
9780141039237
9780006754893
9780091794453
9781848090552
9780192729248
9781407109718
9783453675643
9783123139161
9783442371501
9780141025681
9781407238456
9780752884509
9781846076374
9783746624877
9783897056640
9781846053276
9783811232334
9780099534853
9783589228829
9783808598764
9783789702280
9783426798171
9783426500262
9781407109589
9783440117132
9781846041426
9783401063553
9781847371362
9783150086322
9783442155712
9783404269181
9783401501116
9781848540156
9783458351290
9783869106021
9783492262972
9783785566602
9783518460979
9780141033143
9780340897300
9780091931131
9781847561053
9783442358304
9780263877151
9783867133708
9780755334339
9783836952507
9780552154765
9780751542080
9781471130663
9783551517173
9781847561268
9783936993448
9783746228099
9783499248740
9783938704844
9780448451909
9780340978825
9780230708983
9780440243298
9783442129911
9783492253901
9780425226346
9780747598428
9781409103356
9783589236473
9783570138038
9780764204968
9783831320226
9783426638675
9783462040708
9781444714814
9783453352889
9780141020914
9781600611049
9783462041378
9783430200851
9780753516850
9783401453743
9780719564550
9780670917860
9780324598193
9780755347377
9783451070006
9783899415650
9781847940131
9780330511490
9783548609317
9780385341004
9780007263660
9788809018167
9781409117049
9780553819526
9780340897959
9783645600194
9780521016759
9783619453542
9780593061923
9780330458191
9783866157170
9783551555236
9783473325528
9783834209139
9780415430432
9780552156615
9780141324753
9783890297460
9783886987849
9783551357670
9783778037348
9780753823408
9781412981316
9780340962060
9782824604398
9783990232620
9781844085569
9783442542789
9780007318780
9780340895443
9783480224838
9783529023705
9780811870948
9780330471923
9783937025551
9780061461361
9780755344956
9780719567506
9781407115009
9780099513469
9781861976505
9780521282666
9783866106208
9780340918616
9783937025230
9783426782613
9780141319124
9783426501832
9783596902002
9783765540608
9783426635995
9780752834436
9780007276882
9781849161282
9783761623244
9781847671431
9780141325996
9781405339797
9780141034034
9780571238965
9783451060830
9783442369331
9780330464512
9783492252478
9781841495057
9780712648158
9783423137850
9783596175727
9783828996571
9783570305898
9780099481850
9781407110417
9780715638354
9781847393906
9783453290655
9783442371464
9781439107867
9780380820856
9783828995338
9783785565698
9783442372188
9780553824421
9780340933152
9783522500241
9780330456777
9780099538639
9783899935653
9783897499317
9783548607887
9783442739264
9783442155682
9783426501733
9783423624190
9783419541319
9783406596216
9781847382894
9781847247223
9781841497099
9780778302650
9780753827116
9780752893815
9780749928865
9780593055267
9780571221967
9780552156134
9780340978368
9780340961834
9780330508582
9780099534785
9780061284441
9780007271115
9783746625577
9783471795576
9783426798270
9783426504550
9783828996328
9783257239485
9781906694661
9781849011310
9781849011198
9781416594925
9781407562612
9781406322477
9780755359738
9780753828250
9780753824085
9780753823118
9780752883090
9780751542660
9780751539622
9780749909413
9780701183899
9780571232031
9780446401050
9780446199544
9780373654819
9780340994030
9780340992722
9780141030494
9780099541875
9780099524939
9780099519256
9780099513254
9780099513131
9780061703256
9780007342280
9783828997691
9788804593799
9783941711181
9783939214052
9783899035377
9783868005332
9783832944780
9783828995093
9783596806249
9781408430019
9781407221229
9780330517348
9781408429891
9783709303184
9781407432076
9783570220993
9783551375797
9783499249716
9783538040083
9783501055816
9783492253802
9783453722736
9783453722484
9783453545274
9783442371785
9783423253017
9783411861514
9783404269174
9782743458065
9782253131458
9782226193926
9780263880991
9781906694166
9781906373771
9781906136222
9781906373764
9781906217860
9781906040291
9781905654598
9781905490523
9781905490431
9781905490424
9781905391615
9781905287901
9781861978172
9781861975065
9781857885378
9781849010771
9783862684021
9783551167507
9781848540347
9781848270152
9781848091375
9781848090347
9781847871688
9781847829191
9781847829122
9781847827319
9781847734457
9781847673046
9781847561879
9781847561374
9781847511218
9781847490889
9781847443335
9781847442529
9781847441171
9781847441157
9781847397614
9781847396495
9781847394484
9781847393425
9781847392664
9781847391940
9781847391599
9781847391391
9781847385116
9781847384805
9781847375452
9781847375414
9781445410395
9783448101423
9781847374684
9781847374554
9781847374141
9781847249548
9781847248060
9781847247636
9781847245564
9781847080646
9781846552595
9781846550997
9781846141805
9781846057144
9781846055843
9781846055720
9781846055621
9781846054600
9781846054471
9781846052620
9781846052606
9781846052385
9781845965440
9781845299019
9781845298937
9781845297299
9781845296834
9781845022617
9781844881703
9781844547869
9781843549093
9781843549062
9781843546504
9787564047788
9783905825343
9781843432722
9781842626962
9781842555972
9781842432716
9781841497761
9781841497280
9781841493961
9781840116731
9781602821156
9781558616066
9781420102970
9781416901419
9781416595649
9781416597421
9781416527664
9781416522249
9783815817896
9783472080664
9782811205737
9782747033503
9782700237979
9782290034699
9783884623053
9781422158579
9788378954224
9783863864309
9783842893092
9783707326574
9783411812288
9781410417701
9781409103684
9781410409638
9781409102137
9781408700792
9781408700679
9781408700006
9781408430712
9781407434254
9781407235103
9781407234465
9781407226743
9781407221311
9781407111681
9781407110486
9781407108247
9782842285098
9782742432882
9782365771597
9782351791158
9781407104898
9781406310481
9781405341776
9781405233316
9781402217791
9780956003836
9780852347072
9780843959406
9780821780251
9780821779569
9780778326175
9780778303626
9780778303589
9780778303312
9780778303060
9780778303046
9780778303008
9780778302674
9780763644321
9780763643690
9780755354382
9780755359523
9780755352951
9782070140145
9780755349760
9780755348893
9780755347742
9780755347674
9780755347513
9780755347223
9780755346530
9780755346097
9780755345816
9781609052775
9781412746700
9782012019812
9781862146679
9780755345434
9780755343799
9780755342549
9780755342372
9780755341818
9780755341733
9780755337620
9780755337132
9780755337095
9780755334766
9780755330591
9780755329168
9780755320622
9780755319732
9780755319640
9780755318858
9781741966725
9780755316229
9780752898742
9780753825440
9780752893891
9780752893600
9780752893594
9780752884646
9780752884165
9780752882932
9780752881546
9780752876276
9780751542820
9780751542486
9780751542424
9780751542417
9780751542394
9780751542387
9780751540383
9780751539790
9780751539097
9780751539004
9780751538755
9780751538205
9780751537703
9780749952150
9780749942229
9780749941888
9780749941444
9780749940744
9780749940218
9780749928988
9780749928971
9782753301139
9781168058799
9783794191833
9780749928896
9780749909161
9780749079635
9780749007423
9780747598824
9780747597698
9780747597568
9780747597292
9780747594154
9780747591955
9780743415286
9780727868367
9780727868190
9780719523816
9780718154677
9780718154585
9780718154516
9780718153601
9780718149864
9780718147860
9780701183943
9780600619345
9780593065181
9780600619307
9780593063644
9780593056813
9780593056790
9780575091542
9780575090842
9780575086920
9780575085503
9780575079472
9780575078727
9780571245826
9780571245611
9780571240807
9780571239948
9780571239115
9780571236114
9780571233588
9780571215294
9780553819793
9780552775212
9780552157605
9780552156622
9780552154741
9780552150910
9780545279871
9780545142953
9780521713764
9780505527707
9780470556115
9780451412669
9780446618311
9780434014682
9780434014613
9780425229910
9780399156045
9780385737470
9780385618021
9780385617734
9780385616447
9780385614528
9780385614443
9780375846908
9780373875696
9780373875412
9780373875368
9780373875245
9780373875177
9780373803187
9780373773572
9780373694426
9780373694235
9780373654932
9780373654826
9780373654284
9780373443215
9783786728177
9783701721085
9780345501554
9780340995792
9780340994436
9780340994214
9780340992999
9780340979037
9780340976432
9780340963593
9780340962398
9780340961797
9780340961568
9780340961100
9780340960769
9780340953648
9780340951514
9782916742397
9782810401741
9782047328002
9781849700177
9780558521844
9780545174800
9780340937037
9780340936870
9780340936740
9780340936535
9780340935613
9780340935996
9780340933473
9780340922705
9780340919927
9780340919514
9780340918463
9780340896853
9780340882191
9780333989876
9780330463560
9780330462464
9783934687929
9780330456531
9780330455756
9780330452649
9780330448376
9780330427128
9780330246200
9780316733168
9780297858270
9780297855217
9780273736752
9780263881561
9780263877595
9780263877533
9780263875614
9780263875522
9780263874587
9780263874556
9780263874457
9780263874402
9780263874365
9780263874389
9780263874334
9780263874310
9780263874273
9780263874228
9780263874211
9780263874129
9780263873405
9780263872477
9780263872385
9780263872316
9783905871203
9780263872279
9780263872231
9780263872248
9780263872149
9780263872095
9780263872132
9780263872071
9780263872040
9780263872026
9780263871913
9780263871852
9780263871845
9780263871692
9780263871661
9780263871289
9780263871234
9780263870923
9780263871180
9780263871128
9780263870091
9780263870077
9780263869972
9780263869897
9780263869439
9780263869361
9780263869354
9780263869279
9780263869170
9780263868319
9780263868289
9780263868210
9783839212066
9780263868104
9780263868074
9780263868029
9780263868005
9780263867978
9780263867947
9780263867886
9780263867763
9780263867701
9780263867657
9780263867619
9780263867602
9780263210019
9780263208979
9780263207767
9780263205275
9780261103344
9780241144633
9780237539511
9780230741805
9780230706385
9780230706132
9780230531437
9780230217133
9780230529212
9780224087469
9780224081795
9780199551927
9780199541973
9780143052494
9780199534890
9780141383934
9780141043364
9780141042695
9780141041025
9780141040806
9780141037769
9780141025926
9780141028194
9780141025667
9780141023540
9780099535089
9780099529736
9780099527022
9780099525646
9780099484189
9780091922641
9780061897276
9780061456831
9783868265330
9780007905782
9780007329083
9780007844982
9780007327218
9780007319909
9780007307272
9780007304073
9780007302789
9780007298549
9780007298532
9780007294954
9780007289882
9780007288199
9780007286195
9780007277339
9780007274888
9780007273997
9780007272440
9780007267590
9780007267569
9780007265909
9780007264353
9780007253920
9780007243112
9780007210046
9780007203116
9780007202010
9780006531579
9781843173458
9783442370511
9780470747452
9783737371315
9783492254328
9783829705646
9783407741097
9783746624969
9783829704830
9783823113775
9783898369015
9783821824628
9783789170782
9781408017715
9780955647659
9783981292428
9783868480306
9783492267083
9783473314607
9783629103505
9783522200301
9783492052795
9783502110651
9783442469734
9783442373710
9783423345507
9783423247764
9783423211642
9783401063638
9781409117377
9783834206404
9783781709621
9783785568057
9783770164714
9783570220603
9783548412924
9783492253666
9783446233157
9783442737345
9783426502419
9783359022367
9781847671196
9780141035710
9781408217276
9780140290578
9780099545576
9788408089513
9783939540335
9783897823389
9783868730876
9783860400081
9783835404625
9783828994638
9783821861005
9783817468430
9783800055104
9783785566541
9783772437540
9783766612786
9783765540691
9783627001636
9783596853540
9783570137130
9783518461099
9783493559200
9780983822301
9780071741606
9780385618007
9783492262934
9783453431010
9783451060731
9783451709777
9783421057891
9783404162826
9783401094908
9781847960115
9781404853393
9780756645144
9780755347131
9780753515716
9780752865751
9780751541731
9780749007928
9780735626652
9783770435784
9783770433827
9780273725343
9780099522225
9780007303007
9780007212743
9780007202959
9780007197668
9783940984197
9781408429013
9782757815991
9789812820594
9789812820365
9789812820204
9789812686404
9789812686091
9789812685544
9789812589644
9789812587800
9789812587558
9789185869466
9789158681439
9789021009087
9788888996226
9781408430910
9782253176985
9782081310810
9781294686545
9783940877048
9788883277085
9788723902733
9788466638173
9788185604978
9788122201819
9783970054617
9783940580320
9783940288813
9783938823484
9783938719206
9783938442647
9783938157916
9783905851519
9783899415698
9783897736320
9783869015187
9783868140712
9783868001501
9783868000979
9783867662130
9783867661362
9783867198561
9783867133470
9783866455344
9783866122246
9783837032260
9783833723728
9783831320233
9783831320219
9783831320202
9783830332220
9783122627348
9783125781450
9780007583553
9783895652493
9783442372911
9781783700516
9783785578162
9783897368859
9783442737468
9783499252112
9783425048246
9783426635216
9783442471355
9782253089025
9783442471065
9783551554598
9783551792129
9783423211710
9783499253553
9783596860036
9783898794640
9783548281230
9783821860633
9783570303931
9783570221457
9783552060937
9780857801807
9780552775427
9783596179350
9780596522308
9783462041576
9783548372969
9783815798096
9782841613649
9783401064079
9780440868552
9783570137321
9783453470910
9783462040968
9783257203134
9781423111986
9783785565438
9781781802403
9783407795410
9783746624815
9783499622458
9783499252990
9783765536953
9780716022121
9781582408057
9783788631680
9783293204546
9783518461266
9783257207521
9783492253741
9783548373218
9783746625331
9783802582370
9783453433465
9783548609027
9783642244681
9780756405328
9781847393623
9783499248979
9783596177561
9783414822451
9783802581908
9783596174782
9783499231957
9783499246289
9783507870765
9783451709364
9780749921859
9783596183609
9783453491083
9780571237715
9783453533035
9781849681629
9783895614804
9783570136607
9783492253680
9783404187454
9783866122345
9783442470594
9783492257183
9783548609065
9783446233850
9783939979050
9780060758301
9783832180393
9783866740440
9783791516325
9783401094755
9783927734388
9783499253027
9780553586831
9783150107058
9783440115961
9783123524615
9783426501184
9780441017010
9783833305993
9783423713795
9783522301695
9780224080231
9783293204454
9780440244509
9783861246329
9783426647202
9780263870442
9783746625249
9783425143996
9783897364271
9783453354319
9783518420638
9780345486554
9783548281254
9783785566008
9783423138307
9780099546771
9783596173181
9783896033321
9783499249907
9783866157156
9781409300830
9783499247149
9783879967711
9783442156009
9783442471010
9783458350699
9783442468195
9783828993747
9783492254960
9783941837003
9783492701471
9783815793749
9783810509390
9783789137167
9783648003367
9783426503362
9783596176410
9783981244250
9783125186651
9783446233935
9783828996533
9783442738939
9783442739257
9783404159918
9783803132208
9780061583216
9783426798560
9783426501511
9783440120774
9783401500911
9783868001198
9781407572321
9783404163014
9783426502747
9783499332678
9783827005342
9783401095066
9783453354661
9783141209280
9781854249432
9781844272921
9783522500548
9783426635339
9783548266190
9780141043968
9781848563346
9780746096888
9781848311848
9783522200271
9783442463749
9783426638255
9783596184705
9783867662222
9780330471886
9783775149754
9783868001211
9783551358080
9780141039558
9783451049460
9783791507224
9783404162918
9783596180691
9783760015477
9783451060984
9783442738502
9780753519684
9783407787231
9783548269962
9783866080959
9783770739714
9783150201824
9783404159574
9783423713603
9783426283011
9783473348282
9783491962583
9780091929565
9780349115696
9780425230176
9783060321650
9783453406834
9783429031053
9783440121726
9783442374069
9781409117094
9783422040021
9783899054415
9783810508782
9783257067309
9783453526006
9783442738717
9783060323043
9783783132809
9783551357571
9783442461011
9783868730173
9783442737963
9780007326242
9783129258217
9780192729279
9783125616660
9781845065904
9783442466849
9783401062617
9783784431673
9780199559381
9783770742851
9783935078399
9783866105959
9783608502039
9783453354432
9780141326719
9783424200256
9783929993110
9783426506103
9783442365678
9783473543380
9783802582462
9783802582349
9783854453086
9781407569710
9783825232924
9783453406759
9783492052221
9783426639740
9781857885347
9783401500928
9783630621685
9783406447266
9783897721678
9780007329076
9783898369329
9783442467648
9781841502434
9782846282925
9782290027769
9783442456055
9781421530550
9780007288083
9783453525641
9783250601296
9781407560175
9780349120645
9783851791051
9783821858296
9780007284146
9783442469819
9783505125768
9783868000962
9782012023581
9783937782829
9783837100921
9783896028983
9783766182654
9783596901531
9783868001747
9783442312047
9783866106383
9780230747937
9783473353194
9783828922662
9781421523842
9780552157421
9783828994508
9783406570353
9780749952457
9783442737581
9783423138048
9780747599241
9783426503904
9783930885886
9783896029423
9781849160445
9783499214141
9783897825475
9783440119778
9781840221855
9783596182329
9783492291866
9783492291828
9783499248269
9783899416329
9783805208710
9780142414125
9783518125915
9781847673312
9783939689294
9783518460924
9783426783429
9783770172009
9783570305089
9783522301718
9781905762415
9780007267194
9783596901777
9781842557242
9780952885832
9783499248993
9783257240191
9783551358349
9788496540927
9783404164141
9783570218921
9780340935774
9783868513097
9783518461303
9783455380576
9783517085616
9783492252393
9783895556357
9783446232709
9783522200202
9783805208833
9780723263920
9783522500425
9780600619109
9783426663974
9783817476954
9780425225462
9783453406469
9783866107199
9783548609386
9783789111891
9783836925914
9783499249853
9781847246004
9780141324647
9781840118148
9783453266094
9783596183869
9783499212758
9783866473850
9783868000764
9783423623971
9783492052160
9783442468980
9783442156030
9783129490167
9780060755218
9783579060491
9783442170333
9783442369058
9780142413708
9783442469345
9783492247955
9783440080221
9783426638385
9783896029263
9780064421744
9781407109367
9783453620377
9781848500877
9781416958420
9783596853724
9780439916257
9783442371136
9780340962077
9783799502825
9781845297473
9780138157142
9783423137294
9783940984890
9783430200608
9783570134603
9783828994669
9783551357939
9780749942335
9783517084954
9783833816406
9783746625362
9783766717764
9783404159499
9783765518911
9780521729819
9783608938210
9780007273584
9780340897089
9781407575230
9783899416190
9780746098974
9783351032708
9780753519660
9783821860534
9781847393319
9783453407329
9783122445225
9783473347995
9780749929602
9783499252525
9781416991519
9783894253639
9780007323128
9783451060502
9783492254175
9780545068246
9781843547839
9783404163465
9783499249723
9783407228680
9783596901470
9783871346439
9780340937242
9783866157347
9783378006942
9783453407404
9783551682147
9780753823286
9781862309142
9782701149776
9783981114614
9781408116425
9783551555229
9781416571735
9783473552610
9781862304826
9780375837326
9781842556306
9783570306543
9783802536960
9783868001723
9781906427009
9782070360949
9783499245367
9783507862562
9783788633363
9783458351085
9780747599616
9783426283103
9783930851751
9781847945518
9783899415865
9780552775762
9783831015009
9783378011045
9783785567548
9783423713733
9780749941895
9783522500500
9783257239515
9783426782316
9783596901746
9783854453055
9783442466863
9780746086865
9783868830484
9783472074366
9783455380613
9780316014564
9781409530695
9783861507611
9783499249877
9783546004336
9783785568170
9782070359769
9780446199308
9783448099713
9783442155217
9783522500685
9783499252969
9783828994362
9783746625102
9783440118368
9783868002478
9783442369577
9780099515029
9783936783346
9783518461242
9783760736488
9783404664313
9783453433656
9780545106184
9783939478133
9780007861934
9783501071267
9783423211260
9783899416299
9781845068806
9783596181384
9783899416787
9783596853663
9783453352780
9783629022332
9780007309719
9780007309696
9783765561405
9783453490109
9783378006904
9780007273591
9783518460900
9783401094311
9783548609348
9783404606245
9783879968435
9782848654225
9781844743896
9783426501528
9783442466290
9783453406438
9783868810257
9783451709456
9781906837082
9780552775267
9789752976993
9783468792434
9783785568415
9783423713535
9783406588167
9780007333851
9783836804493
9780736425605
9783442169962
9783899416046
9783404159888
9783442266067
9783876203416
9783453434080
9783493557800
9783404163533
9783499623295
9783942048002
9783426503263
9783442369812
9783473583461
9783426503324
9781741798869
9783492053716
9783941329195
9783828996229
9783442470624
9783492052306
9783889812827
9783548280547
9783480400324
9780141319254
9783868271270
9783746624709
9783855354306
9783629022011
9783821233420
9783125940185
9783899778113
9783404642342
9783785562628
9783809416678
9783406594137
9783426501603
9782753013650
9783442266203
9781854378507
9783746624761
9783453503816
9783190329816
9783868004427
9783492254076
9781406323184
9783848512423
9783788624194
9783518420577
9781407532288
9783551167279
9783358030738
9781407556765
9781905220502
9783453525689
9783868504767
9783480224029
9783803122834
9783351041038
9783833814020
9783426638309
9783836301633
9782743621551
9782351840467
9781783295456
9783899416244
9783885713050
9783411861927
9783548269801
9783800054657
9783492254618
9783941087286
9783475540134
9782290009130
9781847623140
9783036955506
9780307474278
9783426501672
9783150107010
9783123524370
9783451297199
9780748637843
9780745953755
9781408400630
9780192710987
9782266199599
9783548280370
9781847671158
9781841652665
9783426639498
9780099512936
9783828996625
9780670915651
9783442370665
9783499625145
9783940432599
9780007314706
9783442372034
9783275017072
9783899415674
9780061667848
9781844159819
9783815798515
9783828992689
9783426275146
9780571244072
9783425134437
9783763025664
9781407110233
9780141311500
9783898414722
9781840247787
9783898369220
9780714150680
9783804417342
9780141038957
9783937929354
9783257066999
9783938350546
9781848540187
9783896804174
9781426305825
9783828993648
9783866474178
9783589227617
9783879968336
9783453406643
9783804417151
9783828986206
9783473380756
9783100660640
9781408805107
9783828997578
9783499248856
9783125940086
9783453405790
9783596178810
9783492271424
9783499332739
9783505125904
9783492275767
9781857334760
9783522500272
9783589227846
9780753515709
9783453407374
9783897360747
9781847150745
9783406585630
9783492053365
9783839163962
9783499216855
9783760734934
9783404159277
9783442470495
9783426636565
9783492263122
9783411737710
9783827008152
9780716022114
9783898414777
9783401501161
9780141323299
9783865062611
9780142412725
9781407577654
9783940455420
9780887548512
9780804763509
9783835404731
9783453722255
9781407111643
9783833813917
9783746625133
9783401500874
9783785565704
9781906694159
9783404923151
9783596183876
9783426648360
9783401501659
9783453406483
9783404285211
9783518460832
9783499249525
9781848373150
9783492253659
9783421044297
9783518188965
9780553818376
9783473582884
9782253088899
9781405245753
9780006513230
9783826655296
9783548372990
9783462041521
9783442372508
9783838834993
9782358080453
9782290042373
9781439297292
9783816780953
9783522500302
9783446233799
9783423137508
9780340979044
9780061667855
9783868200409
9783772437922
9783589227792
9783570306307
9783517084770
9783492267090
9783499243592
9783455401431
9782298029796
9783828993105
9783453354197
9783442739141
9783378006928
9783940731210
9783899416282
9783895614705
9783527705726
9783629104182
9783462041637
9783426506349
9783440077580
9783423211833
9783401094250
9781862308534
9780755346714
9780755337637
9780552156158
9780552155533
9780340997499
9780330508599
9780330448116
9780064470070
9780007115167
9783869360249
9783899416527
9781441120922
9782221111802
9783828996199
9783827008671
9783746625461
9783827053619
9783746228143
9783548372976
9783538005068
9783499249747
9783522500951
9783492263146
9783442470440
9783442371808
9783426504574
9783423211864
9783404163519
9780785166962
9781847673251
9781846686412
9781439109656
9781420104240
9780765324085
9780755346721
9780755339877
9780755345311
9780747599791
9780600619017
9780571245901
9780441016945
9780425231456
9780340935842
9780340953587
9780330453127
9782081228795
9780224087933
9780099542124
9780060892135
9780007286317
9782298018158
9783828993723
9780140424805
9783596299614
9783404147717
9783832163181
9782278065479
9782213655154
9782809506471
9783760751986
9782290083871
9782218980848
9781442487215
9780007445974
9780857860781
9781477822890
9789812820839
9788856606126
9783940984739
9783940984203
9783938193433
9783933827982
9783929993608
9783735719836
9782263067013
9781611099058
9783899504637
9783868001815
9783869971520
9783868001358
9783866107281
9783866106086
9783828996151
9783828995222
9783828994539
9783828942172
9783819607233
9783789142000
9783789116308
9783785563403
9783770164066
9783763263332
9783981640939
9781782432777
9783763240098
9783596809165
9783596809066
9783596808250
9783596176106
9783570221006
9783570220801
9783507473799
9783499253058
9783492263351
9783492262941
9783492262903
9783453722118
9783453722156
9783442470891
9783426506110
9783423624299
9783404923205
9783404164134
9783401501154
9783401500942
9783401027425
9782266199896
9783060206070
9782253082675
9782226194008
9782226193933
9781906373573
9781905695881
9781905654321
9781905430536
9781904674054
9781904027751
9781903301524
9781862308336
9781862303638
9781851686278
9781848373303
9781848373075
9781848090996
9781847826930
9781847560865
9781847491312
9781847491176
9781847490803
9781847395252
9781847392138
9781847376275
9781847373502
9781846686559
9781846571596
9781846143298
9781845283445
9781845073916
9781845068769
9781844881505
9781844167340
9781844083862
9781842556672
9781841356754
9781840028560
9781604599282
9781595142658
9781439157268
9781439101568
9781434458797
9781416560821
9781433510526
9781416552277
9781410412959
9781414312712
9781409505167
9781409103004
9781409102267
9781408805947
9781408804452
9781408803608
9781408802472
9781408800621
9781408700723
9781408307441
9781408431351
9781408305393
9781407244129
9781407234472
9781407238319
9781407228051
9781407116969
9781407111629
9781407111605
9781407111292
9781407111285
9781407109480
9781407108407
9781407108209
9781407104881
9781406323986
9781406319576
9781406314625
9781406314618
9781406311020
9781406308532
9781406303438
9781405507264
9781405340878
9781405339766
9781405338578
9781405337670
9781405333535
9781405233330
9783860374115
9781402217760
9781402211676
9780812977370
9780778327240
9780778303602
9780778303015
9780765356376
9780755355297
9780755345939
9780755337125
9780755335640
9780755318278
9780755309337
9780752889528
9780751542462
9780099574125
9780751542448
9780750531207
9780751538380
9780749942724
9780749941734
9780749941581
9780749928995
9780749909758
9780749909345
9780749909192
9780749909130
9780749560287
9780746096802
9780727868329
9780715638460
9780670073160
9780600619352
9780571248827
9780571236503
9780571241002
9780553819199
9780553592863
9780552560627
9780552560436
9780552558112
9780545109765
9780425228562
9780440296942
9780385751834
9780385616294
9780385616218
9780373773510
9780349122199
9780345510105
9780340997536
9780345485809
9780340997390
9780340970195
9780340957011
9780340937266
9780340918487
9780340734810
9780330516594
9780330507479
9780330507462
9780330507455
9780330456371
9780330449526
9780316044271
9780316027656
9780307476296
9780307453624
9780263876598
9780297855613
9780263876451
9780263875584
9780263874860
9780263874488
9780263874471
9780263874341
9780263874266
9780006499275
9780263873245
9780263873238
9780263872859
9780263872408
9780263872163
9780263872057
9780263871951
9780263871944
9780263871906
9780263870534
9780263870527
9780263870503
9780263870114
9780263870084
9780263870046
9780263870039
9783796615177
9789462448889
9782746972841
9781846077937
9783473328116
9783833814358
9783473385324
9783868200348
9783596182374
9783473380763
9783257234695
9783551088628
9783636070395
9783570304525
9783833936340
9783442372997
9783404156146
9783570305621
9783518188866
9783442738069
9783939965152
9783866474390
9783570220467
9783141007701
9783769817836
9783499248023
9783837052954
9783737330220
9783852518336
9783423138147
9783442542703
9783492254823
9783453524767
9783499249167
9783140224635
9783551089885
9783785568286
9783760741093
9783127344967
9783551088703
9783551774057
9783499176777
9783866474376
9783499247743
9783830342045
9783125471658
9788850215812
9783596175420
9783839117552
9783789393600
9783933651303
9783785566213
9783462041323
9780345503404
9783888491368
9783125471559
9780142414934
9783426639429
9783442468621
9783423624077
9783981220742
9783257239324
9783499246265
9783257203127
9783492253055
9783442218738
9783423034005
9783498030056
9783499246258
9783891890059
9783596178650
9783866473805
9783125780323
9783423211529
9783125472044
9783453675704
9783867197120
9783596809196
9783570305638
9783426638897
9782278060924
9783596180677
9783866474307
9783453406285
9783596809271
9782351840535
9783518189078
9783404159901
9783423624374
9781423101499
9783257202076
9783150186121
9783867600750
9783570137086
9783453352766
9783453433922
9783940188199
9783518189085
9781860498800
9783507044913
9783442470471
9783867173896
9783473524075
9783453433977
9783499188848
9783125220805
9783876513447
9783899013061
9783442467617
9780198328728
9780747598800
9783551792112
9783129272022
9783492253895
9783140224598
9783492253703
9783805208666
9781842233450
9780552161251
9783492252409
9783499624872
9783931569259
9783442266289
9783837501513
9783423705196
9783453670228
9783060313075
9783789106538
9783825657567
9783257240122
9783772459153
9782809805451
9783570171196
9783492253987
9783821807584
9783404162611
9783596174935
9783426781685
9783150150627
9783442170845
9781406307641
9783129230527
9783426637685
9783769817867
9783401063300
9783785565247
9783596902255
9783570220962
9782280814317
9783150154120
9783637007444
9783125220928
9783453470965
9783150186657
9783453405820
9783570220658
9781409301769
9783865825704
9783426500316
9781851243426
9783809424208
9783785565872
9783866473867
9781933241128
9783060155507
9783927734128
9783455381412
9783404243815
9783860400012
9783000295928
9783823103417
9783933651310
9783257202083
9783980503921
9783453406094
9783442372126
9780198328735
9783442740413
9783125615823
9780198328667
9783423211512
9783940188205
9783981220735
9783836957892
9783866474345
9783453524941
9783125460584
9783902447531
9783766153487
9783785567357
9783125964013
9783789166181
9783453354272
9783499253508
9783141000214
9783551650528
9783442350667
9783551554048
9783934703063
9783980989398
9783150154168
9783895556319
9783498035433
9783442373963
9783934442504
9783833902369
9783473524068
9783551782526
9783442351053
9783522200875
9783150186190
9783589227570
9783442352982
9783442372355
9783518460795
9783869101576
9783507847552
9783785567364
9783453524781
9783442171088
9783950278712
9783125972599
9783125220430
9783442170593
9783125475823
9783442471324
9780553818116
9783874075527
9783404642366
9783507044920
9783401029757
9783794527113
9783867197533
9783865020192
9783867197540
9783836803694
9783499248894
9783837706642
9783548609362
9783442363001
9783850026895
9783866107342
9783785567319
9783140224734
9783257203141
9783548609294
9783596178803
9783453266650
9783791526799
9783802581861
9783442372102
9783507408777
9783551751560
9783804418226
9783423211796
9783596178032
9783442362998
9783867428316
9781846680403
9789002241796
9780330468466
9783464542019
9783774287976
9783507848719
9783932236211
9783492259187
9783455401516
9783867196611
9783499624636
9783894875350
9783423713931
9783799502818
9783150154199
9783453811416
9788847619654
9783548372907
9789002241789
9783507855960
9783940466457
9782845999879
9783442738434
9783596510801
9783442468065
9783499249914
9788847609808
9783829716000
9783423138291
9783453524224
9783499245350
9783897499287
9783492285285
9783442542659
9780061684388
9783492254137
9783935558891
9783896028754
9783596807178
9783060618071
9783446209961
9783426783009
9783866473829
9783125455511
9783897368972
9783442459179
9783404159680
9783125812451
9780446567336
9783125914520
9783596183302
9783785567616
9783453354289
9783442466238
9783064501003
9783839148693
9783926526878
9783831320288
9781416598237
9783872306074
9783473523962
9783451070969
9783898187169
9783596175642
9788847609556
9783423252904
9783596185054
9783462041286
9783492275705
9783257203110
9783785567999
9783141240603
9783492252997
9783746625157
9783442266258
9783466345328
9783453525498
9783836516815
9783150186671
9783406562716
9783423211857
9783505125393
9783907020739
9783442467624
9783505125416
9783837100907
9783596510986
9783839001035
9783462040913
9783060618828
9783882217438
9783629022226
9783785317730
9783406447389
9783866473898
9783815794098
9783492253673
9783746625584
9783897176010
9783473385355
9783060322749
9783981284904
9783275017171
9783830422754
9783866474352
9783746625188
9783125940154
9783981135312
9783551751577
9783499244759
9780553818383
9783896804150
9783425143415
9783867280877
9783825835958
9783442312337
9783802581854
9783453533059
9783129272060
9783897056381
9783141000207
9783257240115
9783442338610
9783926526106
9783833212055
9783425132549
9783401453958
9783551779885
9783129272046
9783426781920
9783551779878
9781905294930
9783802581915
9783125940116
9783866474413
9783125811454
9788477113423
9780399155345
9783257011456
9783492257428
9783766169129
9783867424431
9783499623929
9783125880504
9783825215040
9780141190334
9783493559293
9783899777925
9783442372812
9783802582424
9783854525844
9783940984661
9780141030913
9783425143019
9783499248900
9783453354210
9783867663595
9783482599910
9783551779861
9783868810448
9783060813391
9783257202069
9783505125409
9780140369311
9783800074273
9783933385338
9783625121701
9783423030021
9783453533011
9783824804368
9783125475557
9783426283004
9783453533066
9781179854830
9783772437625
9783150183663
9783499214974
9783895556333
9783404159802
9783507408876
9783866473812
9783492254908
9783802581496
9783492253093
9783423211376
9783897056510
9783462040838
9783552054554
9783507870208
9783854913511
9782754058247
9783833306556
9783492263238
9783869014623
9783548372679
9783940168504
9783423345354
9783837204094
9783551357748
9783150154038
9783423252966
9783453434134
9783060320455
9783425183015
9783499248801
9783446232747
9783150197554
9783651000506
9783257210064
9783939684640
9783192695940
9783466369010
9783442469963
9783804418394
9783123131721
9783141060508
9783596168576
9783499252341
9781405454360
9783833812026
9783453532915
9783833816659
9783708403427
9783821856322
9781857022421
9783833814334
9783766182678
9783442370573
9783431037913
9783442471157
9783458720133
9783257239102
9783293204713
9783442470297
9783869360034
9783257202090
9783766613028
9783499248764
9783060618378
9783862650767
9783596902057
9783784418155
9783499241932
9783401060729
9783905638394
9783902404787
9783897366022
9783551779854
9783440118412
9783930799008
9783706904919
9783802582271
9783125209213
9783518125922
9783830439134
9783895610431
9783702230357
9783453533097
9783150186770
9780152067045
9783815795293
9783100448118
9783867197151
9783150186145
9783579068992
9783492253994
9781844085934
9783570160459
9783442266050
9782714445872
9783442372041
9780141039954
9780007243310
9783404664269
9783940426376
9783802582004
9783868860153
9781842707753
9783440115404
9783637008526
9783548280875
9783834209085
9783460280830
9783507406711
9783123131929
9783894160586
9783802581830
9783293204690
9783125984394
9783129203323
9780753516836
9783426662885
9783803112132
9783060814732
9783867197144
9783492249317
9783150186091
9783125220911
9783898315418
9783785560341
9783896883957
9783150186152
9783866455481
9783406592850
9783596176632
9783140224611
9783464604403
9780330506649
9783551779892
9781854115140
9783770470563
9783868820270
9783821859835
9783293204591
9783868820249
9783060822331
9783824110438
9783423137744
9783471350171
9782012267701
9783462041132
9783897823457
9783518460405
9783442739073
9783499246173
9783123139574
9783596510733
9783507018112
9783897166875
9783897360730
9783939828341
9783214073008
9783837095982
9783123524509
9783570006221
9783499244728
9783492257206
9783129203330
9783800159130
9783473980833
9783257207538
9783466368303
9783935265386
9783802581519
9783625123668
9783868001105
9782081225442
9783492253567
9783803126214
9780425230169
9783937914671
9783035000146
9783518460504
9783981303209
9783492701426
9780747596776
9783596179879
9783570305829
9783426501214
9783817467266
9783427006367
9783871346255
9783522181587
9783423138703
9783150185704
9781906042226
9783596510740
9783442371518
9783902692092
9783426274798
9783404162765
9783125186156
9783817468621
9783505125522
9783293204638
9780061584459
9783596185412
9783897056251
9783548740911
9782226215673
9782218949494
9781572933736
9781446149881
9783125479227
9780312561284
9783829706186
9783548280622
9783423137348
9783442739349
9783802581502
9783939478157
9783791722252
9783868200546
9783898368797
9783404664276
9783426198445
9783936682762
9783834206411
9782842789404
9783491725676
9783498057879
9783473368266
9783473349685
9783466308279
9783899956887
9783793421481
9783404162727
9783800157914
9783453433793
9780571229680
9783940086341
9783440121153
9783896673961
9783060617296
9783501051801
9783851790153
9783423252973
9780701183691
9783830432975
9783257240238
9783442372744
9783404613779
9783867428286
9783423211383
9783895556432
9783596511099
9783897982536
9783802582363
9783426500293
9783827006226
9783442738755
9783929228557
9783480225903
9783902148117
9783800095018
9780007274468
9783868851625
9783833818097
9780451226358
9783038004455
9783464690826
9783518460771
9783423137591
9783805340885
9783895556449
9783492254359
9783930888979
9783899332933
9780778326564
9783499246272
9783442170661
9783833811982
9783446235212
9783935263634
9783190095025
9783522200233
9783833814549
9783897499218
9781841588490
9783451302794
9783442467600
9783815794029
9783423211611
9783140400282
9783548281063
9783401501314
9783580652289
9783548609355
9783426502631
9783150186374
9783448102277
9783492253529
9783806222302
9783870924850
9783866081208
9783886809356
9783936950878
9783407741684
9783257239171
9783141145779
9783570011140
9783866481114
9783440119273
9783407858795
9783886809172
9783940938596
9783899416664
9783941462175
9783424630060
9783417262841
9783150186817
9780007318865
9783425724171
9782253127543
9783453406315
9780142412961
9780099536581
9783596180455
9783802582158
9783453524118
9783867424387
9783257239423
9783518461037
9783464680605
9783702012304
9783499248771
9783451060656
9783898369053
9783898628082
9783867890564
9783551582089
9783462041583
9783940984715
9783785569702
9781407577616
9783834808776
9783453526372
9780399252181
9783596174645
9783406592447
9783140223683
9783837100877
9783825232573
9783401063188
9783940357106
9783833817533
9783630872728
9783868271072
9783867425162
9783867662260
9783499242021
9783852188164
9783551517210
9783596182114
9783451060786
9783897366046
9783895556326
9783837071597
9783060241408
9783854910473
9783802581977
9783551581938
9783522200295
9783442371150
9783404163199
9783507044715
9780141042855
9783430200820
9783492266840
9783423211727
9780593055380
9783797311375
9780099517641
9783548609393
9780446537520
9783867133418
9780440244639
9783150186732
9783784431888
9781408805817
9783060816378
9783817451210
9783417261233
9783423137911
9783150186299
9783442739646
9783825232412
9783423211543
9783404163267
9783442373000
9783866992214
9782070127368
9783888976407
9783492052597
9783407741592
9780448449852
9783280053270
9783899777970
9783629011039
9783867428309
9783870731373
9780765363909
9783125940161
9783785567012
9783150185667
9783937357300
9783257067330
9783803126061
9783406586545
9783401063614
9783446232785
9783630872803
9783548609164
9783150154182
9783442752256
9780747599821
9783411733712
9783876140742
9780755320530
9783596174249
9783464680667
9783866107625
9783867852906
9782207117224
9783406418709
9783358030783
9783401062563
9783902404695
9783458351726
9783464609736
9783981244212
9783596806379
9783423137515
9783125471153
9783442467921
9783442162833
9780061963865
9783507470699
9783100278197
9783549073315
9783127353037
9783458710257
9783897676503
9781919938776
9783499623288
9783451060687
9783442203338
9783499246111
9783570220559
9783939940227
9783120457701
9783401022406
9780755345502
9783817478637
9783442370627
9781409502531
9783899416961
9780755346189
9783548744841
9783423211284
9783421044020
9782253126300
9783194095458
9782070389933
9783937914466
9783257239379
9783440120958
9783462041330
9783480400157
9783125461161
9783518460962
9783774304338
9783453407091
9783453290631
9783499247903
9783596175925
9783781709607
9783896673978
9783448094121
9783829710541
9783406586989
9783867280808
9783570501078
9783442751723
9783150186435
9783442471034
9783464606384
9783411100910
9783190579181
9783898095150
9783707411348
9783936973426
9780007317493
9783878682929
9783492253574
9782035844552
9783499249051
9780099541837
9783788634520
9783898832366
9783442311910
9783453433038
9783897169852
9783499622892
9783442470136
9783505126024
9783869103037
9783939940258
9782081209589
9783442371730
9783121770045
9783499252082
9783551769930
9781846432750
9783941711044
9783404615155
9783453433731
9783453266438
9783895557477
9783817466931
9783458351078
9783060006779
9783881321174
9783451709241
9783453266414
9783893971244
9783850033381
9783809425908
9783404163854
9783551358622
9783851790849
9780956003881
9783894795115
9783833900730
9783940908025
9783150184875
9780746091708
9780553840766
9783426198315
9783829703567
9783760740867
9783423246927
9783506767615
9781407577630
9783778792087
9783785568620
9783937914091
9783833218781
9783570304808
9782081219656
9783899777963
9783442740178
9783596184668
9783527705696
9783837304442
9783839210017
9783589229895
9783866183551
9783898452649
9780349119540
9780439443838
9783401063607
9783939684510
9783637008021
9783525367506
9783038004493
9780340956489
9782811600174
9783897056527
9783785567982
9783939994053
9783902406576
9783122366025
9783425106137
9783423211253
9783866740419
9783940908049
9783506767592
9783570306376
9783458351405
9783492253031
9783548608778
9783895556500
9783826422010
9783897982635
9783404233298
9783442311309
9783894162580
9783868045482
9783451057298
9783150197677
9781407577609
9783453525740
9783868000924
9783423082266
9783593388021
9783832180669
9783426274637
9783833815980
9783781711969
9783866474383
9783764530273
9783940077493
9783522181440
9783406583544
9783771644154
9783401094670
9783939684480
9783442372249
9783833814266
9783785760024
9783548280080
9783809425335
9780061804304
9783426283349
9783540793205
9783785568019
9783442468966
9783150154052
9783473523948
9783498006549
9783831015078
9783746624976
9780470411643
9783990100363
9783411140473
9783404163021
9783619015207
9783487088105
9783453580473
9781407577661
9783453523975
9783404158027
9783404163496
9783596180417
9780956003805
9783630872735
9783125745957
9783625121435
9783866157385
9783442471430
9780061474316
9783455401929
9783866473232
9780141191263
9783897642904
9783462040920
9783629104236
9783867500470
9783127403138
9783781718944
9783941004016
9783881002615
9783127426960
9783125811478
9783462040654
9783941411128
9783821865010
9783127343977
9783404163601
9780440243281
9782253127765
9783442470549
9783404163410
9783548411910
9783828995246
9783899777918
9783257239300
9780425226933
9783895661709
9783784431956
9783828994577
9783485011907
9783772455575
9783453640399
9783499625725
9783446234284
9783834209078
9783414822338
9783570501085
9783827244871
9783060088270
9783423211208
9783453433083
9783150185698
9783442155088
9783453352988
9783854453079
9782869598836
9783505125553
9783833815911
9783406508578
9783426637128
9783941118072
9783981308716
9783100590213
9783852564968
9783867424479
9783596720101
9780553592351
9783833816338
9783423623926
9783548280295
9783466308446
9781409300588
9783442266043
9783407228857
9783937914718
9783429031503
9783629104496
9783448094091
9783931988227
9783831717965
9783527504497
9783492052382
9783124434203
9780801890932
9783833818240
9783426198674
9783833817762
9783442219032
9783442171286
9783765103094
9783548281094
9783640903306
9782843376146
9782809804294
9782356482723
9783125798229
9783060323029
9782258086463
9781423150725
9780857382313
9780297866411
9783867232166
9782755506112
9783863651138
9783935992565
9783637004405
9780099538592
9783802582516
9783060824281
9783940801425
9783473347452
9783809425144
9783453701359
9780141040226
9783785567579
9783981072105
9783765334511
9783060822386
9781407577623
9781407577678
9783931587697
9783442462582
9783821858388
9783060600069
9783548608938
9783360019738
9783821859828
9783473347919
9783839210192
9783462041422
9781407583433
9783442471799
9783802536649
9783411735112
9783811232112
9783899415636
9783833153617
9783821860695
9783828913981
9783868200201
9783426505281
9783451322631
9783833305832
9783765517433
9783827008329
9783404606191
9783442311835
9783794180875
9783899415742
9783898795043
9783406586873
9783833815201
9783940319562
9783462041347
9783791516080
9783451302558
9783869060187
9783867360654
9783746226613
9783874078436
9783896028914
9783404163281
9783426874363
9783440121948
9783794161614
9783940675132
9783852562094
9783760741369
9783833816031
9783426798201
9783570138076
9783442374076
9783351032692
9783426500187
9783941087392
9783869971582
9783937787190
9783770469482
9782266190589
9783551366801
9783836213875
9783257066876
9783442203468
9783141445770
9783430200592
9783837102390
9780572035228
9783627001612
9783442469529
9783453290693
9783898369282
9783570218754
9783895336416
9783414821515
9783940888365
9783834807205
9783832180973
9783832195212
9783191094997
9783813503241
9783499248917
9783940888372
9783766168917
9783411864195
9780141044101
9783899036640
9783125940208
9781407583624
9783125615373
9783637004634
9783865286543
9783464220887
9783835580220
9783785723647
9783867426459
9783473314713
9783828913974
9780385517836
9783815830369
9783764502881
9783426874080
9783551358691
9781407573854
9783866455245
9783453354067
9783899416848
9783868850260
9783570580073
9783809425533
9783442311675
9781906694401
9783629014498
9780440243342
9783817466894
9781416597995
9783829710602
9783442218837
9783764530174
9783426782460
9783802536786
9783939908845
9783981337402
9783121040056
9783123139062
9783124540201
9783791880143
9783709302002
9783941653016
9783120049470
9783570160190
9783825898441
9783423713757
9783473347896
9783492263399
9783492052535
9783492254670
9783426781388
9783404159628
9780373774326
9783939716624
9783869107509
9783453722330
9781598802016
9782253127925
9781162572222
9780316035811
9780230620582
9783832947033
9783828995239
9783701715305
9782266200318
9782260017707
9782253126546
9782253045045
9780778302919
9781403939678
9780771038129
9780340840399
9780755397587
9780755317080
9780752894065
9780425225844
9783596164738
9783625121503
9783464604946
9783898794268
9783896033314
9783404162819
9783894498528
9783570136423
9783453280144
9781407569611
9783897056657
9783125877733
9783939084891
9783899052954
9783866183650
9783828913578
9783981286625
9783939698883
9783896622464
9783867520829
9783780612090
9783702229115
9783623297705
9783589227556
9783522181761
9783482575822
9783482476808
9782343036380
9781941103241
9781482413533
9783453290839
9783414822055
9783060618897
9789812685698
9789037486797
9788878872066
9788847606517
9781606711972
9787561914502
9783950238952
9783940459756
9783941196025
9783939716686
9783938823477
9783902669087
9783902447401
9783902440105
9783897820173
9783900967819
9783893319664
9783891244227
9783879967957
9783879822935
9783870730673
9788488839558
9782732444703
9783869362205
9783854525455
9783867890731
9783868033977
9783862334148
9783852517209
9783852211022
9783837501384
9783839140888
9783837097238
9783831717385
9783831717439
9783831408375
9783829709811
9783815795170
9783724515760
9783640433360
9783623219264
9783570219997
9783482584039
9783475529825
9783473347933
9783468961137
9783451301711
9783411861682
9783403039563
9783200016323
9782917670040
9782915746327
9782915621280
9782915548365
9782853273817
9782759007844
9782742779734
9782746923935
9782723473491
9782350390710
9782298028386
9782290018668
9782290013762
9782280807500
9782266192989
9782246760610
9782218936913
9782211096065
9782081222502
9782047314319
9780340999868
9782012445444
9781848482098
9781856177153
9781848372337
9781848091184
9781848176102
9781847399656
9781844192403
9781841496245
9781615680313
9781608890170
9781605296500
9781592404872
9781435852716
9781410417466
9780956392909
9780956015013
9780854421367
9780755317851
9780801013201
9780764140594
9780749942571
9780749007959
9780595514977
9780486470429
9780340948811
9780312366704
9780263872699
9780071625791
9780007300709
9783735722539
9782081331051
9780802122155
9783869141060
9781408843529
9780061706561
9783518460788
9783351032555
9783865321268
9783776626025
9783458351634
9783442371310
9783746625553
9783746226408
9783458351696
9781407568584
9783785567401
9783785565865
9783125775817
9783835540217
9783401501321
9780786868728
9783851975826
9783492253611
9783551554550
9783451061073
9783060823789
9783455402001
9780385504225
9783866122062
9783881806848
9783442739363
9783941329041
9783866121911
9783701731282
9783835405738
9783938719213
9783423345613
9783817478552
9783548609089
9783865914026
9783426283035
9783551788733
9783446233089
9783424200003
9783451709593
9783831013906
9783550087684
9783141290127
9783707603019
9781741791518
9783827328076
9783499252891
9781408503218
9783894275020
9783401027456
9783866122215
9783125779327
9783899778069
9783404773473
9783828995451
9783492253550
9783716026021
9783899416718
9783492257367
9783404773329
9783899057652
9783437228629
9783442740055
9783939689331
9783442155873
9783935259125
9783884729410
9783938208946
9783423624121
9780749941833
9783871346583
9783492252454
9783037803868
9783455402322
9783766182159
9783522181655
9783821860619
9783548744698
9783492253222
9783868002249
9783548280707
9783837102307
9783783133653
9783785743089
9783442373123
9783527406975
9783899057317
9780747598787
9783815794692
9783455401448
9783570218303
9783487088365
9783423077200
9783440121436
9783121040032
9783865684387
9783746227894
9783825653590
9783426780725
9783125369351
9783589238873
9783765517129
9783760750958
9783886984510
9783702230227
9783833180477
9783517085968
9783551555212
9781438296722
9783548373249
9783497020591
9783785569382
9783868045420
9783800144549
9783453352841
9783939698845
9783770705191
9783060313952
9781407574448
9780435720704
9783828993822
9783125615908
9783866473485
9783426504697
9783785566336
9783770468591
9783522501248
9783785567340
9780061140242
9783772364594
9783640395170
9783629022233
9783867740647
9780746098844
9783522500159
9783934446359
9783491962651
9783493559088
9780738212753
9783829705295
9783419541050
9783415041295
9783518461167
9783940087386
9783901880230
9783486596489
9783442739127
9783625121411
9783829711012
9783867132268
9781416589631
9783868200430
9783448092899
9783141239607
9783941711136
9783810523686
9783593390055
9781416549987
9780393337327
9783834919533
9783828994454
9783426501443
9782218934223
9781847373403
9781846862847
9781604507423
9780761151265
9780755320615
9780571239320
9780451226686
9783129260616
9780373295692
9780340961278
9780312565763
9780307476319
9780143114055
9780061776793
9780007930166
9780007861941
9780007302994
9783789393891
9783866681286
9783829703802
9783831013951
9783770759088
9783190253784
9783940025494
9783939716235
9783908497974
9783899534344
9783867196314
9783762701385
9783462038170
9783426654576
9783129260289
9781407527406
9783940888440
9783940758040
9783867401593
9783811232136
9783794170739
9783548372785
9783491797833
9783451061165
9780373285952
9788874611331
9783981206227
9783940213495
9783868731422
9783785562802
9783770176694
9783768819909
9783602148493
9783596806737
9783507872158
9783493559187
9783401093543
9783401091570
9783359011200
9781905588022
9783939939016
9785998506970
9783936950977
9783933041579
9783938575093
9783902517883
9783922366652
9783891585023
9783874493666
9783870731229
9780199571437
9783940984449
9783868232066
9783868121711
9783865452566
9783860289013
9783837502442
9783833219047
9783833152191
9783828913912
9783825654115
9783824009824
9783760744476
9783706834148
9783464606674
9783406595516
9783406387456
9783214135584
9783060644476
9783034110556
9783000293092
9782874424298
9782857332497
9782865532124
9782812901294
9782754011044
9782749811246
9782297012621
9782294706707
9782082125192
9782259203012
9782253122616
9782253120896
9783942802260
9782226220769
9782012270671
9782226191526
9782226191519
9782221108543
9782012814295
9782012376151
9782012263963
9781928686415
9781906558505
9781906305253
9781902910321
9781856267939
9781850554134
9781849560290
9781849160711
9781848120136
9781847671585
9781845433260
9781845964986
9781844743698
9781844547944
9781843651284
9781840247428
9781439229637
9781416982975
9781416940081
9781412923194
9781412759090
9781408504284
9781405327992
9780956332400
9780956312501
9780852651216
9780852346853
9780800734114
9780762437412
9780756657956
9780749559649
9780740778070
9780600618737
9780571526253
9780571244928
9780557108190
9780545089197
9780540093137
9780470382264
9780448452500
9780323055062
9780310711933
9780224078801
9780061542763
9780113413287
9783480400089
9783426500378
9783828306936
9782918597162
9783423345286
9783596806836
9783423624350
9783125149809
9783140224512
9783492249386
9781843546535
9783888975943
9783125780422
9783406598159
9781442407831
9781984854841
9780062116512
9780062511188
9783656610465
9781849495141
9780425267998
9783150154144
9783799508612
9782702141533
9782266234993
9782091620466
9780385737760
9783770471942
9783840125386
9780425266298
9780091954604
9783837511031
9781906784355
9789002245176
9789002245152
9783940505385
9780670919598
9781932234961
9782960093803
9783937834047
9782702435090
9783492253208
9782755801187
9782298044225
9781408702703
9781406334197
9781405363426
9783423713801
9783828996724
9783442737437
9783548744551
9783407820150
9783404159758
9783926526007
9783518460450
9783125244795
9783834209030
9783800156634
9783941450011
9783867620550
9783865399502
9783421043887
9783701720583
9783466308361
9783426501269
9783941555082
9780241960165
9783862019731
9783898368124
9783701176670
9783505126185
9783404616565
9783293204584
9783404163687
9783596181230
9783125560529
9783442266333
9783934895638
9783499247927
9783779502296
9783831320486
9783551358455
9783401066417
9780446610162
9783867428255
9783897825468
9783939540397
9783828929906
9783866107250
9783453406551
9783837811018
9783060312627
9783446417304
9783937782850
9781409300847
9783837085242
9783125713611
9783895558450
9783811232051
9783423211734
9783125170698
9783817478651
9783462036831
9783839001004
9783868000818
9783579065243
9783836301282
9783596853519
9783426798010
9783129291795
9783518420584
9783629104489
9783293004030
9783802536717
9783836952286
9783442371143
9783707411522
9783423211598
9783888975479
9783596181667
9782700031171
9782356360311
9783596181902
9783442266319
9783867740715
9783448092837
9783836301688
9780340998489
9783517085814
9783404642113
9789078057147
9783442266326
9781408505113
9780312607500
9783833815829
9783462041477
9783630872919
9783937963884
9782889210169
9783939722175
9783507462304
9782080712745
9783517085692
9783122707606
9783426283028
9783941641068
9783596179244
9783451071058
9783404164080
9783837022735
9783060619313
9781841495729
9780603567292
9783833729607
9780446544887
9783637004245
9780061898815
9783760726984
9783493558036
9783821859866
9783127203554
9783442373642
9783791508139
9783492253079
9783453533103
9783426781623
9780552165471
9783802586118
9780373803026
9783868731194
9783411861828
9783886198955
9783928044363
9783770164998
9783127403961
9783411140442
9783894274788
9783522435871
9782253125723
9791021002777
9783548281315
9780143116028
9783060618699
9783941462052
9783625114109
9783492263306
9783473364008
9783934333406
9783150187401
9783898979597
9783879822928
9783898832526
9783499214783
9783426503928
9783992000210
9783548372754
9783499248955
9783867662253
9783817478965
9783839210086
9783867424400
9783499624735
9783442266159
9783896373694
9783760729954
9783551790521
9783897056718
9783492263108
9783899057669
9780755332953
9783868001846
9783518260173
9783498068868
9780099516958
9783900244903
9783426500149
9783837098051
9780099450153
9783426636411
9783771643782
9783775147859
9783831319701
9783932416880
9783442469468
9783809025627
9783878920236
9783000266447
9783499247361
9783809423805
9783407810526
9783442730599
9780099536543
9783941009097
9783546004398
9783940487940
9783462040722
9783826675034
9781439102305
9780753825853
9783407741714
9783442218714
9783593389684
9781407539454
9783492253048
9781430219149
9783765510342
9783442739004
9783404616589
9783981091540
9783426503591
9782298045970
9783842348127
9782915342253
9781409536550
9783833816314
9783630621616
9783589229383
9780375847325
9783492053525
9783406590757
9783867424394
9783770470075
9783924077662
9783150107140
9783426500613
9783791526782
9783938956670
9783833814532
9783499199349
9783833218484
9783453430532
9783893855803
9783126757898
9783463405711
9783800158850
9783934235830
9783129258057
9783833814099
9783423247689
9783850223010
9783473345366
9783866740488
9783473325511
9782264047403
9783827244833
9783293204485
9783404243181
9783809424130
9783442372591
9783865321602
9783442546619
9783941087613
9783426635452
9783440118153
9783803520081
9783940455208
9780778329312
9783404206445
9783868270747
9783579064932
9783453526471
9783768826280
9783760715131
9783426503973
9783507018129
9783899416701
9783828898523
9783625123620
9780470371312
9783551358585
9781412745017
9783423137935
9783833816277
9783522500258
9783453354128
9783892012924
9783746625409
9780552775199
9783451301865
9783431038040
9783492253888
9780571238804
9780723271512
9783453407435
9783937967752
9780746085806
9783937752099
9783800072255
9783141214031
9783440078006
9781416578741
9783442169948
9783940077677
9783867196277
9783453533073
9783125921283
9783981218824
9781847563255
9783625131830
9783453406780
9783442265923
9783815015964
9782035846457
9783879967773
9783401095240
9783939928362
9783938470381
9783804417496
9783404269136
9783881890090
9783404163625
9783442244423
9783869090061
9783404163168
9783453280083
9780470562260
9780954197971
9783939435204
9783899039610
9783570160497
9783499625862
9782757814963
9783406536090
9783827007827
9783897056787
9783442468324
9783425021904
9783596853762
9782218963001
9783899155594
9783784431772
9783507108721
9783785565605
9783499625015
9783404187355
9783257240160
9783771644048
9781780333120
9783499214301
9780141033198
9783257239348
9783833817793
9783453406230
9783442391684
9783351027032
9783442265930
9783446234185
9780749562755
9783492291521
9780340976548
9783879969166
9783293204447
9780451228574
9783442471461
9783507230705
9783442470648
9783423713344
9783518188989
9783854910008
9783937782362
9783894016081
9783125798243
9783548281285
9783837081435
9783775147989
9783404162970
9783453266278
9781420102772
9783899778045
9782754013178
9783770176366
9781408502754
9783150106921
9783746227528
9783596806393
9783522200431
9783630621753
9783442373673
9783453405974
9783579068855
9781847394538
9780425248003
9783518461006
9783765564086
9783935150811
9783828950399
9783940168306
9789171494399
9783716026076
9783596510856
9783453470859
9783442739110
9783429030216
9783899417012
9783423247573
9788415326366
9783424150780
9780340962091
9783897056763
9783442372294
9783423138222
9783805208765
9783505112683
9783492254113
9780099514572
9783866999077
9783570011294
9783401094519
9783492253918
9783930243525
9780399255748
9783800054718
9783404616282
9783442471027
9783839210130
9783464604960
9783453433441
9783833816109
9780007293117
9783442739202
9783442369072
9783505124525
9780340825150
9783492254243
9783867401418
9780670022489
9780547076171
9783473583478
9783897056404
9783899039528
9780007306503
9783833816291
9783442467631
9783442371600
9782070396849
9783257240252
9783939689201
9783423713436
9783351032678
9783522181365
9783570134894
9783894275112
9783766153500
9782754013161
9783431037715
9783442740062
9783941087644
9783570135617
9783499249426
9780451229687
9783551787873
9783407760739
9783789393020
9783404152674
9783785565674
9783897356283
9781845990718
9780007269495
9783570011331
9783517085333
9783426781708
9783127346961
9783455501322
9783803132239
9783890083957
9780345501127
9783935763578
9783867370523
9783426275016
9780330511667
9780340920244
9783850332101
9783257067194
9783770469949
9783828994904
9783821860671
9783896033178
9783593387796
9783828961586
9783141243888
9783462041446
9783830332374
9783121134106
9783129258194
9783940077547
9783426501450
9783783190519
9783404162642
9783507469327
9780141043982
9783839118535
9780006755210
9783492403559
9781844085095
9780552773508
9783937914053
9783492291934
9783784431871
9783866991309
9783746624952
9783522501033
9783499215155
9783426502129
9783867663519
9783404616473
9783499252617
9781409301295
9783442739233
9783831012640
9783100155122
9783453601239
9783442373840
9783122445119
9783451060137
9783425723259
9783924631901
9783499249082
9783423713627
9783499249952
9783866732209
9783401066356
9781906784454
9781849904063
9781609804787
9780007482771
9788578882693
9783942842624
9783656371878
9782732454009
9782729883232
9782290080474
9782266233309
9782228909099
9782216124039
9789752621541
9782754059954
9782724225242
9782091629421
9782012408616
9782012315167
9781938499937
9781931866002
9781606844557
9787208087095
9781444759402
9781407121451
9781401312619
9781289967031
9781287877134
9780765365002
9780307979070
9780307949684
9780062222374
9783596510993
9783869620329
9783896804570
9783257239133
9783769817317
9783830362012
9783460321144
9782280314763
9782264062680
9782067191709
9780198328704
9783737336000
9781934030615
9780007432431
9783406586965
9783867428293
9783404233373
9783867132398
9783760740553
9783455501094
9783440119563
9783802582172
9783821805702
9783404269990
9783448099492
9783401096766
9783453675544
9783899415780
9788415721031
9783954722976
9782811207199
9783881177764
9783570135280
9780312349523
9783897774803
9783772318481
9783127005523
9783886718993
9783471350218
9783426627563
9783784471563
9782080704399
9782067171527
9781908533265
9781907822520
9781906964757
9783785566060
9783468349010
9783936577273
9783886198870
9783548280998
9783941376021
9783550086847
9783404187409
9783453164048
9783446234215
9783990050002
9783442244218
9783440109922
9783831712830
9781780872575
9781780620558
9780543507440
9790001091978
9783706624558
9783518461129
9783899416022
9783596901661
9783414821874
9783442739301
9783782749244
9783426798393
9783866077553
9783492235563
9781447226543
9780440297031
9783867428248
9783404269617
9783596808120
9783939716228
9783440121146
9783426197516
9783426654705
9783123131714
9783882944082
9783473363155
9783785760192
9783868001839
9781447208389
9781445838090
9781445017723
9781444757200
9781444723946
9780141048130
9781741794724
9781587141935
9780712305242
9783707605006
9782211214780
9783551358134
9783404642267
9783401064314
9781408300053
9783770012909
9783492252874
9783442470402
9783894274870
9783939570431
9783411861811
9783613030572
9783551759351
9783896561664
9783867620567
9783320021214
9783785566633
9783570306154
9783448093247
9783789131783
9783868002188
9781407566580
9783060242764
9783499248467
9783933385482
9783466308309
9783596901968
9782266206617
9782266190060
9781848362147
9781848103207
9781845135966
9781590598948
9781407454382
9781401923235
9780857660695
9783868200157
9783724310174
9783442218882
9783570010570
9783805208642
9783548251653
9783785567623
9783419567463
9783570305973
9783414821423
9783404921621
9780321673350
9780199119943
9780061849275
9783861084129
9783518461235
9780195384840
9783446416086
9783828997394
9783547711509
9783899935691
9783125940192
9783866992221
9783455401509
9783407753472
9783850332330
9783453701212
9783637007918
9783789106934
9783431037777
9783827328182
9783828994843
9783131461513
9783760729817
9780142414798
9783407799616
9783442739158
9783417249538
9783842010130
9783259005255
9783804417335
9783442469994
9783426500156
9783498006624
9783453354586
9783833817304
9783785760123
9783423713399
9783940984210
9783442467990
9783425134017
9783833814310
9783141108675
9783827373649
9783404163823
9783927734432
9783551358226
9783440115886
9783453405318
9783551358233
9783828930087
9783935992671
9783831903689
9783596902170
9783517084725
9783423247368
9783897056664
9783550087233
9783453406049
9782848863290
9782280221337
9782266223713
9781848378025
9781845136178
9781844009343
9783442463404
9783426639870
9783442466436
9783570134931
9783828913899
9783473349142
9783499625404
9783589227594
9783453434097
9783827008312
9783867663571
9780340920022
9781407234250
9781402788024
9780857381958
9780753722084
9780340963074
9780312381998
9783423138727
9783492052528
9783939944287
9783498073688
9783442469925
9783442311231
9783518421024
9783940168573
9783453434790
9783426501597
9783764503062
9783431037746
9780425226735
9783491962644
9783517085524
9783866473713
9783589227853
9781843173564
9783871346651
9782070614981
9783868002232
9783401059167
9783453406995
9783451322532
9783453600942
9783404664290
9783746226569
9783570220634
9783865340221
9783802933479
9783879823987
9783423247214
9783767007697
9783423247320
9783868810554
9783570137215
9783522500883
9783421043856
9783865286963
9783404162857
9783828992573
9783868045307
9783219114218
9780375852046
9783442468171
9783351032562
9783404319817
9783462038248
9783401063577
9783401063379
9783406587009
9783100958037
9783937914015
9783885423317
9783770013753
9780425231111
9783899416206
9783839210109
9782809801958
9783764502966
9783518461105
9783453406599
9783863560942
9783854910091
9783937914695
9783899416411
9783492050913
9783141251463
9783442155590
9783771643942
9783932165672
9783928432221
9783442372959
9783852186047
9783455401905
9783411870721
9783832180331
9783791519654
9783809425007
9783815795118
9783785741283
9783426781616
9783125616424
9783895555381
9783406582417
9783426798218
9783468281549
9783451006395
9783401501444
9783898138284
9783874078146
9781408701973
9783866157392
9783507855694
9783407228413
9783423247337
9783100425065
9783125058002
9783442372751
9783426782606
9783446230866
9783458174370
9783862333592
9783570039823
9783772525018
9783837031867
9783866869066
9783470478739
9783000293603
9783507402829
9783897676602
9783440119228
9783426639924
9783451709357
9783802582554
9783770176502
9783868270761
9783832191832
9783760768809
9783453405943
9783981302608
9783492230629
9783550087592
9783150215203
9783570136591
9783940813145
9783772550461
9783499625848
9783785538449
9782203021860
9783404164127
9783937251776
9783802536755
9780671729479
9782919808670
9783426662434
9783060313631
9783453675674
9783785706565
9783980247092
9783809424987
9783404285273
9783869520223
9783411738816
9783518461372
9783548268088
9780345498588
9783492253871
9783932386770
9783897676398
9783257011432
9783596158089
9783865684905
9783778235003
9783596172672
9783502100713
9783473353040
9783941653009
9783941412040
9783867198721
9783275017119
9783492254762
9783709302538
9783426500064
9783446417557
9783828994874
9783498025045
9783442468119
9783462040852
9783123104404
9783548280752
9783869710037
9783865062727
9783522181358
9783423713351
9783772437939
9783899416350
9783473583447
9780141326818
9783867132251
9783473352999
9783834209108
9783981106244
9783837033533
9783453650091
9781843547136
9783570135389
9783423623834
9783940731296
9783867753500
9783250108047
9783785317990
9783940188106
9783423211178
9783833350368
9783867197588
9783407740830
9783000266720
9783802517921
9783867424486
9783899444667
9783802581984
9783942025409
9781405235662
9781250007902
9780763664220
9780723272908
9780545640121
9780544139459
9780451418548
9780449817650
9780449816288
9780393321203
9780373829903
9780373829897
9780373829873
9780373829798
9780373754755
9780373754748
9780373754717
9780373742370
9780373697069
9780373697007
9780373696987
9780373657391
9780373515011
9780373514670
9780373445769
9780373445509
9780373445387
9780373278183
9780373239733
9780373239665
9780373239634
9780373239627
9780373239573
9780373239344
9780373239559
9780373131808
9780373131556
9780263898880
9780230757790
9780133480450
9780062323934
9781596366923
9783862071326
9783942656658
9781907263774
9780891419723
9781845879594
9781423168881
9781447251668
9781742200378
9780714866062
9783629109811
9781400007448
9780723275367
9783819609213
9783522503754
9783458362388
9783522503600
9781909268388
9781844488643
9781447234913
9781444004571
9781442482579
9781423172505
9781408327432
9781408327517
9780843173277
9780448464619
9780448467313
9780448461809
9780192734259
9789948851844
9789948450849
9789888132348
9789750506307
9789888000890
9789064507380
9789064505638
9789046812495
9788498481310
9788415618126
9788377770368
9788131919187
9783863655129
9783852002286
9783848231324
9783845502441
9783833309137
9783775736312
9783789350023
9783577075367
9782923717944
9782896710690
9782757836378
9782757832783
9782757831557
9782743626181
9782705805036
9782501084055
9782501083140
9782290054222
9782253174042
9782215122531
9782070652846
9782012030619
9782070450565
9781939880208
9781938447037
9781938093180
9781937420345
9781935827146
9781921922152
9781909850118
9781921759765
9781909268357
9781908251176
9781909268173
9781908206961
9780241251683
9781907746161
9781907746154
9781907411854
9781907509780
9781905864522
9781869556082
9781860725654
9781859859438
9781849534215
9781852249793
9781853459887
9781849533492
9781849533485
9781849419642
9781849395090
9781849418409
9781848987890
9781848987821
9781848987746
9781848987708
9781848987715
9781848985858
9781848530843
9781847713193
9781847303936
9781846868719
9781846043949
9781845887957
9781845861681
9781844488759
9781841671543
9781844197491
9781840785678
9781782431770
9781783410057
9781782260295
9781782431404
9781782260271
9781782260219
9781782260233
9781782123477
9781781911365
9781781712177
9781781712108
9781781570975
9781781276099
9781781275764
9781781271988
9782809652109
9782070454594
9782012458116
9781781271919
9781781121887
9781780996233
9781780094045
9781771080972
9781770664623
9781770493285
9781743460146
9781742758770
9781742758756
9781742753362
9781742453798
9781629070773
9781628380446
9781624314834
9781624314810
9781624314803
9781623431778
9781624312915
9781622500529
9781621698203
9781621697602
9781620659069
9781620658475
9781620657829
9781620657034
9781620657805
9781618650542
9781617837890
9781608719112
9781589977747
9781591943044
9781575656267
9781575655192
9781558857667
9781494448059
9781494337414
9781493784745
9781492885351
9781492265979
9781491879405
9781491841389
9781491704264
9781490809403
9781490380575
9781490333892
9781484968338
9781484906163
9781483685137
9781482617504
9781482348873
9781482556537
9781481930536
9781481793018
9781481758741
9781481706841
9781481123037
9781481022163
9781479791934
9781479753154
9781479519149
9781478721581
9781478703112
9781477707210
9781477703601
9781477702338
9781476535395
9781476535340
9781472513731
9781472330819
9781471118371
9781467715881
9781467715874
9781467715492
9781467715454
9781467715430
9781467715423
9781467715416
9781467715386
9781467715331
9781466981140
9781466977709
9781465415370
9781465414076
9781465408693
9781465408655
9781465401823
9781464404832
9781461481089
9781459804968
9781459803947
9781459801509
9781459801172
9781459403666
9781457524141
9781453064825
9781453063552
9781452584560
9781450819725
9781448897704
9781447929482
9781447226239
9781447219729
9781446266489
9781445118505
9781445118130
9781445117423
9781445116617
9781445113586
9781445106885
9781445106762
9781444183924
9781540457653
9781444168884
9781444006315
9781442489615
9781442489585
9781442483927
9781442482180
9781442482159
9781442474048
9781442472600
9781442472389
9781442472174
9781442468207
9781442467682
9781442453906
9781442452992
9781442452459
9781442443839
9781442424036
9781434248305
9781434242556
9781433982156
9781433355608
9781433354540
9781433354465
9781432975197
9781432827311
9781432827236
9781432827083
9781432827021
9781432826307
9781423631682
9781423171607
9781423171409
9781423163923
9781423160670
9781423154716
9781423149071
9781421886725
9781416979586
9781410954886
9781410462848
9781410458124
9781410455758
9781410455741
9781409546740
9781409121572
9781409392590
9781408323397
9781782115465
9781408288214
9781408163894
9781408176269
9781407138381
9781407128092
9781406353372
9781406345308
9781406330861
9781406250039
9781406242102
9781406242096
9781406242072
9781406241990
9781406241853
9781406241815
9781406240849
9781406239423
9781406239393
9781406238402
9781406238259
9781406238082
9781406235456
9781406234565
9781406232172
9781406232165
9781406232141
9781406232134
9781405269858
9781405269810
9781405267977
9781405267205
9781402720994
9781400322299
9781314494471
9781313042963
9781291600834
9781289175436
9781288952052
9781288951444
9781287260448
9781287197287
9781258588977
9781250010476
9781230444659
9781118772430
9781118737576
9781118734230
9781118677797
9781118496961
9781107621145
9780988704831
9780992745400
9780984855827
9780957632011
9780956964052
9780956468222
9780942208054
9780898127720
9780861523849
9780857698605
9780857051141
9780829763478
9780824956394
9780817317768
9780807569368
9780807555064
9780762786985
9780785164111
9780785153863
9780762786398
9780755403974
9780753541029
9780753436387
9780753431030
9780753431023
9780753430965
9780753430897
9780752497815
9780752489674
9780750280471
9780750279314
9780750278829
9780750279208
9780750279307
9780750278614
9780750278539
9780750278362
9780750278041
9780748665785
9780737762464
9780745962627
9780736431439
9780736429917
9780736413473
9780723281450
9780723280743
9780723278283
9780723273639
9780715647479
9780704373174
9780590447348
9780578095073
9780573121142
9780571304660
9780571284474
9780571272631
9780552567398
9780552567367
9780547970172
9780545585163
9780545585156
9781518895869
9780794434779
9780545509220
9780545484824
9780545484763
9780545484756
9780545484336
9780545479783
9780545476720
9780545459044
9780545436243
9780545427685
9780545405744
9780545298841
9780531251560
9780531247013
9780515154368
9780515153927
9780515153866
9780486497723
9780486497716
9780449817773
9780448479873
9780448464756
9780448463872
9780448463766
9780448462066
9780448456768
9780435143824
9780435143329
9780425261743
9780375869105
9780373885756
9780373885688
9780373878628
9780373878529
9780373878505
9780373878468
9780373878437
9780373878413
9780373878390
9780373878338
9780373878307
9780373878291
9780373878253
9780373878246
9780373878055
9780373877966
9780373877959
9781409597834
9798613442171
9780373877942
9780373863402
9780373863372
9780373863228
9780373863051
9780373862986
9780373829590
9780373817382
9780373797752
9780373797684
9780373754779
9780373797721
9780373754663
9780373754762
9780373754649
9780373754557
9780373747863
9780373747795
9780373747559
9780373747450
9780373747443
9780373747214
9780373747207
9780373742653
9780373742394
9780373742356
9780373742271
9780373742264
9780373742257
9780373742226
9780373732494
9780373718870
9780373697342
9780373697090
9780373697236
9780373697076
9780373697052
9780373696949
9780373675449
9780373675418
9780373657414
9780373657278
9780373518395
9780373518388
9780373518357
9780373518333
9780373518302
9780373518265
9780373518227
9780373518180
9780373518135
9780373518098
9780373518050
9780373518043
9780373517978
9780373517893
9780373517947
9780373517855
9780373517749
9780373517701
9780373515387
9780373515370
9783480231799
9780373515332
9780373515288
9780373515158
9780373515110
9780373515073
9780373515066
9780373515042
9780373515035
9780373514953
9780373514922
9780373514915
9780373514878
9780373514854
9780373514786
9780373514724
9780373486526
9783765461958
9780373486519
9780373486496
9780373445455
9780373445332
9780373278367
9780373278176
9780373278350
9780373239597
9780316234320
9780310741916
9780310732143
9780307981080
9780307981059
9780307977052
9780307976376
9780307930729
9783943133035
9780307265869
9780198492580
9780192757937
9780263905885
9780192734297
9780062236043
9780062232823
9780062219084
9780062198389
9780062091062
9780007539116
9780007515707
9780007514021
9780007512782
9780007512669
9780007505050
9780007494248
9780007465422
9780007479559
9780007420179
9783426510919
9781409347859
9783440137413
9783596854929
9781472200662
9783505131950
9781447218746
9781442482241
9780718194833
9780007398577
9780349001647
9780007500277
9780749959227
9781847921666
9780099582779
9783257067378
9783944269054
9780571277124
9780340922736
9783785748381
9783548285535
9781857826791
9781741790115
9780230752030
9783451064807
9781862309678
9780751551464
9780199643318
9780857868718
9781444708981
9780751552287
9780749957209
9788087830192
9783863658847
9781847445117
9781782064763
9781780876979
9781782063056
9781471126376
9781444776232
9781409109594
9780749958749
9780749956677
9780801015908
9780375971587
9780373131990
9780241964866
9780007433407
9783842926110
9781118641101
9780273778172
9789896602314
9789020703115
9782897230869
9782760933675
9782081297135
9781908373939
9781907593666
9781905811915
9781852249748
9781849545532
9781848956216
9781847960566
9781847562838
9781782020516
9781780576190
9781780380629
9781780271828
9781494721831
9781492218852
9781491883266
9781471113369
9781470154738
9781454909613
9781447211341
9781445126975
9781445126937
9781445114484
9781444768954
9781444758481
9781442489790
9781434261915
9781434248275
9781409323617
9781408831564
9781407132365
9781288559848
9781236974310
9780957172265
9780955955730
9780954002473
9780861525256
9780857460301
9780843172706
9780750279970
9780749574130
9780719810695
9780719521317
9780711233065
9780615924144
9780545541862
9780425258798
9780373804382
9780340999646
9780307945631
9780263910353
9780230391758
9780192756640
9780007540747
9798613390830
9798613481910
9798613480531
9798613493159
9798613481408
9798613489800
9798613412150
9781781857144
9781786370259
9781771483810
9781250064554
9798613479122
9798613489947
9780241146361
9783835318816
9781523735655
9798613489688
9783649620945
9798613259137
9783863132064
9782747053143
9782246856740
9783848510290
9783785577066
9783833309199
9783060629213
9781512151893
9783499630514
9783811233157
9783442478316
9783551798718
9783442479504
9783596195336
9783442480357
9780263910377
9781446906781
9783802589928
9780446583169
9783811233201
9780061974601
9783257021219
9783060224272
9783453356801
9783834622983
9783442477500
9783492302937
9783453409347
9783462045659
9783492302210
9783831326457
9781407139722
9781490551616
9780060097912
9783842006355
9783548375090
9783596512881
9783548375113
9783458359746
9781472110558
9783451711688
9783596196968
9783492300261
9783548374826
9783651000582
9783862785049
9783411046775
9783442313426
9780091948368
9781455545384
9783401064628
9780751541182
9783351050061
9783944124001
9783492301473
9780380709595
9783442378050
9780723271789
9783849439859
9783492268288
9781849013420
9783475542169
9783426655238
9783518464359
9783518464786
9780192734495
9783462044935
9783499259845
9783060804245
9781780336480
9781421561431
9783442743773
9783839213827
9783431038613
9781844087860
9783122805029
9783843602495
9783442745807
9780701187392
9780241962978
9783423625722
9783125619227
9781471118630
9780863159534
9780425268742
9780857074454
9781781974469
9780007428038
9783862789603
9783954080328
9783548285788
9783499259890
9783895337208
9783426657287
9783518464731
9780007508655
9783868510645
9783404164202
9781849416757
9780099580225
9783426276297
9781482522068
9783732286584
9783404167463
9783841062147
9783869413143
9783942013192
9783518424117
9783570223888
9783945796689
9781408830239
9781421529134
9780545417990
9783766617330
9783424200751
9781907411694
9780751552867
9783833832895
9781484045695
9783862313013
9783442743711
9783940908186
9783453268869
9783440136485
9780141349640
9783426786338
9783359023883
9783746629995
9781444745993
9781482769081
9780723271710
9783898629447
9780330545822
9781408842591
9783463406350
9783442745722
9780062069146
9783453357372
9780300755978
9781407135427
9780091948047
9780723272748
9783746240800
9780723273387
9783864050473
9781423634119
9783404168972
9780590447355
9783423214469
9783833901904
9783404168095
9781482796902
9783833107887
9781421502397
9780515152852
9780062102584
9783401505121
9783596174324
9783442376988
9783867668545
9783944251110
9783499267031
9783651000605
9783766617309
9783746238760
9780723272786
9781409334842
9783852566283
9783899537925
9781476708225
9783954511938
9783431038842
9783711720054
9783522303224
9783150109236
9783522503495
9783942491228
9783869132938
9783551520524
9780756408176
9781409129097
9783843210560
9781471117732
9783442465125
9783785760994
9783446239517
9783407743848
9783570552322
9783492302753
9783293205970
9783955600129
9783411743421
9783423347815
9782070449996
9783257068689
9781455546145
9780007511495
9780751551860
9783868511390
9781784081225
9782889215126
9781442486928
9783404169467
9781482646603
9780192794031
9783862787333
9783842706439
9783462045635
9781617952142
9783862785001
9781780332352
9783453471023
9780008150631
9783937329901
9780486499505
9783407787545
9783849007164
9783548285191
9783401703749
9781909520196
9783765569265
9783842700505
9783492056175
9783401702759
9783453437463
9780425266915
9781847153791
9780399537493
9783862200283
9783788815981
9783862651580
9781906889593
9783551312730
9783442157785
9781444768633
9783954510795
9783732608690
9798609117540
9780099550174
9783863651879
9783552062245
9780142427484
9780007489442
9783257241785
9781408844632
9783401703176
9783498033392
9783651000452
9781908800657
9783737364959
9783897361782
9783426786185
9781472309525
9783492302050
9783777421193
9781455526970
9783150109625
9783785748817
9783401702773
9783518125847
9780755392209
9783359013266
9783863655341
9781491278499
9783453437258
9783897369351
9798609111692
9783861464334
9783442479405
9783955219055
9783505133350
9783862200467
9783849007157
9783596512942
9783570223789
9783942271189
9780310736134
9783867664523
9781471401213
9780091957179
9781482546835
9783404207435
9783764504540
9783746629254
9783868003659
9783826676147
9781250027085
9783442381777
9783802592775
9781421506234
9783764504359
9781482797244
9783865917744
9781447221692
9783401505138
9783867662512
9783868833201
9781782430094
9780786032679
9783841062611
9783222134258
9781455520817
9783867664844
9783401505053
9780753827666
9783442746620
9783426511985
9783896840998
9783453267336
9783453410633
9783841421630
9783125619241
9783868718997
9781781890165
9783810501516
9780241965702
9783455502862
9783257068665
9781444728903
9783442745906
9780062206824
9783518423875
9783455403381
9781848957343
9781476708478
9780198390404
9783842707573
9781601064875
9798606598076
9781847153890
9783841101709
9783954711185
9780141046358
9781442471689
9782266236782
9780735336841
9783863656645
9781442474352
9780192745460
9783876204130
9783779928812
9783550080005
9780193385566
9781407143590
9798606594160
9798606582419
9782353893461
9783941118904
9780099576440
9781781711354
9783518464632
9783406653797
9783833309052
9780007432271
9783401703169
9783941271951
9780545481946
9781405917155
9780330519458
9780571278213
9783455404616
9781409550570
9798606587391
9781848954861
9781452112503
9781908435453
9780007493654
9781407130934
9783426786222
9780192757425
9783839213728
9783831326846
9780758286857
9783548285153
9780552774475
9781780722047
9783492302876
9783701721108
9780571280056
9783522201698
9783423050616
9783401505190
9781405260329
9783862784998
9783832800765
9781780974293
9781451671995
9783351027605
9783404607051
9783608960464
9783833309175
9782253167259
9781493511433
9783785577998
9783833309335
9783577200288
9781447227984
9783862338078
9781452125503
9781841624754
9783517088280
9783784353081
9783822860151
9783351027667
9783570308769
9783121046713
9783942270809
9781409555902
9781452113937
9783867421317
9781908461926
9783480230181
9780099570165
9783836954785
9783293004696
9782253099826
9783831724925
9783470605555
9783425049601
9783833309229
9781451685220
9783902844262
9781444738100
9781849534376
9780857892270
9783492303248
9783850004046
9781845025342
9780552167901
9783954281329
9783829724678
9781781866382
9788466326698
9783473404049
9783522503785
9780141337395
9781406344677
9780230758995
9783522303415
9781482500219
9783867664103
9781782430247
9783869950617
9781843594284
9783896399335
9781446903483
9780007416141
9781408836514
9781848546509
9783804432062
9781849158718
9780099576433
9780141343068
9780373657575
9780263903690
9783868273540
9782234077591
9780763664459
9781405265652
9783867666138
9783874635240
9780099542353
9781472334176
9783442378463
9783455381313
9783423253451
9783789350382
9783760791302
9780857072658
9783596729166
9780007213535
9780007454969
9783850028288
9783898095297
9783423142199
9780451465566
9783899537659
9781482722635
9783841502070
9781848315099
9781407130064
9780545563376
9783570308639
9781853759086
9783902878236
9780141347899
9783730700358
9783423347457
9781782394327
9781908435330
9780007454778
9781409325871
9780281068937
9783839001578
9783785748015
9798604465943
9783401704821
9782253161677
9783141148589
9781782064305
9781619700284
9781848123106
9781408830604
9783507874664
9783789132315
9781472316882
9781849181723
9780751551433
9783570153406
9783442379910
9781908177483
9781407138503
9783473368983
9781780040936
9781492859307
9780857084217
9781434261861
9780857531070
9781484881750
9783849007737
9780373657513
9783402034286
9780688115739
9783943987003
9780425255506
9780007455003
9780345521255
9781908699367
9783864820168
9783834012159
9783830342922
9781471112980
9783129491249
9780778314202
9781472108333
9783407788139
9780099558033
9783932927560
9781409550167
9781409551669
9781780974323
9781482741667
9783869171975
9783863653378
9781847153852
9780723292159
9781909244016
9783280034514
9783125172296
9780263903515
9783942656627
9783865323545
9783442480142
9780739098394
9780736431149
9781493611621
9780857050304
9781455519323
9780373837939
9783954310142
9783838831602
9783492300490
9780714531915
9781455515516
9781482722130
9780307743725
9780007466702
9783863652265
9782848996318
9781908968296
9781781251577
9783492054058
9781782192206
9783442477357
9781848953130
9781780552156
9783866123175
9783839812686
9783942656559
9782266235341
9782259249539
9782264067791
9783451711824
9783498073848
9783442313518
9780755399451
9780571294404
9783522301985
9781447252481
9781447231080
9781780890302
9783492302654
9783453268012
9783407744203
9783060628919
9781492282105
9782035928207
9781405265928
9780553840834
9780224097482
9783942656689
9783862200375
9783453357273
9781846972638
9781846685187
9781841499987
9780425259726
9783850028301
9783548285603
9783455381320
9781847562357
9780723274094
9780062089090
9783463405957
9783955690199
9783442746743
9782070449941
9781490428802
9781423161622
9780857892263
9780758221834
9780751543766
9780670923120
9780425257357
9783864701627
9783141714203
9781848662452
9781844088379
9781845025281
9781780040899
9781494366612
9781484904503
9781482570052
9781472200518
9781444909296
9781421519036
9781420125054
9781409546238
9781408839157
9781407135762
9780857075420
9780778314431
9781250075901
9780755399246
9780753541951
9780715645932
9780575096615
9780545419741
9780425260494
9780425259542
9780425253953
9780349139111
9780142425381
9780141347264
9780099535539
9780062073167
9780007485697
9783863655600
9781476797380
9780763681043
9783194195974
9783831030842
9782280310093
9782280309165
9782266235679
9782253179955
9781849415668
9783551557278
9789812688460
9783863657406
9783846020838
9783833308864
9783548285887
9783401029108
9782750907624
9782290068854
9782080702524
9781909395312
9781905887927
9781849434843
9781849397698
9781849397728
9781849397407
9781849396806
9781848779648
9781848451759
9781847153869
9781847153630
9781847085139
9781846689352
9781846573309
9781845025045
9781846146992
9781843914839
9783772469503
9783956141249
9781782431961
9781782194323
9781782192299
9781781890301
9781781167588
9781781710821
9781781121993
9781780878478
9781780878218
9781626490574
9781780338989
9781620291467
9781616147044
9781602827868
9781593082130
9781594136429
9783954701360
9781585368082
9781494816124
9781499620344
9781494709020
9781494479077
9781494387716
9781494384913
9781494276270
9781492928140
9781492927877
9781492891932
9781491244791
9781490980003
9781482758573
9781482673203
9781482637236
9781482391572
9781481946759
9781472204936
9781472109101
9781472105400
9781472105349
9781471401893
9781471134715
9781471118135
9781471117527
9781471116858
9781471112560
9781455546923
9781455520527
9781455513307
9780008218072
9781455508259
9781451645347
9781447285243
9781447221128
9781447203179
9781444754421
9781442457706
9781442449398
9781423218227
9781420132533
9781420130393
9781420124019
9781420123227
9781409151647
9781408849934
9781408831397
9781408830338
9781408328392
9781408314555
9781407227740
9781407143637
9781407143613
9781407142968
9781407138701
9781407137049
9781407137032
9781407135816
9781407135786
9781407135540
9781406344523
9781406344196
9781405909297
9783869365510
9783938358986
9783864731372
9781405267175
9781405264594
9781402295997
9781402274800
9781250034922
9781250034915
9781250016669
9780989312042
9780983941279
9780857756916
9780857388582
9780857193315
9780857077578
9780857075451
9780857077325
9780857051851
9783426304440
9780008218126
9780804176781
9780778315599
9780778315186
9780765367150
9780755383641
9780755375592
9780753829080
9780751551136
9780751549126
9780749959517
9780749958374
9780749958336
9780749953935
9780723273479
9780723272823
9780701184216
9783775155434
9780525425632
9783328100317
9780571303427
9780545496094
9780544104839
9780451417992
9780451239839
9780451239679
9780440246206
9780425251225
9780385382946
9780373878239
9780373878567
9780373863129
9780373797745
9780373754472
9780373657650
9783736500624
9781591846345
9783446245037
9783837127089
9780373657452
9780373657407
9780373657353
9780373657216
9780373607594
9780373472703
9780373445745
9780373445547
9780349138961
9780349138923
9780345538413
9780345538369
9780340994887
9780340937334
9780330537902
9780263910735
9780263910568
9780263907346
9780263907247
9780263907216
9780263905816
9780263903782
9780263903706
9780263901702
9780263900958
9780263900675
9780263900637
9780263900514
9780263900484
9780263900125
9780263900033
9781474844673
9780425270660
9780263899986
9780263899979
9780263899214
9780263898255
9780263898248
9780263235692
9780263235555
9780263235098
9780263235067
9780263235036
9780263234688
9780230771444
9780141349947
9780141347486
9780141346540
9780141346465
9783864971891
9783785806616
9780141341330
9780099549222
9780091941314
9780091938857
9780062230195
9780062229816
9780062022349
9780007933624
9783789396335
9781409373568
9783831012190
9781743218471
9783981393040
9783570308837
9781402297007
9782820802378
9783401705224
9783775155786
9782253173366
9783831023738
9781780051499
9783804432185
9783746234847
9783849004712
9783833225734
9783141714135
9783141714111
9783867663465
9783849303099
9783831014163
9783772458613
9780192734648
9783849004613
9783848510924
9783772458590
9783037934197
9783862787449
9781741797794
9783941955882
9783629109897
9783426786000
9783141714395
9782070450015
9783785573150
9782280334815
9782280329026
9782070462490
9782035907592
9782014018547
9781782641780
9781443448734
9783784078342
9783760799124
9783707415001
9783037933893
9781491255643
9783942284424
9783935621496
9783867663472
9783841062468
9783788626211
9783770172184
9783442478484
9783440132289
9781909313101
9781482580068
9783942656641
9783867666336
9783865323705
9783841502452
9783780631398
9783629109590
9783517089133
9783570220733
9783463406145
9782210760851
9781492897682
9780099558927
9783981314755
9783954971459
9783867521659
9783866479234
9783842512276
9783838050218
9783839001370
9783837422191
9783833309236
9783817489831
9783800057139
9783789185373
9783760790411
9783760787640
9783649611257
9783701721207
9783570308783
9783473553525
9783453314856
9781909520219
9781848662940
9781781852149
9781494339012
9781472314598
9781409555896
9781407135779
9781405912310
9780373281725
9780099571032
9783734101656
9783596197057
9783453603592
9783570224953
9783956510588
9783943502213
9783899175240
9783867669702
9783866992474
9783848214020
9783842935259
9783838834870
9783862338221
9783507886339
9783830343059
9783830342991
9783830311966
9783830116110
9783817489862
9783788636883
9783732292103
9783732282487
9783701716173
9783609688633
9783548284705
9783473584444
9783423347822
9783423214773
9783423214384
9783406599101
9783401600437
9783785725450
9783956140358
9783424631104
9783351035433
9783037630365
9783000388729
9781908699374
9781848547148
9781780551579
9781741799620
9781626360518
9781482769364
9781472323675
9781449432713
9781421523309
9781409373582
9781409373476
9781409373391
9781409373186
9783406447686
9782702158722
9783833841293
9783648066997
9781409362821
9781408318522
9781408190111
9781407135809
9780857385093
9780778314998
9780241955048
9780192735065
9780099565741
9780099582663
9780007491650
9780007488254
9780007456765
9783492308168
9783423144490
9783440137956
9782278075959
9782021103878
9782012044159
9781632690807
9783499256707
9798613510429
9798613483129
9798613510948
9798613475209
9783442381210
9780544005037
9781594746031
9781844278312
9783440135648
9783865661975
9781849416313
9783570308776
9781844489640
9783954511228
9782266245456
9782226325181
9798614472979
9798613513970
9781480340138
9781444762587
9781489511423
9783862787050
9783442479061
9783424630718
9781107614765
9781472109798
9783407811325
9798613500932
9783414823649
9780768403763
9783746629421
9780356502786
9781407139739
9783423249614
9783864300189
9780263900002
9781447220268
9783475541759
9780723273721
9783832197360
9783863653095
9783150190340
9781782060000
9783981620108
9781780224473
9780345535252
9781250038005
9781780192420
9781408324141
9780007497171
9781447252832
9783492303309
9781406353082
9781492368281
9780749955212
9781484143889
9781447208426
9781493753086
9781481893718
9781447250333
9781442422377
9780957140240
9780857207654
9783458361206
9780762446292
9780751549935
9780552160841
9780451239488
9780373180790
9780263900606
9780263899948
9780263898286
9780263235708
9780263235401
9780263234664
9780241964170
9780099574255
9780099550181
9780007462797
9781847626905
9781847626967
9783401067506
9783817489848
9783473544189
9781784970130
9782747059718
9783842012820
9780141396279
9783833850592
9783551556578
9783150193051
9782757850329
9783738635706
9783945543016
9780373785049
9783833850585
9783897365285
9783645601863
9783629109804
9783522303422
9781907263644
9781847629739
9780857160447
9783453603806
9782017016243
9783852189772
9780571324637
9783763026630
9783805250900
9783838836058
9789722052023
9789081516372
9789081306560
9789023484103
9783943881264
9783815831298
9783785578117
9783732291908
9783540512424
9782923351438
9783831028207
9782749148526
9782896159758
9782747046596
9782266232074
9781909397057
9781909224445
9781909217942
9781909178847
9781908925473
9781908435361
9781908177841
9781907903854
9781907823688
9781907411403
9781903506394
9781849832953
9781849753630
9781849588492
9781849416948
9781848861077
9781849158305
9781848402966
9781848109339
9781847627865
9781847152503
9781847152350
9781843406730
9781782194774
9781781911242
9781781312353
9781780973197
9781780550343
9781780338927
9781742452807
9781627300438
9781625420121
9781600788321
9781554983117
9781599536064
9781494401894
9781477250549
9781491875032
9781471117855
9781455502448
9781447941026
9781446905371
9781444187045
9781444177459
9781444169331
9781444156751
9781434242709
9781426313967
9781426211720
9781409566229
9781409551690
9781409362425
9781409320838
9781408827291
9781408327944
9781408324332
9781408181300
9781408180419
9781407137377
9781407134857
9781407133263
9781406259797
9781405911900
9781400205790
9781400204700
9781313763233
9781291368529
9781230235141
9781107681101
9780992625405
9780987330215
9780967209821
9780956964045
9780857809186
9780857264930
9781511998758
9780241206942
9780805096453
9780801015144
9780754820581
9780754827658
9780749575199
9780750272087
9780749467180
9780749013431
9780571297702
9780449816639
9780425252383
9780385753630
9780373657766
9780373180714
9780330544481
9780263904918
9780263234787
9780263234749
9780230301894
9780062247278
9780007528356
9780007514410
9780007498109
9780007486465
9780007464166
9780007419913
9781471116148
9783862334162
9783781519923
9783453545588
9783841502049
9783126220675
9783442477975
9781493677733
9783845801810
9783570157886
9783442479474
9783649613718
9783939965596
9783411871407
9783453545595
9783473364312
9783473380879
9783125618862
9783830342830
9783551089311
9783499242830
9783785561089
9783442479443
9783442478828
9783570162590
9783442745470
9783809430308
9783150190401
9783125881204
9783473316656
9783924963781
9781406282832
9783507776968
9782013964579
9783150191286
9783833829086
9783499630316
9783923261765
9783458359241
9780199669042
9783122706708
9783423625517
9782749812465
9783125600126
9783442377718
9783570157169
9782745978103
9783462045475
9783423214605
9783492302944
9783596174942
9783426504086
9783551312693
9783570223192
9783862652198
9783596195497
9783596809226
9783839153062
9783551046369
9783404168446
9783426786055
9783462044942
9798614764937
9781491226803
9783442381456
9783551312853
9783473531271
9783785563014
9783426512371
9783492302920
9783423141956
9783831024292
9783126220705
9783548285863
9783730600559
9783833834127
9783894492038
9783492056007
9783150190678
9783894494070
9783473433919
9783551084637
9783867668477
9783060603282
9783492303477
9783551183095
9783442739776
9783897364417
9783596194179
9783499227844
9783453410770
9783596196036
9783897364349
9783150198636
9783442475032
9780723295280
9783833828904
9783811233140
9783868487756
9783492300568
9783838834726
9783451066009
9783596196340
9783462044980
9783453357662
9783446243323
9783935281713
9783897366350
9783453602519
9783257242676
9783141276404
9783894494711
9781784970338
9783453437135
9783862652389
9783404168286
9783453602694
9783596193561
9783746629445
9783867668538
9783462045369
9783518464441
9783473524983
9783423214346
9783785555361
9783150154335
9783732263066
9783453702288
9783060603244
9783596188826
9783518464700
9783126063098
9783499258640
9783862822522
9783462040517
9783732236848
9780099581871
9783462045444
9783442379873
9782889214600
9783507047464
9783492301480
9783492304689
9783442172337
9783862652204
9783833836633
9783785578612
9783942446976
9783492301466
9783730600481
9783442378210
9783492302555
9783423280150
9783404168163
9783426786024
9781482722598
9783426509050
9783846462041
9783060629220
9783426505915
9783442382248
9783551310934
9783625139041
9783440136041
9783885423614
9783897369344
9783453545717
9783867179720
9781482753042
9783406410437
9783060603428
9783548285061
9783492304375
9783499258251
9782013951166
9783548375274
9783492301671
9783551088345
9783423625647
9783518464403
9783548375199
9783126236034
9783577199872
9783257242539
9783935719902
9783257241938
9783451612251
9783865399076
9783453545724
9783570101667
9783404167982
9783429035730
9783785578407
9781444734164
9783802588846
9783453529533
9783570223574
9783863132484
9783494015569
9783831315352
9783442376780
9783857877667
9783453412699
9781492868774
9783453602885
9783596193790
9783596196463
9783867662932
9783505131691
9783834623003
9783453200043
9780141976143
9783730600634
9783864723506
9783442746309
9783455502879
9783499257247
9781444730623
9783150176795
9780062059949
9783802592843
9783453417595
9783548611365
9783832162467
9783637012936
9783625137955
9783453437029
9783492302463
9783453436985
9783423142274
9783548375052
9783129491560
9783852189338
9783453437173
9783453409583
9783596512737
9783845803494
9783954510641
9783868487886
9783122706722
9783848256594
9783421051493
9783868833089
9783401505206
9783499630439
9783785555354
9783868833355
9783499266508
9783492301176
9781444765892
9783811233317
9783499630262
9783458359203
9783548611938
9783442480166
9783894493332
9782210760981
9783423347754
9783834622501
9783442473656
9783150189573
9783453410664
9783864726088
9783939722670
9783150154380
9783730600610
9783954691562
9783125776357
9783954972357
9783927796201
9783518071175
9783407743831
9783811233164
9783122706821
9783548745923
9781444009231
9783453410398
9783423715720
9783498035440
9783499243660
9780593175477
9783462045260
9783868832938
9783785577806
9783802586637
9783551183064
9783596195404
9783863132491
9783442475797
9781781851821
9783123519116
9783492303910
9783831315550
9783499258725
9783527507764
9783125618886
9783833308956
9783257068481
9783426510650
9783868824803
9783842007161
9783841502223
9783869306094
9783440133859
9783120114055
9783406633461
9783426510964
9783702658533
9781447231134
9783811233126
9783458359159
9783492304467
9783902763426
9783715206523
9783442381029
9783839213940
9783785573143
9783746629797
9783929932690
9783596193370
9783453437142
9783499242175
9783842008366
9783518464083
9783850003698
9783125600294
9783813505276
9783453411524
9783741285295
9783498057954
9783499216558
9783404168293
9783939722809
9783833834288
9783785724804
9780007459919
9781482759891
9783570308790
9783453602670
9780804168915
9783954973538
9783863130237
9781848662964
9783746629322
9783060628353
9780115534652
9783453437197
9783404167586
9783841760111
9783426275832
9783842007758
9783451350320
9783862017515
9783596186839
9783785577844
9783442746668
9780552167239
9783517088396
9783766617347
9783869979953
9783785569467
9783442381944
9781784081188
9783505132568
9783527507283
9783842005501
9783060629299
9783551768889
9783551798725
9783866478930
9783898432696
9780714865836
9780718198138
9783426507087
9783768835824
9783507027756
9783841500700
9783899655339
9783596189496
9783761626320
9783257242430
9783442467891
9783458359449
9783499266560
9783426780619
9783866479593
9783570101865
9783426514382
9783548374758
9783401095882
9783442382194
9783851792621
9783425145020
9783867601696
9783732253692
9783423142311
9783442220243
9783423214513
9783404607495
9783764531287
9780571283231
9783926163776
9783453357402
9783426514047
9783570402016
9781482580280
9783499258688
9780007532322
9783836927543
9783492273596
9783867600453
9783868824360
9783414823632
9781482500066
9783442479498
9783442745548
9783442479412
9783407784339
9783522503471
9783522503860
9783625135395
9783473405015
9780330458375
9783492302326
9783789132261
9783426783863
9781406338881
9781484832288
9783453437180
9781482769692
9783596188604
9782070633333
9783625137962
9780751550979
9783596197118
9783844511338
9783507474475
9783570308479
9783527506453
9783791519326
9780571272525
9783596196890
9783943123142
9783518464229
9783940025807
9780007523160
9783446241466
9783548611211
9783426512715
9782889213054
9781491264720
9783492302258
9782889215096
9783596197149
9783879969920
9783440139851
9783785574898
9783453437357
9783775154994
9783764505103
9783868486261
9783955590123
9783867240499
9783832162283
9782364631007
9780099582038
9783789112638
9783351050009
9783862652488
9783150191224
9781482599961
9783938575345
9783060629190
9783404168248
9783150188927
9783848005765
9781847173584
9783453436299
9783869364797
9782953465594
9781492251101
9783833309168
9783789172595
9783414823472
9783785571026
9783868832693
9782266238205
9783492301534
9783492303958
9781781162644
9783833829116
9781492234470
9783499255090
9783426509432
9783407811455
9783802588839
9783833836121
9783442382163
9783596905164
9783629109057
9783453409477
9781849907606
9783426513637
9783446241664
9783126221672
9783453409118
9781780331683
9783812010306
9783000425899
9783866481725
9780723273257
9783897105454
9781444011630
9783894254131
9783037344293
9783941598478
9781780552026
9783401065359
9783785724712
9781591164456
9783551794802
9783839214114
9781423170648
9783937883571
9783802588945
9783706623964
9783446243101
9781849760683
9783442219902
9783194019010
9783442744428
9783842009240
9783462044904
9783785576748
9783730600603
9783499266836
9780099580485
9783897369313
9782889214303
9783442479351
9783871150241
9783802591303
9783552056428
9781482580082
9780316098113
9783492304610
9783981596304
9783458359586
9781402266706
9783499216145
9783518423745
9781482646573
9781482342857
9783423214223
9783440110652
9783867363372
9781490479828
9783453410442
9783426501306
9783499256684
9780448463339
9783407761194
9783442381562
9783862017485
9783550080364
9783551768872
9783440132548
9783442479009
9783453436633
9781472312501
9783954510931
9783839840405
9783833309243
9783827430632
9783596191864
9783898592017
9783627001957
9783548611501
9783442745920
9783492055093
9783760791500
9783839214657
9783871347702
9783492269322
9783837121506
9783468113536
9783462045864
9783473524976
9783492302364
9783850003582
9781250028921
9780552779074
9783209078667
9783423142496
9783492272711
9798612773542
9783505133015
9783843450775
9783864726095
9783426503171
9783492303071
9783505133589
9783730600542
9783579074030
9781482398465
9783426785577
9783423253383
9780804138338
9783833902406
9783866320802
9783831317936
9783840180187
9783293206052
9783458359562
9783944296067
9783518295861
9783359024040
9783833827624
9783404167173
9783833309014
9781780875064
9783766158192
9783849470029
9783908777977
9781444720419
9783468738692
9783809026235
9783890294285
9783507485006
9783800543458
9783886279128
9783430201537
9783401067834
9783868064568
9783954400027
9783596189335
9783625139027
9783867662871
9783831315741
9783841061577
9783833901874
9783843411219
9780593072493
9783453356559
9783442157471
9783442745487
9783769818956
9783939435853
9781472350879
9783423715287
9783401505312
9783426786215
9783499630170
9783359023814
9783737364911
9783737367165
9783897358164
9783473524952
9783766842497
9783993001438
9783125798861
9783802591310
9783866991484
9783426505793
9783462044409
9783941837942
9783407795267
9780755355891
9783453534223
9783832197025
9783942208772
9781484164549
9783625139584
9783865919120
9783150076934
9783596193196
9783954001453
9783423715478
9783473446223
9781477817148
9781482055191
9783442746293
9783864723537
9783831315659
9783492302319
9783453410244
9782218966620
9783150190777
9783442269242
9783770012602
9783864725005
9783652002295
9781846882975
9781482751550
9783123107207
9781780673318
9783833902284
9783800075683
9781444011623
9783125798885
9783423625609
9781406346428
9781250012890
9783896029690
9783426513354
9783850028417
9783453280502
9783837123999
9783944107035
9783426511244
9781408704004
9783817489770
9783492055666
9782218966644
9781781251041
9783548611525
9783442742912
9798608893070
9783505131684
9781472206053
9783442547258
9783943886115
9783847905462
9781482580167
9783835410053
9783401700632
9783453602748
9781426311048
9783954511198
9783552062108
9783492302487
9783126062824
9780345515520
9783426785997
9783854911531
9783406645556
9783453645349
9783864723513
9783866991507
9788485109142
9783905290691
9783100925923
9781845879235
9783831315307
9783770481484
9783802592591
9783894496838
9783499622274
9780578131818
9783831023172
9783442746767
9783990269480
9782889214044
9783453356757
9783864971549
9783551084392
9783863960407
9783423760713
9783826052484
9783473401048
9783442742073
9783551652010
9781445496894
9783442220403
9783442476152
9783981325478
9783442479023
9783442467938
9783552056381
9781477807354
9783453268395
9783775154901
9783785577547
9788498481334
9783935162050
9783863551223
9783498021320
9783596186907
9783475541964
9781445457499
9783442381661
9782749133522
9780802406309
9783772522512
9780349138817
9783401066875
9782705684754
9783888978180
9783540582649
9780575129559
9783942094382
9783257242478
9783954001347
9783836954594
9783125811881
9783789143373
9781471113178
9781405911825
9783867742573
9783963571145
9783896675019
9780545522434
9783446241763
9783473584529
9780857869869
9783442379859
9783150190630
9783864726057
9783785574478
9783060629336
9780062227133
9783848006328
9783868273755
9783517089164
9783442471096
9782013940825
9783868260458
9783855355105
9783570154700
9783551312471
9783863135980
9783426786451
9783442746262
9783842007734
9782738128997
9783775154819
9782330015060
9783446243699
9783442381678
9782081226555
9783407859631
9783453356894
9783861228974
9781484071236
9783061510282
9783785577851
9781482579833
9783895910623
9783036956701
9781472312488
9783834214904
9783942661300
9783954088027
9783649604990
9782244025131
9783037933879
9780615809748
9783548611624
9783942920834
9783442745999
9783793422532
9781472334725
9783879969913
9783827500342
9783442381128
9783129299968
9783785748695
9783849480066
9783458359470
9783865917997
9783440133392
9783832197094
9783442546787
9783401703442
9783864890215
9783442392513
9783942212816
9781482759938
9781409551706
9783505133022
9783548611686
9781484903087
9783839214718
9783552062252
9783864120183
9783473434244
9783955218720
9781447265757
9783746629476
9783863132477
9783548285382
9783939435815
9783453676510
9783841101389
9783839214138
9783809431404
9783548285474
9783442479696
9783442746804
9780062086730
9783431038804
9783499267017
9780007419586
9783896034281
9781445498881
9783458358947
9783442378487
9783499256806
9783458359647
9783850268554
9783426785737
9783404607488
9780552563154
9783868274066
9783442477036
9783442475001
9783404607518
9783414823502
9780062094964
9783518464755
9781494282424
9783863366049
9780545348270
9783455403794
9788408119111
9783810506740
9783865396785
9781907411588
9781482398748
9783129491232
9783551761255
9781602190788
9780857869920
9783442746064
9783458359654
9783426226322
9783257068771
9781848451544
9783551798114
9783492300407
9781482655940
9783123107160
9783453408623
9783760790367
9788485109135
9781444778519
9780552778459
9783492702096
9783458359418
9783848219889
9781780878416
9783863551643
9783648050651
9783898453516
9783956661778
9782067184251
9783426511961
9783404206926
9783150198667
9783423142052
9783944305035
9783899204544
9783257233070
9783596192540
9783423249867
9781907411229
9783775154871
9783954750092
9781492256892
9783494015545
9783849004927
9783401068213
9783836954303
9780306822537
9782809658293
9782280364690
9782280364096
9782266255271
9780439314329
9780099580027
9783895910791
9783809026198
9783036956817
9783863132507
9783125294356
9783426514436
9783829725828
9783802592836
9783784352756
9783499230868
9780571290314
9781482713565
9783981402742
9780141350554
9783828955349
9781782210122
9783570224069
9783898403443
9783499211973
9783869132754
9783625160526
9783868833294
9783423249508
9781482769111
9781482713763
9781847175472
9783498030216
9781406347821
9783442377626
9783442382200
9783863530013
9788375465662
9783993000196
9783845101958
9783730600511
9783833198557
9783442392476
9783442745166
9781482646641
9783778792476
9783451327087
9783060629206
9783785748251
9783404167579
9783442744978
9783451325748
9783849909635
9783257068580
9783440133019
9783869950501
9783404168088
9781612625485
9783453602533
9783775006422
9783863551230
9783894254230
9783981399677
9783841062086
9783746630045
9783494015521
9783954060054
9783328100119
9783845107790
9783036957531
9781444719970
9783785571040
9783861537106
9783810508539
9783499629969
9783442746972
9783630873442
9783833834059
9783453411494
9783866480322
9783848920006
9783871347405
9783867600033
9783943079173
9783734104749
9780099547754
9783868833676
9783954511372
9783426511398
9781409102434
9780307473745
9783770172528
9783125922860
9783446436770
9783492300834
9780755388905
9783954001422
9780143418764
9783551181435
9783940387837
9781471156830
9783125600300
9781847153715
9783767008816
9783707604481
9783455404296
9783352008665
9783150191477
9781494339937
9783897361812
9783480400874
9783942540179
9783570101827
9783785576977
9783506777287
9781943645435
9781492301400
9783746629810
9781482645071
9783125618572
9783596188802
9783404207381
9783842007178
9783866480278
9783570156834
9783404168477
9780857869937
9783548745800
9780844772622
9783466370764
9783596855766
9791022400107
9783842040229
9783551172051
9783596513000
9783852726847
9783841501653
9783785572559
9783868047707
9783440134740
9783455502497
9780718194741
9783834213099
9780061478154
9781782194620
9783862652051
9783865684318
9783843210652
9783401268569
9783446243279
9780552173902
9781856753692
9781591845997
9780061478048
9783815840108
9783868043310
9783451611643
9783625137948
9782358151146
9783451066429
9783462045918
9783732254842
9782815908283
9783803132475
9783462044850
9783451071584
9781433535345
9783800341450
9783036956640
9783426509814
9783505133602
9783442746330
9783446241206
9783406648212
9783462045765
9783656501671
9783785577431
9783426875780
9783863960452
9783518464151
9783708404981
9781539805267
9783849028046
9783257068337
9783625137979
9782081285453
9783939722342
9783658007911
9783473544219
9783869364889
9783832161521
9783150191200
9783423214506
9783462045055
9783981277388
9783473363032
9783871347467
9783532624388
9783828031104
9783732262311
9783551312334
9781782326526
9783455651416
9780778330196
9780349413112
9783770494132
9783849901394
9783499630019
9781408889787
9783946829027
9783867150620
9781922247797
9783849901387
9783769819847
9783423218092
9783649669623
9783829725675
9782813810892
9783730600351
9783868486520
9783596195855
9783570162620
9783866479210
9783730600344
9783730600221
9783939722434
9783730600566
9783785576731
9783411725731
9783596192205
9783551313805
9783499256837
9783596195565
9783923902729
9783126221832
9783440133842
9783442742790
9783785577790
9783150202739
9781444754605
9783864725029
9783842005693
9783849470012
9783942473521
9783864725043
9783036959009
9783849470036
9783404206933
9783649612872
9783939722892
9783442745111
9781484839133
9783944206066
9781623151010
9783551798527
9783785576076
9783407799142
9783442313501
9783625137986
9783849470128
9782733824252
9783442312528
9783833828874
9781490599861
9783730600450
9783060827640
9783833226007
9780099564065
9783937914046
9783455502961
9783831905119
9783505133640
9783596195770
9783899171846
9783128092263
9783442478835
9783812005944
9783551798121
9783150190500
9783937914077
9783100463319
9783937914350
9783867600279
9783870736156
9783551766922
9783944296333
9783746240282
9783761627174
9783866478947
9783870736163
9780099588375
9783863960629
9783446241190
9783767008557
9783937914060
9783596854875
9780755374564
9783932416958
9783769818154
9783552056015
9782266235730
9783772440526
9783060332519
9783423142458
9783777421094
9783865437518
9783827248176
9782266238052
9783785577479
9783956741364
9783866479203
9783827248152
9783899233025
9783942473651
9783442746170
9783937507347
9783150198506
9783981477658
9780099580447
9782266235143
9782266235136
9782266235150
9783867424745
9783862070558
9780755377510
9783831023394
9783551520449
9780451414564
9781447225461
9781408835197
9783765515866
9783453409880
9781848452404
9783404168712
9783937914343
9783570223857
9783764504724
9780425261361
9780330532556
9783126069908
9783941139084
9782266235112
9782218971549
9780091953133
9781842235942
9781402784293
9783540633228
9783866123656
9783765515613
9783869091457
9780007507412
9783849006402
9783834215499
9783829723107
9783141506549
9780552159821
9781405912266
9783442744879
9798613549399
9783356015652
9782873886936
9782330020620
9782218966712
9781618951298
9781444912630
9781444757330
9781444753059
9781427235404
9782013213844
9798615645945
9781409118350
9781406348880
9781409102472
9780795704789
9780755394302
9780755384228
9780575099203
9780750537636
9780446571821
9780062267177
9780007935192
9780007506095
9783827248275
9783849005986
9781780544755
9783950335903
9783865120816
9781612383477
9783898766623
9783898761703
9783866465527
9783861537205
9783845800400
9783827332288
9788489773103
9783937310428
9783931951818
9783829707268
9783570224236
9783406649127
9783356014754
9780763664206
9780749015060
9780345538550
9780071828864
9780722538074
9791021400924
9781444791969
9789462091320
9789085425069
9789025849191
9789024714919
9788498258196
9788498258189
9788498258165
9788497007689
9788497007672
9788489773400
9788497007597
9788497007665
9788489773172
9788489773158
9788489773141
9788489773073
9788489773127
9788489773066
9788489773059
9788489773042
9788489773035
9788489773028
9788470684326
9786051005720
9786050906219
9783954680849
9783937516127
9783930116157
9783928564670
9783927979857
9783902770233
9783865689931
9783817461059
9783732613526
9783732282807
9783659075100
9783649614531
9782890925083
9782848996516
9782846265393
9782843466359
9782842597405
9782813206527
9782755804676
9782749917764
9782746969919
9782746733473
9782745960412
9782737361616
9782737361135
9782733824276
9782355191947
9782353151691
9782350872193
9782330023393
9782330020613
9782330020521
9782324005909
9782280280587
9782266237062
9782266237055
9782266235174
9782266235167
9782266235105
9782266234436
9782266234429
9782226244864
9782218970573
9782211211512
9782203075078
9782203075054
9782092551073
9782092543559
9782092543542
9782070651535
9782070140114
9782013200813
9782012456419
9781937529604
9781909841321
9781909290013
9781908982254
9781908844637
9781908262066
9781908251244
9781906614737
9781862016095
9781849394161
9781843797371
9781783755479
9781782998518
9781781168561
9781624161384
9783570403204
9781563208904
9781554983872
9781494224615
9781492764274
9781482784404
9781481820790
9781476534473
9781475801590
9781472214218
9781471317118
9781472210944
9781471315077
9781471114861
9781455505241
9781453063538
9781451635843
9781451218305
9781447207849
9781445613185
9781445459349
9781442429314
9781440234699
9781422221396
9781433354489
9781410457851
9781409326007
9781406262971
9781107043022
9781406260670
9780985349530
9780957480759
9780956121523
9780857208866
9780753437292
9780752471440
9780750536653
9780552166812
9780545503228
9780448464824
9780415723190
9780415718325
9780387901411
9780255366809
9780099579977
9780062103741
9783473385508
9782742442881
9782376300069
9782213681078
9781475812275
9781406342925
9781502355492
9780141397702
9781572842038
9783527760657
9783849014643
9782350873886
9783442479955
9783462044430
9783442375813
9783257242706
9783401505169
9783401504674
9783440132531
9780099580874
9783522503327
9780385738781
9783802586712
9783426510025
9783440126301
9783411722631
9780786891436
9783458175742
9783548374376
9783942989350
9783453200203
9783763952595
9783426786505
9783527710256
9783462044782
9783770172641
9783835410916
9781405268400
9783852189543
9783131747815
9783868047769
9783468210136
9783633542673
9788994208916
9783517088594
9781493779352
9783442471263
9783868142464
9783453285392
9783841101068
9782218971532
9783760787992
9780062089656
9783905931327
9783529053559
9783746629056
9783423253352
9782280313469
9798613237364
9798613574209
9781409351917
9798608370519
9783257242324
9783848510481
9783869065847
9786055902223
9780007488391
9783551517883
9783642405082
9782012041851
9782821201705
9783548375076
9781472309532
9783869802152
9780544003439
9798613548774
9798613503483
9783867666084
9781611098297
9780192734631
9782707176653
9783492268592
9783866686007
9781492238492
9781847398345
9783125619043
9783401701400
9783981447460
9780099582052
9783833227165
9798613580781
9798613558667
9783895610868
9783868201871
9781471110726
9783862798216
9781849836463
9781442488601
9782081336605
9783649616153
9783572081264
9782280334518
9798615761164
9783902747679
9781939416155
9781402285516
9781250033345
9780571296606
9780385678346
9780373778225
9783826694714
9783831724260
9783423142687
9783867898010
9780736427951
9783404167289
9783259010297
9781781570067
9781426311109
9783734101120
9782302054295
9789709304923
9789461058867
9789045023625
9789037488937
9789037487695
9788854151499
9789021671796
9788495986467
9788377479452
9783955750046
9783952402016
9783943061154
9783940482693
9783930771851
9783869992198
9783861962250
9783705885080
9783280055007
9782916136622
9782894645727
9782884525626
9782841726363
9782820801999
9782809436648
9782809433968
9782809433913
9782809432572
9782809432350
9782809432169
9782809429770
9782809429473
9782749307220
9782737352607
9782737348112
9782366580785
9783643134660
9782757857519
9781782391265
9782702445730
9782357661240
9782351008683
9782280345170
9782246857259
9782365590396
9782363080080
9782350742748
9782345678908
9782280283915
9782266238984
9782247129959
9782253167303
9782246801115
9782226246868
9782218958687
9782216122530
9782215120384
9782081270749
9782100701216
9782021118902
9782013943482
9782012029248
9781909878266
9781939263087
9781909372429
9781909173378
9781907794346
9781857513486
9781848953161
9781849694360
9781847974341
9781846436147
9781841354491
9781782122326
9781781081471
9781742573700
9782919186365
9781599909073
9781494414962
9781492156055
9781483697932
9781483669731
9781481953016
9781481926171
9781472703187
9781471325137
9781470706586
9781445106779
9781444180893
9781444005370
9781409334903
9781409324843
9781408518434
9782812912597
9782756041223
9782368901090
9782330027094
9782290093955
9782280314428
9782280306393
9782012045538
9780545605243
9780142181423
9781407124285
9781288586417
9781250023476
9781288507467
9780889954960
9780857214447
9780736431453
9780715645017
9780545757515
9780545484954
9780451413741
9780263898675
9780198493020
9780091950699
9780007467723
9781408854310
9780857053961
9783442314249
9780753829257
9783861935186
9783958433694
9780300196917
9780241967447
9783954530366
9783710400186
9783945384664
9780345549624
9783551312006
9783499267765
9783596197163
9783499253898
9783837114720
9783551312082
9783629109064
9783746629315
9783897366138
9783426514535
9783841502346
9782290125342
9781408340271
9783548285283
9783637017191
9783990331873
9783468738821
9783453602847
9783505131905
9783442380909
9783492301527
9783426513576
9783462045079
9783060214570
9783404169009
9783596197989
9783841501370
9783458359227
9783548285498
9780233004167
9781784296124
9783426786116
9783548285986
9783841502445
9783866479319
9783426785126
9783492303347
9783442380749
9783839214459
9783746629247
9783981456240
9783453602854
9783867600422
9783898833646
9783507477339
9783426511664
9783867178877
9782253179160
9783492060301
9783442480326
9783404168651
9783596513116
9783551650566
9783492301954
9783867668460
9783551312273
9783831024032
9783492303101
9783841501660
9783596512775
9783570156469
9783570501610
9783862653089
9780241966839
9783150191132
9781523810697
9783442747597
9783473369393
9781405917209
9783746630069
9783453434226
9783423715492
9783442382637
9783841502483
9783442473557
9783785573860
9783499254062
9783442479399
9783442313433
9783548286426
9783442744619
9783060628544
9783551311726
9783548284774
9783772463334
9780099585886
9783832162184
9783453268173
9783033041806
9783492302678
9783785572405
9783551520364
9783652002110
9783785571033
9783990130254
9783141007060
9783507856318
9783442744411
9783746629339
9783453437494
9781782096979
9783768839136
9783780662729
9783862860272
9783442480401
9783596167449
9783863366094
9783848510849
9783431038767
9783548611594
9783462044973
9783865992161
9783954511815
9783442378753
9783473368655
9783839213872
9783426513460
9780099574064
9781497370067
9781553803171
9783596811588
9783438040800
9783954510849
9783809431749
9783830333258
9783910150751
9783845804156
9783492302531
9783462045178
9783505131677
9783548611587
9783954088003
9783938045756
9781849903288
9783570501504
9783426657331
9783848920082
9783417208771
9783423249775
9783941363908
9783462045666
9783596189168
9786054771011
9783426510162
9783848004096
9783499630569
9783442268849
9783836957564
9783833308932
9783257068726
9783060623471
9783772469213
9783789169588
9781619302235
9781505264661
9783522183611
9782352875758
9783865919625
9780470384428
9780425275139
9783442174096
9783453266988
9783473400942
9780571282210
9783499259647
9783888978166
9783492269599
9783746629025
9783518464847
9783473584413
9783499629914
9783862652075
9783942777049
9783411725830
9783833309090
9783839214169
9783038640080
9781782321323
9783846497241
9783954511358
9783492304399
9783896674999
9783426786444
9783570155721
9783868651263
9783842512764
9783492300766
9783869106274
9783852188034
9783442473540
9783548374567
9783862789610
9783830464440
9783841901774
9783570155745
9783955590635
9780552779128
9783897369337
9781250051448
9783827011374
9783453357419
9783492304405
9783711000347
9783548285580
9783440135020
9783746628981
9783060403080
9783570401620
9783944296036
9783954511990
9783406643859
9783992000876
9783831905027
9783123138126
9783453471160
9783442547319
9780756407902
9783373001539
9783423345811
9783492302890
9781408836521
9783426655153
9783257011579
9783841062413
9783785570364
9783442746927
9781782119159
9783764504663
9783832162603
9783570154311
9783401704289
9783894271404
9783930038350
9783551582713
9783100488213
9783649613268
9783608947472
9783849005016
9783649613015
9783518464250
9783442476466
9783401503370
9783505131707
9783768835725
9783941485228
9783125619517
9783864890376
9783649610564
9783707415575
9783458359272
9783596855995
9783619501144
9783649613039
9783791371504
9783834214843
9783548284866
9783499630132
9783551652423
9783941139527
9783451306990
9783838050188
9783894496876
9783499254505
9783842512832
9783407820303
9783832162382
9783954511839
9783862336531
9783849005566
9783498025212
9783810513328
9783608946123
9783813505436
9783955420383
9783548611228
9783442380985
9783426512043
9783451062520
9783499619830
9783129260692
9783404167760
9783492303880
9783827011329
9783940158468
9783849005702
9783847905516
9783799503884
9783593398327
9781444193053
9783518464670
9783839214183
9783775154260
9783944296074
9783835411456
9783442203536
9783954570201
9783954002221
9783570308684
9783411870554
9783764150082
9783257068696
9783453529823
9783839214152
9783861081586
9783522183031
9783831903139
9783401504698
9783785575857
9783150190838
9783832197056
9783863652326
9783895612350
9783517088778
9783442478200
9783827500328
9783499266751
9783833835032
9783608947434
9783411871469
9783406621802
9783944296098
9783404168453
9783780629814
9783863654771
9783746629889
9783955693046
9783839214534
9783401068046
9781445498867
9783548285955
9783440122747
9783836954648
9783518464878
9783810523730
9783423214186
9783828957794
9783442204236
9783802589836
9783129491928
9781472309242
9783218008839
9783981429282
9783942208024
9783596854905
9783453437234
9783462045215
9783451065859
9783881907354
9783426514429
9783499630002
9783126010337
9780955472985
9783803127013
9783473584451
9783401702322
9782889215119
9783453410510
9783499256660
9783570156797
9783791519289
9783760789569
9783426513118
9783649612186
9783492301909
9783453314986
9783785724729
9783848920037
9783887697655
9783453534469
9783827011626
9783863651046
9783442380848
9783421045799
9783442379040
9783830468370
9783902784247
9783833828300
9783440129395
9783401068459
9783517088501
9783570501603
9783426508565
9783401504650
9781908800497
9783894164577
9783572080724
9783770192892
9788131910405
9782244880532
9783064508354
9783425048048
9783453529595
9783993001452
9783426639917
9783862653072
9783455502824
9783775153737
9783828943551
9783897364950
9783492304191
9783404168019
9783869710686
9783518423493
9783934793163
9783802590795
9781410463593
9783746236575
9783257068511
9783596191154
9781846883026
9783453602120
9783944035178
9783551652614
9783649616375
9783492055857
9783596191635
9783942885393
9783442372584
9780241957813
9783426199558
9783596177653
9783401504865
9783838020501
9783426653227
9783404169085
9783455404449
9783839214022
9783401068206
9783037934302
9783941899742
9783442478804
9783451071423
9783772524943
9783522201438
9783862652273
9783401504445
9783473584550
9783550087813
9783551520500
9783401454405
9783896675064
9783404270934
9783473434169
9783492056137
9782264060532
9783596855698
9783440132814
9783458359371
9783929829860
9783492269131
9783862788484
9783499216480
9783845102139
9783888977787
9783941550261
9783423760836
9783517089454
9783770739776
9783839213841
9783423625418
9783701178537
9783943360172
9783651000421
9783862785032
9783404607006
9783442752829
9783492274302
9783833902314
9783423141833
9783446243132
9783862787395
9783549074398
9780380709182
9783746238777
9780385742481
9783499259371
9783865814371
9783809431190
9783789120190
9783451334078
9783817489626
9780062242648
9783100800275
9783841502094
9783869172330
9783129492239
9783518423820
9781447267089
9782897670696
9780099554875
9783473401031
9783701733071
9783293004634
9783746238784
9783898091060
9783831018529
9783475541889
9783453314948
9783831904990
9783848510917
9783764150044
9783499227752
9783764170059
9783423142731
9783499259104
9783423715355
9783845101385
9783760799131
9783492303088
9783100929457
9783453268616
9783548285108
9783809431084
9783570308318
9783613035874
9783649612124
9783814802008
9783551312709
9783442475117
9783551312761
9783548285627
9783060332786
9783899537642
9783458359760
9783551793812
9783426785638
9783551312792
9783845800059
9783746629186
9783570308844
9783453313972
9783570162583
9783442547128
9783785576779
9783942208062
9783473584499
9783802586668
9780356501550
9783404168798
9783848006052
9783473531288
9783871347580
9783596190348
9783849005191
9783772463310
9780751545586
9783844802764
9783404207244
9783815778562
9783426199626
9783785576793
9783867138802
9783492302296
9783839214053
9783492055543
9783833811401
9783492303231
9783522201711
9783499216749
9780007489466
9783426639054
9783765541926
9783522201780
9783895615306
9783608947502
9783407820310
9783570401811
9783473434145
9783442480159
9783863142377
9780553840803
9783401068626
9783865064615
9783863960339
9781477806050
9783442745852
9783832162436
9783770479627
9783426199862
9783351050078
9783848510641
9783453356863
9783426653357
9783648046067
9783897737266
9781524791599
9783518464281
9783423760829
9783902961006
9783475541841
9783940078643
9783817475506
9783791507279
9783404167791
9783825239060
9783407744227
9783863656348
9783551310194
9781847175762
9783570402115
9783451611780
9783401067322
9781785760440
9783732288588
9783832197018
9783830342755
9783809431718
9783862312863
9783839213476
9783862652518
9780440245223
9783507463523
9783453356535
9783942829496
9783150089231
9783746629278
9781472322043
9783852187204
9783570224472
9780755358502
9783937501819
9783800057238
9783480230815
9783785760925
9783551168856
9781848452213
9783862334216
9783833309502
9783401068244
9783746238685
9783404168941
9783649613251
9783453291003
9783577199827
9783125619210
9781597073783
9783812519519
9783868043129
9783802592744
9783868710755
9783423249706
9783842512238
9783789130434
9780374921682
9783426512555
9780751551587
9783864930102
9783867523509
9782244491035
9783423715348
9783649613466
9780380709526
9783596855452
9783518464601
9783060624508
9783847905257
9783760789583
9783864722011
9783770172276
9783894493646
9783570155967
9783440135396
9783809430049
9783864291180
9783837870206
9780615854564
9783000421457
9783843210591
9783955401153
9783939362050
9783881178839
9783865393241
9783512040023
9789028425088
9783570223710
9783869211190
9783775735735
9783839812327
9783888978630
9783352008610
9783942656566
9783404168118
9783897984332
9781447231141
9783060643585
9783442478392
9783863655143
9783833192838
9783785578636
9783426504659
9783941787551
9783625130765
9783426785850
9783629109866
9783934328723
9783864930133
9783810513212
9783981334944
9783401068480
9783775154857
9781482381535
9783944305301
9783764504984
9783442380701
9783453676657
9783841101303
9783492703079
9783570307922
9783829730655
9783765456275
9783293004542
9783849007805
9783864300141
9783550080371
9781445497020
9783421045461
9783862788330
9783829724449
9783406645006
9788866410140
9783512040191
9783866123526
9783403090717
9786056400001
9783499630446
9783442174386
9783649611677
9781494767907
9783769135305
9783492302593
9783927734494
9783000414510
9783862312498
9783451066047
9783862520374
9783863653071
9783764531102
9783401504162
9783852189499
9783401069241
9783866806788
9783891585849
9783954511693
9783427063902
9783943416398
9781849545082
9780446583848
9783442312665
9783866686755
9783499266881
9783874397186
9783374031610
9783811495098
9783772440328
9783702231996
9783846408124
9783507856875
9783829726429
9783125175723
9783942446808
9780007373666
9783981318449
9783803132512
9783812002844
9781450864664
9783842706279
9780593068175
9781250037237
9783849006150
9783401027739
9783625136637
9783849006228
9783630873831
9783863510633
9783894017729
9782889215218
9783784433196
9783849005405
9783746238753
9781591843856
9783426652633
9783627001988
9783649605843
9783570380307
9783809026181
9783551250636
9783517088419
9783942448031
9783828927704
9783404207251
9783848510559
9783954411382
9783849002824
9783442269341
9783861089612
9783770192939
9783577199834
9783848920020
9783570162958
9783551582768
9781743311479
9783871347450
9780007498000
9783492303576
9783473433964
9783451307232
9783836927345
9783000417979
9783423142533
9783423760744
9783000388736
9783833833151
9783453314542
9783825178703
9783832162085
9783866683020
9781492868835
9781846059988
9783864291203
9781405912495
9780099564843
9780007489213
9783423249942
9780857520678
9783813505696
9780099580546
9781455546916
9783899017168
9783426785942
9781848547919
9783765515422
9783570161203
9783940908193
9783899064513
9781493540969
9780714866123
9783800057283
9783570308325
9783570162729
9783548285948
9783453291478
9783442478989
9783442157884
9783404169115
9781849832908
9783828950870
9783579066080
9783522503358
9783453314405
9781780335766
9780099578543
9783866123557
9783551310415
9783709970881
9783411809943
9783222134203
9781898929444
9781490328164
9781482057614
9781444758023
9780380709601
9783944154022
9783630873923
9783492301619
9783492269223
9783453315280
9783442477012
9783401264653
9781908526182
9781849397773
9781493732920
9783518467602
9781406339819
9780857801746
9780525952961
9780141341750
9783955690557
9783955845544
9783942730396
9783898627399
9782280280372
9782280278164
9782253176497
9781844882960
9781781802885
9781780873732
9798613538881
9798613544707
9781476718972
9781471401527
9781472314376
9781471125812
9781471100963
9781455521548
9781455519293
9781444766646
9781444765571
9781444761481
9781439153758
9781408327609
9780957581005
9780552163460
9780547976518
9780545387002
9798613543540
9780385618502
9780373817214
9780345545336
9780340994924
9780330517768
9780099567561
9780007456277
9783862652242
9783629130471
9783862070077
9783829722940
9783482604645
9783811233133
9783141714067
9783527507382
9783898629393
9798613546824
9783849004934
9783060620081
9783838050201
9783834214591
9783848510832
9783833833144
9783831023615
9783517088600
9783770196067
9783442173334
9781742200538
9783831904907
9783770172993
9783629141279
9783865814272
9783802919602
9783060011919
9781741799019
9781492133902
9783867522564
9783841502339
9783423347730
9783125173538
9783746236452
9783649613923
9783499259081
9783941480773
9783746629483
9783473433988
9783938802922
9783869413303
9783867522663
9783867521895
9783863890070
9783849004866
9783849004835
9783849004729
9783831024551
9783817477883
9783813505146
9783473433872
9783417261660
9783064508361
9783941895904
9783864300172
9783849004842
9783838000572
9783828957770
9780340999127
9783789350061
9783746237725
9783431038811
9781848954885
9781742203041
9780735675438
9780192735379
9783992000814
9783954621187
9783950349917
9783944362052
9783944137353
9783899449655
9783943167429
9783867138819
9783808575840
9783800057153
9783746234205
9783702658557
9783596189076
9783596182213
9783473434268
9783458175667
9783125618541
9781445499031
9783990140789
9783955370510
9783950365108
9783473490578
9783942509220
9783936322736
9783889975409
9783933385710
9783878683780
9783869802176
9783867523110
9783867523097
9783866511132
9783866511088
9783846497081
9783845907789
9783833219665
9783828955462
9783808577103
9783808576533
9783746238494
9783746236179
9783732603251
9783629108890
9783625128397
9783596196487
9783453314221
9782914913652
9783211831700
9782879542652
9782816130799
9781455515035
9780316277501
9789753437820
9789185861705
9789024716593
9789023476603
9789002252631
9788415088240
9786054629343
9785170772049
9783990268186
9798609460820
9783955217167
9783954621958
9783944153032
9783955213794
9783933487674
9783922132592
9783902917003
9783902886071
9783897358140
9783875031652
9783869919935
9783869374062
9783868486735
9783862890637
9783850523127
9783842706194
9783828031494
9783800177202
9783789350498
9783766616807
9783732612895
9783732241132
9783724518730
9783656501343
9783656466642
9783648028384
9783632988489
9783540200635
9783460230835
9783451324185
9783415048997
9783000397226
9783125182042
9782954211701
9782894555828
9782848864228
9782848316246
9782841968282
9782840967002
9782823600100
9782823600070
9782812307997
9782757811894
9782755612097
9782737358210
9782354082055
9782351181119
9782350134482
9782330022310
9782290059142
9782280286084
9782264061621
9782253173335
9782259220293
9782253166559
9782226231024
9782218968815
9782218961076
9782215115649
9782200928742
9782081305632
9782070139750
9782012457201
9782012044005
9782011700162
9781935279945
9782011401274
9781932519259
9781909611122
9781909136151
9781908925381
9781908208149
9781849395236
9781848573673
9781782194316
9781617727436
9781597073516
9781583341117
9781494456863
9781494292645
9781493776436
9781491284360
9781490933597
9781451674705
9781444783179
9781439158500
9781408523513
9781402788871
9781293196472
9780989090902
9780988985407
9780857501905
9780857208170
9780857079336
9780750279734
9780593073490
9780552777346
9780374305185
9780373817207
9780373817085
9780373754656
9780340997024
9780263905724
9780263899108
9780062188267
9780099574583
9783423214254
9783423214278
9783832034276
9781539079392
9782746987487
9782745970022
9780099580157
9783868824315
9783770167456
9783596302567
9783142716084
9782848865379
9782828914011
9781474903059
9783789104435
9783473385485
9783426876602
9783872910165
9783809431800
9783596196128
9783551312396
9783426513378
9783426784648
9783865917621
9783570308028
9783404168255
9783842007703
9783466370795
9783492274265
9783421046031
9783771645304
9783492056366
9783522303477
9783834213129
9780062230171
9783742002914
9783785748084
9783492272599
9783442378999
9783865064646
9783407859129
9783404168330
9783257068702
9783570156285
9783833902505
9783800330775
9780330545754
9783869100265
9783894496944
9783125476394
9781406340013
9781476741222
9783785577141
9783404168040
9783827010780
9783828829497
9783404167722
9783532624203
9783772459122
9781611739725
9783831016686
9780800788223
9781250010414
9783404206919
9783257242492
9783863657758
9783717521723
9783955693282
9783442268399
9783548285726
9781780877464
9783954512188
9781491074602
9783570156841
9783426786079
9783854521730
9783404168415
9783765541513
9783442173921
9783846800171
9783596511136
9783896373700
9783955100063
9783401068190
9783862788439
9783939722793
9783257011623
9783954511617
9783802586347
9783442547173
9783649668367
9781849831055
9783835409903
9783570101582
9783833900990
9783944531083
9783404207336
9783898403382
9783785577233
9783404207145
9783596512836
9782091885254
9783869132822
9783473364077
9783596904976
9783455000566
9783827194602
9783862313037
9783551311719
9783423249652
9783785570135
9783866993242
9783868710601
9783453408135
9783865919069
9781445499130
9783768835466
9783629109996
9783764530808
9783426785621
9783850265270
9783785724682
9783831023042
9783492049696
9783849005160
9783842008601
9783548611389
9783863551193
9781782112082
9781855683150
9783570160923
9783837508536
9783944107356
9782330015268
9783453436695
9783732263417
9783864000102
9783451064531
9780141350677
9783468221583
9783990270318
9783401027746
9783802588693
9783404168590
9783547711875
9780412213601
9783125616257
9781846882470
9783802588334
9783551315120
9783862789825
9783451307249
9783955614034
9783401702735
9783129490952
9783981107999
9783126062442
9783865393067
9783831723805
9783401068930
9783851977110
9780545568371
9783492056120
9780007276219
9783862070565
9783770172597
9783570101544
9781493771561
9781849703963
9781847445278
9781472200327
9783905811759
9783899033892
9781476744049
9783849529086
9780778315582
9780425268865
9780330544399
9780007436019
9788122205336
9782755613674
9782702439180
9781939263070
9781908906274
9781905802753
9781781251249
9781471128783
9781444731378
9780857896353
9780425252048
9780307744173
9780099553472
9780412109300
9780142421710
9780007491759
9780007485741
9783829724272
9783831022991
9783863366124
9783724518884
9783645601924
9783770479870
9783849005078
9783866903234
9783468341144
9783840130885
9783840009662
9783770193394
9783943502183
9783894276515
9783981543896
9783766362681
9783761560068
9783954084005
9783529061097
9782011256591
9780142180686
9783943919219
9781846042874
9783981207767
9783927494893
9783899449501
9783895777028
9783878681519
9783848510429
9783468600258
9781594204814
9783867521642
9783849505875
9783907100417
9783848217427
9783658021870
9783411811755
9781494284565
9783833198311
9791030600087
9781455536481
9789058388476
9789055159932
9783940914385
9783707332353
9783659782657
9782917637357
9782889115723
9781598429626
9789054961703
9788056200216
9783981569605
9785699615568
9783928485562
9783902878069
9783894931636
9783854381488
9783837508918
9783746235820
9783625129233
9783732292950
9783551312501
9783503141975
9783473412013
9780977894918
9783473411993
9783451612398
9783423253284
9783406659713
9782952896467
9782897050498
9782896677054
9782892257694
9782846283304
9782843984297
9782841969456
9782820900777
9782816131970
9782815907606
9782809649444
9782754050760
9782743625214
9782729120153
9782714454447
9782710369073
9782701163666
9782701163642
9782700239560
9782368770450
9782351686157
9782263053948
9782253167099
9782234075498
9782092543481
9782091880624
9782081247635
9782081243934
9782070451647
9781939769008
9781909173200
9782012316935
9781905862962
9781897009710
9781852249885
9781849534352
9781848874688
9781841654218
9781782431473
9781782373803
9781781974667
9781780332901
9781625530196
9781614931515
9781599535968
9781612787138
9781593252472
9781563685576
9781490952109
9781472107572
9781471335419
9781464709388
9781451661514
9781450863001
9781447929338
9781444816051
9781444187298
9781444006858
9781432977009
9781409392200
9781230292717
9780989288804
9780857663443
9780857382856
9780857387172
9780784735718
9780765332486
9780764490040
9780764205705
9780571303649
9780615831626
9780545539340
9780446568135
9780375867484
9780373817320
9780373675500
9780373297610
9780310727996
9780307590756
9780263904796
9780263903737
9780263898705
9780241003824
9780091950828
9780007521265
9782021285871
9783856167028
9783811494091
9783737577588
9782280281003
9789755753348
9781780893730
9783034780162
9783000488801
9782372860826
9782091931494
9783944122144
9783828955530
9780736433211
9783939293125
9783473385577
9783423214636
9783446256521
9783838000497
9783423625579
9783411871353
9783411871377
9783887691493
9783835417182
9783899657494
9783442370481
9781476702971
9782757841617
9782746974067
9782367401126
9782226255297
9783442477302
9798613624904
9798615293733
9783842006034
9783945662045
9783902900715
9783888977923
9783738651294
9782917689967
9782753032019
9782747036719
9782372600156
9782357661097
9782330048334
9782280331074
9782280329064
9782280329118
9782280327749
9782280328142
9782266258890
9782264063298
9782264061171
9782213693798
9782010018244
9781519416896
9783453603745
9783551557117
9781846436826
9783957050090
9783453317116
9783935368018
9783945164150
9781118862070
9781471154386
9783942428361
9780230748255
9780857831828
9783499269516
9783772475573
9780593069752
9780062336989
9780007548217
9780007501779
9783827012906
9782081412736
9782070315598
9781781802960
9781520838519
9783869742038
9783401507057
9783701732791
9783442175031
9780553508062
9783836710251
9783772521416
9783789282836
9780571296866
9782081314849
9782290082065
9783825242961
9783899203394
9780007350483
9783570308677
9782915002836
9783954882281
9783766616593
9782753206854
9783814802145
9781783521043
9783851792553
9781405268615
9783596193844
9783442745241
9783772464669
9783466371631
9783570401590
9783453268357
9783939462200
9783522303545
9783839891674
9783839812334
9783499627286
9783826230516
9783868735833
9782035858016
9783426513620
9783426199633
9783442746514
9783570308394
9783981460131
9783442745180
9783401099941
9781482656138
9783862071241
9783150191309
9783865391964
9783401504599
9783847905486
9783123104961
9782253045427
9782280344012
9783840147401
9783845813790
9783734610752
9789403200859
9788365531216
9783981337792
9783330517547
9782842638795
9782744313592
9782290130674
9782280369398
9782280369572
9782280367622
9782280367455
9782047355664
9782013918909
9781521292013
9783619341726
9783849911997
9788582861097
9782747050166
9783442757374
9783473525706
9783407749086
9783411744039
9783839221785
9781455520602
9783884453933
9783990387207
9783473408061
9781481419260
9781500917272
9783746632957
9783959733946
9788882662271
9783845102306
9782014018592
9781408878859
9781408334515
9783150198827
9783455600520
9783836959025
9783100040022
9783862653102
9783150190388
9783473364329
9783499257568
9780141346809
9783426508602
9781406361025
9783954691548
9783442743797
9783458359777
9781619633889
9781788951210
9783570308363
9783897361720
9783473385584
9783896674272
9783596185351
9783462045161
9783863866709
9782840645894
9782508023934
9782218970184
9782100717057
9783868261233
9783423142465
9783473524785
9783548285672
9783453357587
9783453410282
9783126220255
9783440133040
9783442377558
9783811233171
9783442744763
9783809431930
9783517088266
9783847905202
9783442220267
9781405911665
9783551554086
9783453436923
9780552774413
9783899644920
9783833309397
9783838834788
9783458359708
9783833731884
9783843210546
9783462045062
9783442374786
9783458359555
9783423715669
9783868526790
9783462045741
9783813505047
9780778316442
9782340001183
9783426784525
9783150191125
9783442477029
9783844513721
9783868710830
9780345543110
9783863656416
9782280306850
9783940193308
9783150190869
9783150170762
9783905825923
9781444754360
9783404167364
9783551313010
9783596189403
9783596811830
9783990560051
9783741240133
9783589158652
9783589158645
9782889186761
9782757857984
9782754085311
9782753037533
9782749148342
9782742442904
9782708244764
9782356350473
9782081342248
9782351791332
9782280348614
9782280348485
9782280344159
9782081386891
9782035928139
9780992723873
9781633039834
9781407162928
9783127443769
9783423142328
9783868510843
9783844510102
9783442479429
9783596189199
9783834623973
9783940258168
9783839213650
9798613599820
9798613528554
9798615259586
9798613607211
9791021402881
9783942772570
9783785577165
9783505132629
9783957572264
9783717112150
9783570401330
9783423142717
9781447287575
9783150170748
9783791519357
9783954691555
9783462045925
9783125619258
9780857809704
9781444761504
9783867404754
9783499255007
9783453410749
9783442484799
9780141394817
9783831315734
9783548611518
9783809431978
9783596512768
9783596512898
9783842030251
9781250081186
9783958532502
9783150191118
9783897361799
9783842007765
9783842008540
9783425145198
9783596195282
9783942374484
9783656734000
9783656602941
9782954211756
9782848864532
9782847204537
9782829004759
9782824604251
9780545561556
9782753302150
9782746736108
9782743628635
9782737363368
9782702430941
9782368330517
9782361561888
9782344000212
9782351791240
9782280820011
9782280310666
9782280310079
9782280307307
9782280306737
9782280306591
9782280306560
9781503939554
9782267027075
9782253179917
9782081336469
9782012044210
9781849163323
9781848403994
9781481404532
9781410475657
9780857077004
9780199640966
9783841502490
9783150190845
9783150190654
9783451612077
9780141046174
9783548375045
9783150198292
9783785577691
9780141393018
9783596189298
9783937310343
9783507849655
9783570162712
9783442380480
9788893441001
9783550080135
9783431038743
9780099550785
9783593398310
9780143122913
9781444778533
9783746629209
9783990331477
9783839812242
9783453355446
9783950443950
9783789123726
9781447243090
9783864253904
9781780744407
9783833834363
9783737331166
9781455529544
9781780745343
9783772469909
9783746249261
9781781803332
9783446243118
9783865287649
9783839213513
9781847376725
9782889213092
9783885427834
9783899201604
9783941725140
9783406647093
9783868735925
9783834623355
9781420126518
9783834626677
9781781574027
9783829724692
9783868047202
9783570158456
9781505261592
9781910565230
9780192743350
9783954886579
9783835412217
9783866680760
9783404607013
9783841062161
9783293206069
9783707412390
9783942454025
9783150191217
9783404607563
9783868814590
9780099558439
9781472309501
9783505130762
9780141363776
9780448479491
9780778319375
9783829726078
9782290039663
9783442173969
9782070452590
9783522201841
9783941683389
9783518464779
9783492703024
9783423142540
9783847905196
9783867665483
9783802592638
9780755308446
9783499257162
9783855353927
9783865814104
9781455576388
9780263907308
9783451349010
9782010008559
9781843652939
9783981790832
9781630060589
9783789123672
9783831317837
9780099554981
9783848226542
9783869120973
9782361561086
9781634288576
9782894363744
9783834213082
9783150189306
9781405913607
9781444766882
9781908195920
9781408849361
9780993380303
9780198356486
9781408858578
9783896674890
9783440139172
9783898454056
9783829730891
9783868201802
9783492304320
9783451065255
9783941462793
9783570402047
9783770437207
9780593068908
9783785724811
9783941556072
9783833826818
9783866162518
9783789123320
9783812003803
9781780749020
9781539952909
9780778318958
9782889211180
9781501105456
9783956340017
9783830468905
9783401700250
9783943502091
9783140401906
9783462044959
9781484842225
9783802591280
9783499629945
9783955590154
9786055358822
9781501103513
9781472120151
9780062351913
9782889512713
9783990292822
9783962290085
9783903122857
9782806307897
9780141373157
9788897089803
9783939434221
9783927924314
9783862053940
9782802746492
9782756010267
9783944788333
9783802119941
9782738131386
9782361932480
9782210753297
9780753436660
9782012384996
9781476784328
9781419710353
9780525432791
9781338193060
9783401600642
9780571234622
9783422040151
9781452115573
9780241199251
9783864431357
9783834624383
9781849905183
9783891320259
9783785577554
9783150190890
9783847905448
9783785575161
9783551766205
9783869521824
9783548745916
9783451711619
9780008158644
9783840069659
9783840069628
9781784965266
9781533506726
9783809431398
9783453314917
9780718159672
9783800177516
9783579066288
9780723275596
9788831549066
9783959482684
9783961031214
9783946810049
9783944011622
9783843930499
9783746001487
9783764150099
9783789133602
9783411813209
9783850336604
9783498073718
9783551066169
9780224102179
9798614577407
9781780273440
9780545925471
9780008162276
9783802592829
9783442173501
9783897361737
9783548611808
9783811233096
9781444776034
9783462045154
9783838835112
9783867282130
9783507775305
9781482645033
9783865393012
9783440136195
9783442269563
9783746628806
9783548287959
9783548287942
9789444476886
9781509808687
9781857151220
9783961280056
9783869979946
9783423280099
9780192793522
9783938802939
9783956190124
9780316056892
9783596187249
9781444016048
9783957572219
9781474924603
9780545479561
9782070655137
9783956510571
9783956301322
9783830531784
9782754067003
9783785572818
9783462044621
9781782062042
9783862707317
9783939619284
9783442380596
9783492054959
9780192745927
9783426500231
9780091956158
9783866992542
9783809430001
9783842006997
9781452161211
9781408853481
9780755358809
9781499136296
9780812998856
9780349407760
9781785030659
9781784293772
9783742300652
9783849027513
9783770486410
9783898999403
9783895911460
9783788615949
9783822824436
9780099455486
9783257242386
9783442479481
9783862316847
9783813504569
9783862787517
9783507856356
9783551359773
9780753730201
9781408831267
9788485109159
9788485109258
9783806233674
9781784162047
9783772475702
9783833736117
9783473490240
9783131746917
9783150188125
9783442746217
9781447228011
9783863960025
9781472203878
9783351035402
9783426653371
9781406343465
9780008241087
9780718179908
9780552570541
9780241297858
9781539365686
9782244501154
9783831032433
9782070450190
9783833226342
9781452118253
9783550080517
9780670920471
9781771380041
9783785748800
9783499216367
9783868832921
9783772483202
9783837512748
9782010012167
9781502552105
9781499376692
9780062082169
9780345544926
9783839214206
9783802586002
9783800330676
9783453437531
9783411724130
9780062075505
9783842926370
9783499256714
9783596196159
9783760788593
9783499173844
9783426510575
9783785577424
9781407147598
9783570156377
9783596191024
9783833829017
9783898832977
9783473524778
9783764531225
9782211223638
9780850486797
9783809431374
9783785556955
9783785570470
9780857073655
9783426785935
9783785574966
9783453356870
9783730600122
9783361006935
9783423214292
9783596512911
9783849524586
9783832162337
9781421541631
9780385537131
9783785747841
9783649612889
9783802589805
9781407136271
9783121040483
9783453314580
9783834213075
9781908524232
9783451065163
9783837122374
9780719816932
9781472106339
9780241145869
9780330458382
9783867542128
9783785575796
9780099580270
9783812013383
9783492300902
9788485109203
9781472105288
9783849004255
9783473584260
9780857208330
9783401068947
9780670012091
9788485109173
9783442380398
9783770172627
9781451664799
9781440545450
9783842005914
9783867723169
9781408842706
9781905177684
9783507011755
9783649615781
9783596198573
9783442269426
9783426509913
9783440134696
9783430201544
9788485109357
9788485109166
9783863659028
9783036956800
9783442381982
9783848510306
9783492054911
9781846973208
9780373777600
9783862335046
9780241962237
9783785748626
9781472107336
9783844245707
9783954511327
9781492194231
9783869979960
9783841501974
9781492307945
9783401504513
9781476761466
9783463406305
9783404207312
9780007501441
9783100860071
9783517089010
9783939685470
9781444177701
9783577199780
9783423142267
9781846435997
9783257068733
9781472347374
9783905811766
9781849906258
9783471350904
9783451071652
9783608939897
9783517088211
9783862785872
9783442478880
9783943767261
9783442745616
9781780220956
9783835410893
9783423142014
9788485109241
9783150198650
9783896562128
9783894496357
9780755388004
9780718196226
9788485109289
9783954510627
9783764504441
9781781974582
9783492055222
9780451414281
9783551312426
9780330544269
9783570156339
9782221134849
9780099569428
9781408830376
9783129273098
9783764504151
9783954511006
9782290068489
9782889215386
9780753540596
9783944160191
9783498000875
9783000408342
9783941651593
9783551796813
9783932497988
9783839214428
9788485109531
9783944703008
9783785760918
9783789143328
9783404168156
9782743634599
9781784690984
9781539700906
9781356413560
9780750541497
9780544714458
9783833731495
9780340944950
9780373829651
9783629109712
9783862461530
9783944341026
9783442479375
9783833828232
9780399166006
9783864559396
9783862460199
9788485109623
9783899159813
9782210755833
9781622632015
9783548283470
9783805250641
9780805098204
9783844510096
9798606060139
9783845501390
9783596512805
9783862787180
9783551517890
9783442746903
9781908800411
9783446436787
9783768836395
9781782062691
9783867138673
9780375859021
9783847905219
9783789140549
9783551310224
9781442482210
9780804162371
9783440135341
9783625137597
9783833834349
9783732280155
9781472322562
9786054683901
9783865323798
9783401068275
9783730600054
9783831315697
9781444708608
9783401068695
9783737364867
9783570101599
9781250037756
9780241003541
9781541211636
9780434023301
9782743625450
9783863650490
9783800075782
9783426513675
9782211211970
9783831326778
9782889214549
9783548284378
9780062093004
9783407811134
9783770480197
9783894498542
9783766365033
9780794438036
9783451660320
9781447205364
9783770481439
9783421046017
9783839214367
9783737364874
9783468600531
9781472100146
9783785747124
9783785748527
9783770192342
9783442744831
9781780874005
9781935179245
9783842701014
9780486489940
9781250034342
9781848452541
9781780671147
9783811233393
9781906549244
9783932071058
9780062118721
9782263063091
9781405914116
9783844511796
9781250016645
9783937367842
9783401065014
9783813504774
9780062206459
9783492274197
9783442746965
9783881178938
9780374246020
9783141714012
9783468738739
9781447225324
9781452114484
9783596809530
9783848910113
9780373829767
9783473584314
9783834213044
9780552570725
9783907599358
9783845801889
9783849005245
9780857689849
9783629130273
9783866689640
9782889215508
9780062117458
9783827194206
9783831904488
9781782951223
9781848862876
9781408347317
9780414059474
9780751557060
9788490392935
9781781167229
9781780721361
9783473434220
9788485109661
9788485109326
9788485109647
9781408840153
9783842005471
9783492301916
9783767006881
9783423214780
9783492055031
9783846496510
9781848546677
9783401068763
9781408831670
9783898625531
9782067184572
9783732214242
9783468208379
9780241962732
9783401503738
9781908643278
9781406343823
9783827003089
9781619636255
9783899232691
9783902652782
9783863657413
9788817067850
9780803738911
9780007500291
9783037804902
9783869091303
9783785576533
9783451071676
9783785573839
9783492303729
9783442157587
9781781167205
9781604332957
9783791348162
9783423347600
9780062187703
9781481958479
9780099574491
9783473364084
9782757857151
9781604633122
9798615848353
9781481491051
9783898891394
9780007500147
9783868735079
9783868710748
9780062197757
9783862337569
9780857631084
9783442173549
9783955040000
9780425256558
9780446584197
9798613415328
9798613533626
9798613626182
9798613522859
9781849546935
9798613482658
9780486779461
9783902914101
9780545507714
9783730700037
9783746237817
9783770480241
9783359023845
9783828955271
9780761165828
9798608806988
9798613520534
9798613466825
9783000440595
9780316228183
9783505131912
9783801204181
9783499256349
9781599909202
9783036959023
9783868814842
9781449328252
9781409103820
9798615773990
9781444929096
9798613511365
9798613554331
9783942656603
9783941639096
9783864432323
9783864559433
9781781852460
9780192756800
9783404167395
9788495986214
9781444001150
9798612789185
9798613507207
9798613605330
9798613605033
9798613631414
9798613557035
9783746632643
9783868716566
9781934133545
9783940524232
9781845355081
9780007349371
9780552167086
9783522183376
9783406647307
9783643121028
9783849023010
9783849021801
9798613506675
9798613581597
9798613626229
9783941586840
9780142421871
9780764209154
9783060827657
9782867466472
9780241144664
9781405265713
9781421555621
9783943213065
9780007932702
9798613516018
9798612264385
9782280343442
9798613497324
9781444776096
9798613087518
9781482072327
9780307476074
9783825239039
9780062206794
9782218971655
9780007237449
9783442381074
9783499630460
9783943941234
9783926704511
9783426215500
9783944583075
9798615721588
9798613113682
9783990130278
9781849396950
9782895496434
9781471400445
9781447235286
9782091885261
9783453676367
9781780271330
9782070450497
9783866162570
9798613623563
9798613542758
9798615773426
9782011256584
9780829440911
9782754048675
9781444789706
9783775736022
9783862653164
9780755394043
9781476711874
9783862070732
9782092543030
9782218966651
9783473400904
9798613475100
9798615717208
9798613524099
9783897359192
9798613289370
9782809817638
9781444707601
9783929433746
9780349000152
9783809430223
9783552062085
9783746237961
9781447245223
9783842705425
9783404159994
9781908313614
9780755386499
9782213672151
9780980236613
9798613477258
9798613479481
9783423142724
9783851977059
9783789350160
9783944548111
9780762448449
9781770493308
9783126010429
9783440135907
9798613572946
9783990385654
9783945033111
9781445132310
9780990321057
9798613590698
9798615447839
9798615801969
9798615719622
9798613551545
9798613548415
9798613357123
9780957655706
9781408831557
9783218008778
9781107654228
9783862652129
9780552776820
9780316254267
9783865393029
9783795602086
9781447231264
9780316207546
9781472109637
9783861533634
9798613503865
9781471128899
9783763266807
9781845337674
9782253164913
9782070652785
9783827331960
9783700443520
9780062218964
9783939645658
9783426281116
9783933671073
9798613626205
9781444755695
9781442444133
9780761174875
9783848003822
9781844088669
9780062121097
9783771645229
9783858817389
9783442480586
9781848549586
9783836957557
9780385374910
9781405912273
9783570156315
9783579060446
9781847626936
9781407135069
9783848510931
9783760019154
9780316235655
9780091949358
9798613628674
9783842920125
9783846407516
9783829709217
9783849006419
9785448188008
9781451606966
9781444706000
9783791032689
9781408842423
9780141339191
9781849019736
9781482793277
9783822863626
9783867643832
9783499253676
9783899038606
9783826676123
9783932927546
9781482713701
9783839891551
9780224098472
9780007489206
9783625138334
9798613460342
9798613560080
9781471400421
9780446555005
9783649614388
9783570156506
9781848540675
9781406351484
9780060915186
9780007514236
9783899038804
9783899038682
9783848510528
9783943748192
9782012385009
9781846547652
9783442173709
9783423141871
9781848772274
9781847563262
9781482342956
9781472207555
9781442488663
9780857388803
9780805097450
9780091937423
9780091953393
9780446573306
9781781123904
9781407144504
9780316219532
9783863655747
9781848779143
9781848452091
9781846703751
9781848313996
9781846057847
9781781250020
9781490484587
9781780890104
9781455511655
9781451682052
9781445497037
9781444730272
9781407139814
9781250016133
9780857209856
9780857532930
9780805096156
9780765369482
9780751551495
9780593063149
9780552167925
9780385742092
9780349123769
9780263904567
9780007479610
9780099586890
9781509821754
9783925549335
9782706713385
9782351008645
9782311101263
9782280344876
9788467759082
9782035928214
9782035926098
9781781853436
9781974267125
9780062320360
9781788206884
9781785652608
9781484732335
9781846045172
9783895653681
9783831029235
9781780749457
9783411761906
9783924963767
9783865121400
9783659793417
9782759031443
9782749534633
9782226322746
9781909173637
9781849539579
9781447272403
9781319023454
9783990286586
9783943349115
9781976749391
9780373299188
9783840149061
9783123100727
9783990560297
9783941552418
9783960380061
9783848232154
9781405285001
9798613183302
9798612997368
9798615697012
9798613269327
9798613031474
9798613077373
9798613139644
9798613003112
9798615599217
9798613263592
9798613252985
9798613139705
9798613224463
9798612578468
9798613068272
9798613139767
9798613139668
9798612959472
9798613207992
9798613139613
9798613044139
9783498045272
9783845804736
9798613020317
9798613035915
9798613165971
9798613034963
9798612717157
9788868390327
9798612717409
9798612498063
9798613139538
9798612605133
9798612704249
9798612944089
9798612697626
9781447283188
9781477827451
9798613139491
9798613068531
9798612805427
9798612289753
9798612793946
9798610417547
9798613280926
9798612673057
9798612496045
9798612864493
9798612699415
9798612682448
9798612817826
9798613068920
9798612832478
9798613139576
9782211220330
9798612723035
9783735902313
9783829739252
9798613139736
9781780058177
9781472904591
9781101940594
9798607497415
9789401600422
9789041415356
9789021807010
9788378857013
9783881178709
9783864684630
9783863652210
9783861902652
9783770193141
9781472111753
9782266237468
9780007545704
9781849547222
9783849529840
9783837624854
9783845909622
9783737365901
9783551310521
9783429036645
9783417285987
9782896571833
9782702440087
9782702438459
9782365590532
9782266210461
9782253177760
9782218971679
9782081314771
9781939416124
9780425254646
9781934159347
9781906665579
9781908946942
9781849396202
9781848891869
9781848777040
9781847946850
9781846689321
9781846556135
9781845025335
9781843652601
9781843441502
9781841814223
9781841499758
9783791507422
9781841498508
9781782431145
9781841356488
9781782060772
9781781251966
9781781167632
9781781167670
9781781167052
9781780877266
9781780285016
9781624909535
9781599908557
9781491051054
9781490930831
9781490923222
9781490516622
9781489591098
9781484815403
9781482747638
9781482665086
9781482054019
9781476745053
9781472216847
9781472103024
9781471333842
9781471128806
9781471125737
9781471117664
9781455578283
9781455574780
9781455554478
9781455574520
9791027602711
9781409580478
9781455526987
9781472111944
9780552778176
9780723289913
9781455523153
9781451672732
9781447248828
9781444816037
9781447206835
9781444790979
9781444780239
9781444739657
9781444724608
9781444713961
9781444001532
9781439164693
9781433349492
9781423635031
9781419709753
9781419705359
9780007579051
9781477822142
9781476796000
9781451681857
9781476708232
9781505608229
9780957144514
9781910235324
9781860249471
9781848549128
9781844883394
9781783062867
9781783432493
9781497317857
9781472207685
9781447278535
9781447263760
9781444793277
9781444755282
9781420136937
9780857206251
9780804141994
9780778317227
9780701187941
9780701169947
9780593070161
9780593068571
9780451468222
9780575131187
9780352347879
9780263909760
9781409374800
9781409121329
9781409117926
9781408844915
9781407139630
9781405263450
9781250042378
9781250042279
9781250039460
9781250035332
9781250031853
9781250028754
9781250027658
9781250023292
9781250021946
9780989207201
9780263909715
9780263245790
9780263240610
9780099564744
9780099559214
9780091954116
9780061961229
9780007580262
9783551684387
9783731805526
9783738601534
9781499659726
9780985454289
9780985323608
9780857892911
9780857389763
9780857209474
9780857077684
9780857074614
9780857051905
9780805095067
9780802155092
9780761374992
9780760755013
9780758229359
9780758292322
9780755389285
9780755386710
9783649616931
9783649615514
9780988655904
9780241180303
9780749012588
9780715645482
9780750537643
9780670920747
9780618386239
9780571295401
9780571288526
9780545649407
9780545310161
9780451419446
9780451415394
9780425267936
9780425263310
9780385740708
9780385677509
9780373829712
9782889188307
9782280343534
9783551088802
9783649611493
9783946941064
9783423507318
9783423715621
9783833833182
9783785576601
9783401701295
9783785577868
9783129492215
9783839214268
9783596188871
9783499221552
9783954510887
9783831023424
9783805250573
9783257242287
9783548745749
9783522201551
9783943502435
9783942772396
9783548285405
9783451065170
9783833833908
9781471111822
9783453602915
9783897776876
9781439102442
9783898798211
9783789123269
9783423506199
9783499255199
9783843604222
9783830333302
9783760799612
9780241961728
9783866479111
9783942656719
9780007481347
9783769260168
9780857801722
9783891351734
9783867241878
9783834215130
9783548284859
9780345530479
9783941306059
9783451611599
9783451326431
9783446243842
9781409117223
9783898629409
9783842708327
9780448467108
9783596905546
9783423026901
9783312005796
9783835411074
9780316228589
9783401703923
9781907892448
9783841502506
9783844510508
9783834216052
9781444793437
9783429036102
9780241955413
9780224097475
9783651000384
9782081308879
9781442436572
9789023476108
9786071125071
9783861903574
9783654603537
9782203043718
9782081296152
9782081295612
9781780621081
9781472209153
9781472325235
9781471400858
9781409147060
9781408847244
9781407139784
9781408328415
9780857531759
9780755374007
9780753189658
9780373278107
9780297868354
9780263905939
9780263232356
9780007515035
9781849906906
9783834215147
9783828031692
9783828031319
9783629108951
9783127403176
9783865814180
9783862360574
9782812309090
9782244407463
9782210961234
9780425252116
9789751014061
9783945750766
9783625173694
9782844462862
9782811216221
9782758142294
9782367041131
9782359494624
9782290098301
9782253184164
9782070463428
9781616712242
9781465436214
9780373658800
9780316406178
9789944571562
9788365706720
9783401706795
9786055822675
9783945462676
9783743191532
9782811209742
9782744317354
9782290139684
9782280369510
9782280369268
9782204117500
9781910939512
9781440598494
9781407165349
9780800728427
9780763674809
9781474603041
9789756107508
9789059365230
9789023487586
9788467732849
9783942614832
9783869375823
9782871428732
9782845637351
9782806304803
9782759027002
9782758004196
9782753031104
9782746970380
9782745962881
9782733829882
9782501095426
9782368481509
9782359343212
9782352875772
9782342023220
9782280311656
9782226250469
9782215127499
9782072532689
9782035912916
9781910616116
9781910270714
9781909844872
9781909626409
9781909342477
9781909221857
9781907152429
9781904968689
9781901170221
9781894994873
9781849634786
9781849397599
9781848106635
9781784451288
9781784401252
9781784401146
9781783434886
9781783434787
9781783432202
9781782812647
9781782700180
9781782433675
9781782432579
9781782113249
9781781856161
9781780890456
9781780762234
9781780743721
9781628738162
9781626468726
9781606843161
9781589238800
9781573124416
9781505380095
9781499113679
9781497440494
9781477746486
9781486220489
9781472362018
9781472359988
9781471149405
9781444921038
9781408852200
9781408843222
9781408329115
9781250017710
9780992075040
9780857623263
9780857329486
9780789753809
9780763652852
9780745965253
9780719809385
9780552566766
9780263912920
9780263911770
9783899557497
9780263908091
9780263250411
9780263246292
9780198448471
9780099574682
9780007945078
9780007449989
9783462050585
9781473625433
9781548212858
9780553508840
9789062658169
9789041423764
9789041423344
9788848000741
9788897737223
9788493761059
9788415296980
9783887473228
9781781853276
9781455549368
9783954624638
9783453269156
9783845806396
9783842036932
9780575130166
9783737409742
9783734101267
9783793422945
9783100300652
9783898999922
9780763659141
9783784353661
9783867427739
9788120804340
9783981612400
9785389057975
9783943977301
9783943295603
9783939322696
9783890531373
9783875767339
9783868714586
9783862690688
9783732606023
9783707323580
9783707323023
9783660103304
9783656497387
9783083436133
9781405286725
9781592408276
9783895814501
9783141219135
9782897230906
9782891445771
9782848931333
9782848333069
9782842714352
9782841969654
9782841968190
9782811210243
9782810403462
9782732455150
9782715232952
9782501090384
9782501081900
9782368080061
9782366530896
9782297025195
9783735913647
9781673636499
9780996948654
9781846148897
9783608980233
9783837130973
9783940357236
9781472117342
9782253164975
9782216122608
9782081293915
9782081287235
9782070653898
9782070452224
9782070141760
9782067184855
9782035895363
9782011700247
9782011201126
9781922036810
9781935600077
9781909154209
9781849934602
9781849934596
9783956491962
9781517349226
9783956190353
9781849753760
9781849072816
9781848957305
9781848516489
9781846824067
9781782700302
9781781973691
9781781571064
9781780671130
9781620201282
9781612386690
9781608181810
9781494492991
9781492306269
9781483993317
9781472703583
9781421579733
9783738645675
9781786852113
9781509839551
9781472316073
9781452116624
9781447941064
9781447251583
9781441173270
9781409558897
9781405269803
9781401689841
9781402279898
9781295256624
9781288701421
9781250027429
9780987003980
9780983964155
9780956012593
9780891123200
9780349123820
9783735910233
9783864551055
9781517674632
9781484722275
9781409170280
9783845808888
9783868738056
9783000453922
9780857521651
9780732294144
9780565093297
9780451413734
9780448463087
9780373829538
9780373718948
9780263238020
9780263232028
9780217209533
9780062075352
9780061938627
9780007938940
9780007937868
9780007937783
9780007937080
9782359734515
9781845215415
9780399166235
9781521867587
9780007937004
9780007933549
9780007476336
9781408879245
9781786698018
9780316501873
9780008268879
9781419713552
9783492300742
9783804419094
9783746629704
9783499619892
9783492304382
9781781864159
9783866992573
9783442157761
9783548285245
9783785576571
9783785574324
9783492303125
9783863551735
9783423715225
9783466370900
9780241965269
9783579066363
9783426513163
9781782399421
9780749020859
9783702634001
9783785575192
9781782320579
9783293205956
9783770478439
9783401066486
9783770479405
9783426199596
9783866361058
9783453409217
9783458359265
9783423625616
9783442478675
9783596193073
9780446573061
9783841500694
9783841500199
9783426784839
9783423249447
9781847940919
9783060629916
9783473525010
9783499627453
9783426511879
9783453314566
9783551768865
9783522183512
9783866903241
9783499259562
9782246790044
9782070141159
9780552169172
9783902763310
9780399166709
9781908524065
9783551729156
9783453356924
9783802591297
9781444761566
9783426510698
9783944107479
9783930559596
9781844670284
9783451307553
9783922494102
9783453200418
9783746629520
9782013961301
9783473436200
9780440245230
9783785576625
9783869979939
9783442753932
9783257242393
9783854454038
9783777623573
9783929480467
9783800075560
9780141335704
9783802585524
9783878684848
9783442478750
9783570223819
9783866451698
9783407859556
9783293206113
9783060233953
9783802589003
9780751548228
9783551760241
9783596193035
9783868737073
9783462045499
9783499216541
9789022571200
9782905882196
9782366241167
9781408355480
9781910195055
9781847093523
9783194019027
9783772469176
9781482665512
9783407744210
9780330477598
9783881907538
9783570402061
9783440136720
9783440132562
9783426513248
9783847905431
9780545499088
9781940363073
9782017035176
9783954511525
9783629141262
9783981477733
9783518464748
9783442380510
9788896107812
9783932098062
9783860401798
9783839812150
9783527710164
9782070652891
9783944343792
9783407771513
9782919728107
9782401000476
9783293206236
9783896562081
9783462045826
9783944354118
9783848510580
9783864971082
9781447220145
9783126060325
9783407228727
9783830676218
9783803127075
9783867742948
9783492273091
9783839214244
9783802591143
9783257242515
9783764150426
9781455574322
9783126061247
9783406641381
9783842007185
9783453268401
9783862292622
9783770480531
9783833902437
9781447241300
9783839213803
9783833226243
9783746238845
9783423142519
9783942772655
9783924077112
9780307948199
9783834213037
9783862330218
9783579066325
9780007459537
9783702233150
9783492055925
9783899158083
9781500690489
9781434707352
9781250008046
9783868260472
9783944107264
9783442746163
9783844249835
9781409117940
9783218008815
9783932853104
9781444754582
9783442374748
9783867666077
9783648042441
9783141150025
9783401069128
9783851792188
9783924564049
9783442220519
9783839213438
9781494710309
9783827011268
9783864450860
9783426785171
9783833835933
9780241962169
9783944296180
9783956930010
9781444754391
9783775155045
9783125600829
9783426226292
9782218966682
9781439193020
9783833827327
9783100385048
9783944035055
9783711000453
9783763026579
9783426785720
9780988479708
9783864120152
9783788602604
9783943502428
9783938889152
9783426199008
9783293206175
9783141161359
9781447241294
9783817493289
9781481900805
9783867542067
9783866321212
9782280367998
9783407741127
9783806226294
9783990110539
9783596809943
9783440130612
9783931085414
9783833226014
9783811493414
9783442547265
9781472954633
9781905128204
9783843210669
9783863654481
9783448100440
9783442480210
9783518423608
9783437430688
9781476732329
9783522201797
9783833308604
9783257242584
9783954511624
9783577199919
9781780552071
9783925798375
9783453355880
9780804138321
9783789132322
9783765542213
9783829707343
9783803112927
9783770479436
9783850028349
9783458175889
9783473433810
9783150202890
9783869413433
9783529047879
9783440134801
9783473400997
9783943502442
9783570308745
9783401700809
9783645602228
9783707415674
9780099576754
9783423199001
9780099512769
9783596905577
9783815019351
9783828955165
9783473584437
9783421045720
9783442478927
9783802592805
9783902844255
9783942772525
9783805250542
9783841902269
9780800721787
9782290059746
9783596192526
9783257242331
9783630873657
9783937715087
9783760799599
9783896736437
9780007288762
9780263910469
9783884234419
9781496703682
9783446436732
9783551682390
9783940006134
9783577200103
9783789145063
9783442480333
9783760019123
9783453291218
9783770481347
9783770189427
9783451611339
9780385537469
9783855353682
9783902779212
9783570154618
9783785577080
9780553820522
9783789107597
9783548375465
9783498064266
9783830342748
9783957070036
9783446242623
9783842703520
9781491247037
9783426276211
9783579066240
9780691156842
9781407134512
9783551520456
9783835313576
9783551312655
9783785760710
9783551556462
9783426513798
9783862787470
9783423715461
9783492269292
9783293206243
9783150189795
9783832196837
9783862652334
9783842007352
9783830468967
9781471115141
9780751552607
9783570585276
9780230757530
9783440133460
9783827011312
9783867404983
9783125798908
9783401068671
9783423142823
9783475542039
9783527709489
9783442754106
9783897737006
9781421502427
9783849005771
9783442479344
9780857206503
9783802586613
9783861903291
9783630873985
9780141393056
9783770192953
9783499258909
9783129491423
9783849568627
9783125600867
9783442752980
9783473553730
9780755364190
9783451304439
9783442466283
9781517074746
9782218986208
9780593076316
9783868513462
9783522183451
9783442745821
9783825172497
9783954510559
9783613507159
9783257242553
9783864291531
9781408158807
9783522503723
9783841421562
9783831024742
9783440136133
9780099552581
9790006543465
9783837122329
9783772469800
9781409377603
9783942656757
9783463406336
9783351035365
9783453436947
9783785748503
9781408831335
9783839214572
9781482551075
9783440136409
9783833901829
9783898708012
9783551795557
9783374033539
9783640796496
9783505132681
9783548283678
9783954740123
9783954511907
9783838050263
9783596190447
9783763370412
9783833226670
9783466370740
9783833902529
9783760799322
9783453314887
9783842005600
9781495203022
9780553818741
9783897737211
9783886198962
9783770481101
9783649611165
9783981592313
9783492702645
9783839212837
9783141000016
9783925146855
9783406613791
9783805250450
9782907572088
9780349139203
9783813505559
9789056475604
9783730600061
9783552062474
9783867731652
9783785577226
9781444916447
9783842005587
9783839213865
9783863655532
9783902924032
9783812518529
9783423253338
9783867404716
9783936973761
9783548611150
9783943848359
9783473524891
9783789112492
9783837509441
9783896805201
9783453314603
9783890864532
9783800645909
9783842701656
9783868998511
9780545624565
9782501074940
9783760789613
9783897413542
9783746629001
9783440134719
9783707604627
9783867522588
9780804139571
9783846409398
9783898766975
9783704656520
9783293206212
9780425251881
9783451612046
9788498481273
9783642330056
9783424200843
9780099585145
9780446574631
9783426786017
9783480230709
9783442746996
9783894496364
9780141337180
9783954002085
9783842006638
9783839812709
9783810511539
9783442379651
9783811233232
9783507874534
9783629108975
9783906183114
9783126068772
9783812006491
9780007524327
9783572080847
9783426199817
9783848006304
9782211215954
9781423632047
9783940879295
9783834214782
9783954430154
9783944035154
9783446241268
9783060059065
9782012036741
9783548375038
9783760789736
9783866452367
9783442382521
9782067184664
9783896623676
9783861932581
9780062248510
9780007552337
9780062073181
9780451208187
9780008336400
9780008288617
9780241225134
9783409234849
9783126068062
9783468208386
9781908497758
9783833730542
9783864890482
9783442480340
9783570552018
9781743314890
9780571302697
9783551311764
9783549074411
9783552062283
9783835411685
9783707904925
9780373210862
9783404607297
9783862338139
9783351035273
9783864580178
9783404168675
9780857862921
9783785573808
9783460271487
9783869364742
9783862788453
9781452127910
9783868833416
9783746240503
9781848779778
9780751547559
9783954885183
9783702507145
9782070452897
9783784433165
9781492985990
9783453529922
9783499216572
9783760752129
9780755391875
9783760798318
9783440135419
9783458359616
9781409136637
9783861084976
9781419709708
9781444736564
9783473364060
9783453267954
9783894017705
9783888978623
9780230342026
9781780878263
9781405913782
9783423141970
9783939279082
9783548375229
9783768853545
9781405275101
9783451612374
9783492303996
9781849419260
9783868824629
9783468210228
9783803132499
9783833308918
9783570101735
9780425262702
9783848227457
9783867424752
9783827011398
9789023483205
9781782061090
9783280054956
9781849754408
9783848510771
9789460036576
9781409114604
9783942661256
9781482712483
9783954884711
9783822819470
9780425251904
9783423760775
9783862312702
9783442380138
9783458359548
9783942446952
9781782404606
9783438048103
9783522183345
9783941970106
9783942229913
9783863653248
9783000197246
9783404167449
9783453169210
9783770481118
9783886279463
9783423142021
9783499625626
9783126062619
9783813504132
9783842706996
9780425265079
9783473584567
9783942989510
9783812003469
9780224098885
9783829714273
9783941118881
9783789142710
9783522201636
9783868273748
9783941527201
9780007519965
9783827194824
9783854394921
9780755399581
9780446564465
9780312605896
9780807033807
9783862787135
9783865814166
9783423141895
9783868274073
9783522303354
9780590447379
9783775152846
9783770193172
9781447225287
9783836927574
9783785576274
9783777623429
9780751551365
9780230745384
9781596437326
9783407811141
9781447227069
9783519034162
9783765515521
9781133593522
9781421506128
9783401068633
9780857863256
9783570156346
9783839213919
9783862787241
9783868003536
9783442476664
9783442488483
9781482722482
9783442174003
9783950335958
9783854316299
9780330544849
9783837870190
9783868815115
9783760769967
9783990270417
9781782356141
9783843603126
9780099574118
9783423142618
9783596302413
9783833731976
9783717523086
9783863658885
9783619345502
9780552564830
9783942661416
9783423280136
9780552159838
9780099567356
9783866681576
9783842006140
9783863658755
9780712357838
9783843210577
9780545497497
9783908777946
9783993001094
9783451612152
9783866481701
9780425264270
9783954080311
9783625137719
9781482589832
9783770014552
9780099571469
9780755392124
9780545418027
9783125442146
9783784433219
9780062072061
9783850028509
9783401502212
9783406646966
9783943143478
9783649612056
9780755388240
9788495986894
9783955217655
9783944153018
9783630874197
9783570224267
9783941935068
9781846685774
9783404207428
9783862652211
9780192734785
9780857071972
9781848663619
9783954621941
9783473362981
9783442173730
9783842512788
9780142426043
9781845434991
9782701164519
9783920207773
9783037934326
9782012036512
9783161525568
9783990130216
9783868020885
9781616552213
9783407859822
9783849300395
9783809429685
9783894495794
9783939103479
9783869171968
9783426657195
9783770480074
9783800057177
9783480231034
9781442435926
9783802590832
9781533146113
9782091931722
9781408072660
9781406338874
9783829707213
9783455381283
9782702439036
9783864950391
9783401503417
9783442746231
9783849006020
9783835411050
9781781851425
9781451685206
9782226248558
9783527507542
9780062190437
9783406653155
9783803132536
9780099579069
9780007500932
9783765517839
9783123132766
9780515153231
9783577003247
9782894488096
9783650259691
9783427051053
9781406327441
9783455404326
9782070648597
9783701178407
9783707415827
9783955100025
9781620657225
9781597074513
9783842006836
9780007514946
9781474614542
9781444752427
9783871018619
9783658043889
9783939435839
9783455404319
9783258600765
9783944251073
9783788617516
9783943199123
9783837115406
9781408831373
9783837123333
9783423214766
9783451071638
9781406345049
9783451612220
9783943787092
9783423214674
9781423172451
9783760789071
9780763659424
9781406372892
9783150194317
9781482522754
9781118609484
9783789143397
9783800057344
9783939279068
9783861962731
9783902534729
9783842512702
9783577003230
9780099579038
9783572081172
9783898891738
9781908968500
9783869306254
9783473446162
9783126069359
9788804632535
9783830333081
9781420121681
9783453267114
9783939877172
9783886279135
9783828031432
9783579071459
9783211008379
9783789185328
9783898416863
9783462045604
9783625137665
9780989868846
9780857891075
9783129490990
9781137264251
9783770700486
9783770437276
9780345526526
9783941320840
9783937501826
9783800057160
9780330517942
9783746237183
9780753725283
9783944296340
9783442478378
9783795428303
9783830198505
9783902498847
9783492302906
9783440136492
9783955420376
9780071812900
9780575129528
9783906185040
9781408188477
9783730700556
9780425248454
9781908973788
9781472904362
9780552565592
9783791371337
9782070451517
9783871641824
9789491882005
9781851689699
9786055943660
9783955138561
9783881907521
9781781166925
9781780336466
9783453315259
9783835411104
9783446241428
9781482757071
9780007494224
9783732255238
9783842011946
9783849901363
9781406360639
9783596190423
9783551250421
9783596189465
9783426508596
9780307931894
9783423214339
9783551653123
9783864050459
9783425145211
9781442466531
9783505131257
9783257242423
9783839891506
9781474922258
9783426513668
9783462045482
9783423625494
9783426784884
9783453435247
9781409121343
9783499256295
9783924077006
9783492264747
9783127337563
9783625137863
9783401027753
9783127337556
9783625139225
9783789166280
9783866681750
9781741792744
9783442478897
9783499258220
9783864291555
9783868589719
9783453630123
9783492303590
9783861508861
9783548611761
9783423214285
9782012036574
9783492300438
9783499266874
9783596188369
9783746629377
9783842009028
9783499257476
9783407628251
9780451419569
9783939868460
9783423249751
9783944296104
9783401505213
9783836957755
9783730600108
9783551768896
9783775155052
9783868833331
9783849439866
9783811233348
9783129491584
9783869364766
9783800646364
9783426785393
9783864971013
9783548374994
9783811233324
9783492300957
9783596811571
9783425748047
9783442742813
9783423058032
9783458358992
9783760789958
9783485012232
9783625139423
9783943919332
9788375150902
9783895337659
9783404207206
9783570156179
9783426510704
9783885423249
9788809786004
9783831024056
9783551312242
9783492300940
9780099558729
9781490508528
9783769159677
9783833834301
9783862312542
9783401504636
9783862015115
9783839214602
9783813506020
9783804213821
9783852862361
9783411722839
9783507876927
9783551766472
9783831022687
9783426276051
9783848003778
9783625138976
9783619242030
9780446572989
9783981532142
9783453534483
9783832162047
9783060401116
9783293206021
9783458359739
9781405913140
9783954511389
9783880879003
9781489549044
9781472526410
9783551517531
9783789133251
9783422022188
9783864581137
9783890294186
9783864581175
9783652002288
9783423214704
9781785782718
9783862444991
9783841421517
9783407256911
9783401415970
9780755397129
9783939103462
9781492342601
9783791529172
9780571303809
9783839214251
9783765462672
9781493621637
9783492302968
9781906694982
9783955100230
9783765507885
9783551761224
9783955750060
9780099584896
9783897777262
9782012039728
9780751549201
9783826812071
9781452116808
9781594631788
9783980989015
9782330021580
9783451711756
9783150190685
9783596191611
9783868710687
9783954970346
9783866903203
9783899204537
9783896502438
9781585959211
9783770479047
9783548611372
9783579065908
9783518464182
9789044821161
9783761626702
9789491567452
9783927734470
9789025441975
9783417265248
9786055794552
9780349139180
9781409366584
9781409127956
9780785164593
9780007492930
9783406648250
9783440130643
9783150191293
9783548374949
9781421559018
9783833226472
9783507875265
9783926137432
9783785724859
9783954973774
9783852189536
9780571275823
9783770177158
9783404167432
9783828831575
9782012039735
9782070453542
9783499630408
9783551763853
9783864930164
9781842235935
9780099550280
9789048307746
9783471350881
9783785747360
9782889214037
9783548285467
9783837118797
9781409549925
9783596180998
9783036959078
9783937715421
9783499266867
9783848910038
9783954970643
9781494204631
9783833902307
9783649604785
9783866479197
9783862652457
9780451414090
9783939578277
9783455403749
9782012033597
9780330323154
9780230759800
9783404207404
9783831024001
9783866479005
9783426638842
9783407820266
9783898833813
9783832797164
9783492703055
9783833731907
9783406490460
9783522503242
9782035847287
9788880296591
9783426226377
9783802586590
9783473363049
9783955420178
9780224095679
9783440139592
9783460234031
9783570402023
9789043028066
9783842935273
9783862652266
9783359026266
9781482646580
9783869132860
9783498034092
9783701716135
9783847905530
9781849902229
9783866686915
9783442379132
9783862787265
9780749470234
9783442741878
9783793422709
9783257242010
9783746629780
9783866123663
9781908973429
9783954620227
9783596855629
9783761627198
9783423715171
9783896029805
9783833730603
9783037630389
9783862015597
9783520845016
9783829725187
9783802591136
9783406655265
9783837508437
9783833836541
9783864581304
9783789142932
9783570308295
9780571231904
9783596854462
9783359023982
9780373777785
9783832162290
9783423715560
9780373777884
9783990106532
9781482665055
9783442746019
9783730810040
9781482502039
9783775148948
9783833942433
9783842512795
9783894494452
9783768853453
9783837120523
9781780742663
9788809791633
9783955291167
9783861700074
9783940345301
9783426653135
9783865287717
9783775154383
9783446241657
9783868201086
9783809025993
9783863657772
9783981601718
9780763664268
9783828957763
9783764504700
9783453268067
9782889215140
9782811611705
9780448462875
9782081294011
9783125600317
9783458175704
9783833832444
9783785748794
9783060628773
9783849005597
9783869364902
9783426638972
9783834289353
9780701188030
9783505132889
9781780671222
9783831315468
9782818702741
9783473364299
9780425258835
9783863510527
9783746629353
9782266210621
9783649613411
9783505130144
9783518423912
9781471126581
9783871346064
9783129272862
9783570156544
9783458359135
9783732608577
9780062038340
9783802588709
9783845101972
9783442156986
9783129260661
9783836708630
9783629141316
9783453268265
9783789123641
9783847905271
9783833838736
9783832797331
9781472313775
9783404168378
9783896674647
9783862787142
9780241976890
9783411706242
9783411722532
9783765088018
9783941837881
9783981577440
9783836708487
9783451309120
9783867662895
9783930953912
9783404168002
9783785576991
9781444756487
9783505132612
9783190033744
9783446241251
9780215109088
9783944124018
9780230769885
9783760798530
9783830333272
9783492300926
9781421506241
9783356015683
9783551553546
9783426639979
9780349009308
9783551754653
9783800319916
9780802122032
9783351035228
9783849900076
9783865917584
9783849005665
9783451064524
9783150109441
9782221138335
9783702226350
9783442479153
9782207132845
9783831022885
9783280055168
9783401061467
9783768853507
9783954621262
9783414823380
9783732240494
9783894498986
9783863366117
9781405268394
9783863510640
9782879531816
9783866742253
9781780871608
9781409550549
9782330017828
9788408055013
9781922079473
9783981453119
9783942281478
9780091941550
9780099557487
9783871150289
9783701716128
9780141345833
9783981299878
9781447268086
9783518467831
9783593398365
9783401068435
9783835313453
9783944107288
9783492302746
9783832161996
9783863652937
9781444732535
9781444000160
9783950296211
9783423141819
9783440130056
9783868824339
9782812604911
9783736500204
9783869136691
9783455094398
9783841421302
9783941837898
9783943206180
9781477800133
9781852249892
9783785575741
9783593399041
9783944027043
9783730700327
9788324027927
9783453437364
9783866689039
9783939212324
9783946105374
9781409325512
9783845803357
9783827011459
9783401068565
9781409129578
9783942291675
9783955420406
9780434022328
9783833834547
9783862788606
9783862312696
9788377783030
9783955610913
9780670921133
9783791512099
9783863680305
9780755399840
9781907411540
9780448467276
9780768431001
9783940609939
9783865064554
9783934342019
9783833731242
9781455511440
9781841613758
9783832197032
9783942277525
9781847399328
9789044528077
9782757841198
9783417286137
9789401601818
9783492404822
9783831905041
9783760795652
9781476749747
9783830311997
9783411056378
9783839840535
9783789142758
9789026134593
9783899508093
9783862652372
9782012041905
9783771645397
9780749012434
9781416595236
9783499259630
9783831326754
9782280284745
9780753828120
9780448462080
9783894160036
9781447208662
9783473364237
9783941977358
9782266231664
9780099554738
9783446243057
9780141348445
9783833309250
9783867138741
9783551271150
9783869140728
9783942921305
9783954470341
9782295004611
9781482363661
9783862070688
9783123107511
9781444738520
9783853512630
9781593083038
9783577199865
9783596855513
9788467722246
9783828926691
9783849005535
9781455527854
9783793422198
9788811682691
9789023479956
9783191611903
9782012041950
9783473524860
9783468210327
9781493527489
9780062217073
9783374030101
9781846688508
9781447230519
9783833828867
9783844510072
9783401068114
9783897983847
9781455505586
9783649614456
9781780388915
9783404167487
9783551183101
9782810403622
9780099539179
9783424630725
9783406651175
9783827010957
9783886750290
9781848544321
9783596855896
9783451306815
9783442380756
9783570401958
9783839214770
9783942656672
9781250027320
9783899937930
9783127326260
9780751552591
9783833901669
9780749010287
9783841062031
9783880952362
9783360018519
9783763026371
9783122706715
9789056724542
9783764530570
9780751550917
9788415411949
9789462020481
9780425264492
9781904994749
9783293004559
9783764531201
9783780230126
9783770479399
9783423142045
9781408843734
9783863651992
9780448467283
9781250029195
9781406338867
9783828943575
9782070450411
9783789165870
9782012310162
9783899678727
9780449817810
9781629143347
9783844270761
9783863659141
9781409566366
9783764531010
9781492756156
9783895682469
9783036956251
9781482542059
9783937795256
9781444765885
9783761625507
9780755396900
9783468348860
9783505133503
9783896885104
9788471203588
9783833192821
9781780388908
9781471129124
9783862070374
9783941480933
9783954511914
9781593082284
9781471125584
9783869521558
9783551312747
9783141498172
9783480400867
9783406626791
9783869172422
9783401704791
9783944107301
9781846144790
9786054228935
9783846407646
9783981401523
9780007335756
9780140623239
9781455547777
9783863650254
9783765515552
9780099582625
9783473363025
9780199665181
9783724519317
9783466309955
9783200034006
9782811211066
9783862642304
9783869172118
9782021079708
9783831022472
9788863121636
9780062110725
9783423715393
9783406645266
9780749958756
9782253166214
9783955600082
9789022999813
9783829770231
9783746237619
9783658020743
9783746239583
9781780550954
9783862071180
9781780339917
9783492303200
9782067186187
9783897983854
9781481808675
9780194010931
9781848314115
9783257068542
9783540408574
9782070452958
9788374702881
9781444760279
9783864890383
9781849181686
9783127335613
9783423253444
9781843441847
9783861910466
9789021447711
9783825238759
9783862785056
9783981524802
9789025902834
9783867522892
9783863570552
9783649613176
9783788636746
9783770479344
9780761174882
9783867138840
9783551785770
9780670922246
9781409151289
9783939685487
9783129491492
9782756025483
9783813505412
9783862787531
9783425048116
9783411072842
9783522303279
9783499615306
9781620335772
9781847563477
9783789396366
9783942094351
9783499258305
9783849005825
9783426198957
9781402283277
9781493514700
9783401704852
9780714126876
9789028260900
9783852186573
9781742453767
9783867422505
9783732280094
9783785578001
9780062020697
9783760788951
9789460160448
9781873576816
9783453534162
9782884525107
9783810002198
9783123132957
9789533132167
9783642361623
9780451416773
9781409565185
9781599908588
9782283026052
9780571308941
9783425048031
9781472316936
9789025753184
9783427205821
9783404168958
9783902903389
9783861604167
9783518423585
9781848452770
9788489756168
9781405266901
9783425131122
9781472101150
9783440135938
9783804555044
9783193079183
9783897360228
9783944635002
9780393239751
9783862451630
9788324023745
9783864820151
9780857899514
9783981170887
9780062091109
9780141346700
9783848510252
9783867523257
9783625136521
9780531251553
9783037344248
9789460681608
9783451065033
9783453357570
9783862652662
9783440130254
9783833730856
9782070453207
9780763664237
9780552163453
9783648046524
9782501084840
9783442746224
9782842714819
9783833731488
9782221136416
9783127005929
9783766188137
9783570224328
9781408278451
9781408812723
9783900254926
9783880952300
9783897704329
9781405257633
9780751548471
9783791519449
9781406344936
9783453314245
9782012815155
9783809431077
9781780871202
9783898129619
9783849006280
9783732245154
9780425261118
9781780226156
9783453526716
9783839812556
9783868007435
9782035928184
9780804138178
9781607743620
9781455577422
9780007414505
9783442746002
9783645601931
9783746237923
9783499266799
9783442479214
9780718178123
9783944362038
9783868042856
9782266245760
9780007447763
9780007302321
9781481803861
9783871344619
9783844511185
9783551520401
9782501084512
9781621939986
9781445607047
9780316232937
9783760790312
9783732264735
9783596810499
9783404207190
9782081290983
9781844089291
9781471131165
9781250005977
9780857892027
9780857550705
9780751544336
9780749959579
9780552169912
9780373777761
9780345543073
9783950358919
9783898629379
9783828927179
9783492303163
9783406643002
9782290075296
9782258097063
9782021097795
9781851689750
9781849838115
9781849836487
9781848315938
9781847443366
9781847086525
9781780877471
9781611855845
9781593082079
9781494301668
9781492355540
9781490470658
9781476741239
9781472100399
9781455520657
9781444777567
9781423148043
9781409135173
9781408849743
9781408815151
9781405911405
9781250041104
9780778315605
9780701186937
9780674072237
9780593063194
9780575096202
9780552161954
9780425251157
9780399157882
9780062247872
9780062082039
9780007467105
9783863654719
9789896721824
9781407250373
9783423145084
9788499984377
9783869141053
9780714871349
9783442717323
9781624900266
9780099586678
9789963521456
9789400503427
9789085490159
9789085424918
9789082013009
9789076541198
9789058851116
9789048818891
9789045206417
9789045201504
9789045014784
9789044340938
9789044340952
9789041424389
9780008132910
9780062379191
9789041414151
9789038803425
9789038898346
9789029587808
9789029564878
9789029087599
9789025441234
9789023485612
9789023479840
9789023477457
9789022565094
9789022329283
9789021808284
9789021552699
9789021470368
9788854156302
9788854154759
9788817068505
9788807030642
9788807019425
9788804492535
9788575429006
9788503011495
9788492916474
9788492833962
9788432214806
9788425351488
9788415605645
9788378351825
9788376599724
9783944330372
9783943140279
9781423183457
9783899748840
9783863658816
9783849530044
9783656354956
9783608957549
9783534258482
9783426226261
9783423625432
9782894645635
9782894209301
9782848685182
9782845635746
9782714453174
9782842714840
9782368120118
9782330026493
9782330018818
9782330018641
9782330015145
9782290071922
9782290064993
9782280279987
9782280279321
9782253177982
9782253173649
9782253169581
9782226249753
9782218966705
9782211214629
9782092549117
9782081290228
9781936470327
9781908800558
9781908617118
9781860248658
9781849831437
9781848956490
9781848953192
9781848315167
9781847444615
9781846972430
9781846688270
9781846573743
9781845025472
9781843549321
9781843489238
9781783612666
9781782393207
9781782590576
9781782430674
9781782300007
9781782061618
9781782060147
9781781975800
9781781713402
9781781250990
9781781250327
9781780891880
9781780892252
9781780890746
9781780875002
9781780621098
9783789167065
9782889211913
9783906082196
9782280306720
9783637015661
9783442219414
9783429037062
9783426513705
9783596191963
9783785576830
9783746629902
9783737367059
9783492302715
9782253169789
9783442378890
9783123524028
9783802592669
9783791519364
9783867421430
9783939239215
9783785576885
9783423142403
9783841901910
9783898453844
9783842703643
9783498025267
9781470919832
9783772440519
9783766618351
9783648038482
9780241964422
9783866478909
9783841501301
9783761626764
9783446241213
9783577199650
9783788815370
9783423625593
9780062299031
9783841500519
9783499267543
9783839214039
9781491098387
9781781166789
9783577200530
9783577200219
9783312005734
9783943739381
9783784352428
9783896805898
9783848510948
9783944343648
9783851976946
9783944107738
9783401702315
9780545377652
9783760795492
9781442488694
9783842006843
9780723273035
9783941186491
9783899057904
9783809431503
9780718194697
9781852330088
9781454707929
9783765520150
9783845800325
9783981548006
9780723273011
9783867022156
9781908925442
9783442380237
9783942223218
9780957602021
9783939467212
9780754826323
9783414824790
9783849025038
9783760784564
9780593072523
9781492790259
9783431038798
9783772473531
9780857200327
9783864039058
9783857877650
9781848991071
9781848358911
9781591846819
9781471359231
9781447256045
9781443421263
9781409133803
9780755397990
9781482399950
9783661320052
9783037934418
9783142714134
9781452119021
9783845101323
9789063693107
9783838834801
9783401703695
9781118575529
9790012203148
9783920524245
9780241977484
9791022600804
9789187311277
9783931843175
9783831325641
9782915732719
9782889183166
9782824604466
9782812912214
9782754067706
9782747052276
9782702440902
9782330036928
9782290083819
9782226254269
9782092548226
9782012044739
9781927575567
9781843914846
9781781682685
9780976157304
9780425269534
9780062089601
9783957480712
9783453436589
9789759964160
9789583041532
9788375086249
9783944958026
9783941263611
9783867666749
9783864684050
9783858813909
9783817494040
9783732603879
9781455550678
9783772469381
9783732601646
9783703516146
9783639411881
9783211837009
9783415048973
9782853137126
9782843193156
9782818310847
9782811209995
9782810402250
9782809908039
9782809649796
9782757813737
9782368770283
9782367461052
9782360351626
9782351181652
9782266237291
9782266183581
9782226249944
9782263061745
9782218973772
9782215116004
9782081299573
9782081285170
9782012200784
9782012024236
9781937454883
9781909534124
9781908195838
9781907140792
9781849934329
9783866687172
9781848778689
9781846014383
9781849534833
9781844883110
9781783032877
9781782792291
9781782490500
9781782444138
9781781122273
9781780051628
9781742205649
9781611736397
9781599637280
9781490562407
9781472323019
9781481787154
9783462046922
9781409155973
9781472319890
9781471802898
9781471354830
9781471323249
9781445119267
9781444743463
9781443111287
9781433354496
9781410463944
9781408837092
9781406265408
9781405266468
9781401939885
9781295073573
9780857896254
9780857512734
9782889212453
9780857213129
9780753541937
9780755397709
9780723271598
9780575123199
9780615777825
9780571287727
9780545222297
9780273785231
9780263910261
9780199986163
9783837124866
9783551221209
9783257242508
9783492257626
9783442381319
9783841502469
9783785748237
9783458200062
9783866162525
9783867542166
9783507856325
9781930885622
9781851689552
9781851689545
9781421510873
9783862784981
9783863654795
9783896413284
9783802591082
9782203068735
9781476782317
9783833834585
9783551520531
9782218966668
9780751551419
9780241146385
9781842236055
9780007518418
9783826692260
9783854394983
9783955680046
9783411720330
9783899537611
9783926444516
9781594745935
9781620297353
9783440136447
9780755398256
9780373777242
9783939256113
9783862312429
9781408833568
9783955206017
9783468123474
9780723271246
9783867731836
9780062325136
9783935029599
9780857864208
9782012043404
9783902711250
9781849687669
9780525953487
9783943597608
9783625160533
9782266230872
9781846147517
9781611098273
9781472209955
9781472109453
9781471343957
9783527710003
9780399167492
9780802121608
9780615927794
9783629111517
9781592408658
9780983122722
9782733830772
9781471306266
9781444913545
9781406261820
9780812983456
9780763663506
9780593069974
9780571303052
9780520276192
9780349139043
9780007468539
9783529053542
9783897777538
9783746237602
9783451325830
9783848705672
9783827195647
9781405266918
9791092700015
9783744847513
9781784631024
9781979772303
9783887695668
9780692292020
9783442220632
9782226316516
9780544582378
9781785573248
9783411748921
9780545686440
9783849017408
9783957332448
9783849019525
9783846426487
9789044526455
9789022960196
9788855614870
9783955702649
9783942829564
9783894354794
9783868952971
9783765517716
9782874491658
9782853949163
9782848656465
9782842637675
9782816004113
9782742432226
9782732459134
9782731636147
9782709638012
9781909767782
9782702714263
9782603019849
9782357920309
9782302027657
9782280280938
9782266239547
9782266226271
9782266221047
9782228909976
9782100593040
9782091885315
9782091226293
9782081295759
9782070451685
9782070450992
9782070450626
9781909624122
9782012457478
9781908643391
9781908216915
9781907263699
9781906994440
9781864718447
9781852330125
9781848777965
9781847624512
9781847624475
9781847163530
9781843410638
9781782951230
9781782390831
9781782161783
9781782061342
9781781167168
9781742574547
9781743218488
9781615705047
9781620876954
9781600583551
9781598427578
9781484804124
9781472106995
9781452577814
9781445823546
9781423149859
9781434248244
9781409557944
9798610247632
9781409392064
9781313512916
9781407136561
9781313254472
9780957377509
9780761366362
9780753191866
9780753726068
9780749014056
9780415860680
9780415574037
9780412153600
9780310734024
9780199669875
9780091941543
9780071802475
9781782501220
9780007512744
9783473434039
9783864930195
9782092558478
9780736433143
9781784295646
9783458359289
9780349004938
9780141981031
9783869741987
9783570501801
9781502651440
9783849019877
9783861965817
9783942409339
9783981557022
9783426520604
9783772474415
9783518296929
9783954310111
9780008216986
9782092570876
9783829733601
9798613634125
9782266241052
9782012047785
9781407142531
9783458359234
9783839840320
9783492302586
9782733851494
9782330078584
9780571313693
9781503025134
9783473446247
9783649624080
9783453409682
9783456853000
9783849300500
9782280328715
9782266255295
9781481429375
9781503946026
9783895910128
9780425278079
9783060213009
9780552172080
9798613374687
9783737332323
9782505069935
9782016255681
9783834219466
9783838050386
9781518823305
9783570585412
9783423260930
9783832037857
9782848864341
9783746629391
9782955907405
9783849022884
9783849022808
9783842057661
9780545947701
9782851208484
9783936373936
9783942661454
9783453676442
9782021028133
9782749927398
9780552779531
9780545747752
9781847561411
9783833227196
9781780285443
9781628870244
9781623650377
9781493759385
9781490318875
9781471363276
9781471362446
9781471359774
9781471336805
9781471336164
9781471330889
9781471328305
9781471128790
9781471113161
9781455576760
9781447221708
9781447241409
9781446273661
9781444816631
9781444815221
9781444786347
9781444720860
9781444767650
9781444712292
9781408835906
9781405916448
9781402264580
9781405266840
9780989768412
9780881665772
9780762446018
9780753190678
9780750537001
9780750280426
9780749959524
9780606352345
9780425255957
9780263910513
9780263898453
9780263898330
9780263237092
9780263232134
9780263232103
9780224091763
9780141349725
9780062094971
9780007532377
9780007457953
9783709305171
9783817493395
9783849006198
9782081232372
9783852189345
9783898629270
9783760787787
9783769008241
9783732280070
9789401800013
9783939337959
9783862798605
9783812518857
9783808597194
9783498064235
9782816132540
9782081309524
9782070651382
9780143128250
9780414029156
9780545564014
9780751553956
9781474928854
9791090871793
9783551315779
9789881595539
9791022400053
9789814508650
9789723716658
9789491297410
9789490966072
9789490913380
9789462444973
9789461981035
9789461958563
9789461881694
9789461642431
9789460681677
9789460041471
9789401601771
9789401408844
9789401408257
9789401405621
9789400503106
9789400503557
9789400502963
9789400502789
9789400502468
9789380619569
9789351221074
9789280115673
9789251078495
9789251074459
9789251067413
9789230011512
9789211206364
9789089900838
9789089651471
9789086961603
9789089414649
9789086060399
9789085424727
9789085424246
9789081091763
9789079399475
9789078454861
9789077179154
9789066116290
9789059728011
9789059406117
9789059051799
9789053005330
9789053003039
9789049802462
9789048816781
9789048716593
9789047705413
9789047518914
9789047203049
9789047006565
9789047005360
9789045202600
9789045201986
9789045116914
9789045116129
9789045115825
9789045115474
9789045025292
9789045024851
9789044819830
9789044818376
9789044816396
9789044526264
9789044526042
9789044520330
9789044338850
9789044340013
9789043029797
9789043026055
9789041422996
9789041420602
9789041420312
9789041033697
9789036805896
9789032513696
9789030368458
9789029721837
9789029588744
9789029567060
9789028425231
9789026195112
9789026134340
9789026133589
9789025864057
9789025852344
9789025851804
9789025752989
9789025441289
9789025432027
9789024558261
9789023483601
9789023479994
9789023479741
9789023474975
9789023474166
9789022566800
9789022563670
9789022559079
9789022535066
9789021672342
9781911600084
9782848865393
9782091930855
9780753545140
9789021554174
9789021437743
9789020532234
9789018036843
9789018034443
9789001816858
9789001807719
9789001807849
9789000325429
9789000325252
9789000320318
9788841885512
9788820054021
9788820053970
9788804625001
9788575429716
9781509833603
9788499740904
9788498728569
9788492879984
9788431329075
9788427204010
9788427039698
9788420675749
9788415750284
9788415695257
9788408107293
9788408072133
9788389401434
9788378815587
9788378560647
9788378550204
9788377852194
9788377782958
9788377399798
9788377479315
9788375085532
9788374147415
9788364378034
9788362948956
9788326504747
9788326504259
9788323890867
9788323890461
9788323889762
9788311125070
9788184003642
9788180699658
9788176505901
9783451377693
9788129123992
9785445302131
9786050058680
9784902625615
9783990075012
9783980379489
9783952420508
9783944269108
9783952365779
9783905825541
9783866788657
9783864038761
9783859901889
9783840008061
9783838050232
9783746235943
9783941144897
9783643124050
9783540072379
9783574192241
9782930627755
9782924186145
9782923830179
9782923830155
9782923694290
9782916806228
9782915220452
9782915220445
9782896981373
9782896954636
9782896903825
9782896866854
9782896480401
9780374536312
9782896480296
9782895911708
9782895854012
9782895851646
9782895795902
9782894645789
9782894645468
9782894363904
9782890747944
9782888921585
